Provider,total_claims,num_inpatient_claims,num_outpatient_claims,total_claim_amount,avg_claim_amount,max_claim_amount,std_claim_amount,unique_patients,unique_physicians,avg_claim_duration,avg_patient_age,avg_num_diagnosis_codes,avg_num_procedure_codes,total_deductible_paid,claims_per_patient,claims_per_physician,inpatient_ratio,PotentialFraud
PRV51001,25,5,20,104640,4185.6,42000,10796.09114448373,24,14,1.44,78.28,3.2,0.12,5340.0,1.0416666666666667,1.7857142857142858,0.2,0
PRV51003,132,62,70,605670,4588.409090909091,57000,7309.79472874617,117,44,3.6742424242424243,69.5530303030303,5.25,0.36363636363636365,66286.0,1.1282051282051282,3.0,0.4696969696969697,1
PRV51004,149,0,149,52170,350.13422818791946,3300,689.9637540197714,138,38,1.429530201342282,71.81208053691275,2.5838926174496644,0.0,310.0,1.0797101449275361,3.9210526315789473,0.0,0
PRV51005,1165,0,1165,280910,241.1244635193133,4080,491.556391867259,495,6,1.088412017167382,70.00085836909871,2.5888412017167384,0.0,3700.0,2.3535353535353534,194.16666666666666,0.0,1
PRV51007,72,3,69,33710,468.19444444444446,10000,1433.7691157058027,58,10,0.9583333333333334,68.79166666666667,2.986111111111111,0.013888888888888888,3264.0,1.2413793103448276,7.2,0.041666666666666664,0
PRV51008,43,2,41,35630,828.6046511627907,21000,3224.7654631552355,36,10,1.5348837209302326,75.04651162790698,3.1627906976744184,0.046511627906976744,2316.0,1.1944444444444444,4.3,0.046511627906976744,0
PRV51011,58,1,57,16630,286.7241379310345,5000,701.0478070917784,53,28,0.5517241379310345,73.86206896551724,2.5344827586206895,0.0,1368.0,1.0943396226415094,2.0714285714285716,0.017241379310344827,0
PRV51012,48,0,48,16890,351.875,3300,707.8936578689371,31,14,3.7083333333333335,74.02083333333333,2.5625,0.0,100.0,1.5483870967741935,3.4285714285714284,0.0,0
PRV51013,46,0,46,14880,323.4782608695652,1800,471.622341339171,44,9,1.4565217391304348,74.0,2.5434782608695654,0.0,230.0,1.0454545454545454,5.111111111111111,0.0,0
PRV51014,30,0,30,10480,349.3333333333333,3300,822.984196996362,25,7,0.4666666666666667,70.63333333333334,3.6666666666666665,0.0,120.0,1.2,4.285714285714286,0.0,0
PRV51015,8,0,8,700,87.5,200,74.01737247816507,7,3,0.375,71.625,3.125,0.0,0.0,1.1428571428571428,2.6666666666666665,0.0,0
PRV51016,6,0,6,170,28.333333333333332,90,37.638632635454044,6,3,0.3333333333333333,70.5,3.5,0.0,0.0,1.0,2.0,0.0,0
PRV51017,515,0,515,142720,277.126213592233,3300,570.1818038894332,420,113,1.3572815533980582,72.14368932038835,2.704854368932039,0.003883495145631068,1050.0,1.2261904761904763,4.557522123893805,0.0,0
PRV51021,257,29,228,348830,1357.3151750972763,57000,4462.486890505436,208,69,2.0,72.58365758754864,3.4280155642023344,0.08560311284046693,31492.0,1.2355769230769231,3.7246376811594204,0.11284046692607004,1
PRV51023,36,9,27,65610,1822.5,13000,3084.6980634832225,35,14,3.6666666666666665,72.75,4.555555555555555,0.1388888888888889,8624.0,1.0285714285714285,2.5714285714285716,0.25,0
PRV51024,39,9,30,64050,1642.3076923076924,13000,3334.4891990563538,38,13,1.641025641025641,68.02564102564102,3.5128205128205128,0.1794871794871795,9702.0,1.0263157894736843,3.0,0.23076923076923078,0
PRV51025,87,13,74,118350,1360.344827586207,17000,3052.031899721988,76,35,2.1724137931034484,73.51724137931035,3.67816091954023,0.13793103448275862,14284.0,1.144736842105263,2.4857142857142858,0.14942528735632185,0
PRV51026,76,0,76,19840,261.05263157894734,3300,668.7831316600191,56,29,1.0921052631578947,69.5657894736842,2.4078947368421053,0.0,340.0,1.3571428571428572,2.6206896551724137,0.0,0
PRV51027,53,0,53,29840,563.0188679245283,3300,1044.0446219937528,44,10,2.1320754716981134,73.0,2.4716981132075473,0.0,0.0,1.2045454545454546,5.3,0.0,0
PRV51029,93,0,93,30660,329.6774193548387,3300,618.3119580109661,79,38,0.6989247311827957,70.91397849462365,2.838709677419355,0.0,160.0,1.1772151898734178,2.4473684210526314,0.0,0
PRV51030,171,82,89,739760,4326.081871345029,57000,6972.1108605702175,145,46,3.198830409356725,71.85380116959064,5.152046783625731,0.3333333333333333,86748.0,1.1793103448275861,3.717391304347826,0.47953216374269003,0
PRV51031,185,28,157,359720,1944.4324324324325,68000,6540.990221125198,157,60,2.0,72.63783783783784,3.362162162162162,0.13513513513513514,30244.0,1.178343949044586,3.0833333333333335,0.15135135135135136,0
PRV51032,23,0,23,5420,235.65217391304347,2900,596.2063865273236,21,10,0.9130434782608695,69.43478260869566,2.347826086956522,0.0,50.0,1.0952380952380953,2.3,0.0,0
PRV51035,30,1,29,32560,1085.3333333333333,29000,5274.670594933628,25,18,2.2666666666666666,73.76666666666667,2.4,0.03333333333333333,1428.0,1.2,1.6666666666666667,0.03333333333333333,0
PRV51036,278,0,278,74880,269.3525179856115,4400,579.1512632739048,131,5,1.0503597122302157,72.65827338129496,2.615107913669065,0.0,1410.0,2.122137404580153,55.6,0.0,0
PRV51037,454,23,431,342230,753.8105726872246,23000,2427.046146481494,206,3,1.5330396475770924,71.89867841409692,2.986784140969163,0.028634361233480177,25524.0,2.203883495145631,151.33333333333334,0.05066079295154185,1
PRV51038,141,30,111,265490,1882.9078014184397,17000,3612.4397254501177,107,44,1.7801418439716312,71.56028368794327,3.3191489361702127,0.10638297872340426,31192.0,1.3177570093457944,3.2045454545454546,0.2127659574468085,0
PRV51040,86,9,77,74470,865.9302325581396,21000,3171.5249172846784,69,15,1.6627906976744187,71.17441860465117,3.453488372093023,0.08139534883720931,8784.0,1.2463768115942029,5.733333333333333,0.10465116279069768,0
PRV51041,34,0,34,7410,217.94117647058823,3200,562.4232171797465,31,9,2.3529411764705883,70.41176470588235,2.5294117647058822,0.0,270.0,1.096774193548387,3.7777777777777777,0.0,0
PRV51042,142,0,142,48050,338.38028169014086,3300,625.7915694564421,128,52,1.232394366197183,72.59859154929578,2.4859154929577465,0.0,310.0,1.109375,2.730769230769231,0.0,0
PRV51043,23,0,23,4480,194.7826086956522,1100,297.6402582315741,20,6,0.0,74.17391304347827,1.9130434782608696,0.0,0.0,1.15,3.8333333333333335,0.0,0
PRV51044,59,0,59,21330,361.52542372881356,3300,633.149798583193,39,1,2.152542372881356,69.15254237288136,2.389830508474576,0.0,130.0,1.5128205128205128,59.0,0.0,0
PRV51045,31,0,31,8390,270.64516129032256,3300,602.7212483609703,29,16,2.2580645161290325,71.3225806451613,2.6451612903225805,0.0,40.0,1.0689655172413792,1.9375,0.0,0
PRV51046,38,8,30,109370,2878.157894736842,38000,7053.672555125875,26,6,1.631578947368421,72.07894736842105,3.473684210526316,0.13157894736842105,8644.0,1.4615384615384615,6.333333333333333,0.21052631578947367,0
PRV51047,11,0,11,2530,230.0,1300,371.80640123591206,11,10,3.090909090909091,70.54545454545455,2.0,0.0,0.0,1.0,1.1,0.0,0
PRV51048,38,4,34,27700,728.9473684210526,7000,1574.7102512949575,33,15,0.6052631578947368,70.28947368421052,2.9473684210526314,0.07894736842105263,4352.0,1.1515151515151516,2.533333333333333,0.10526315789473684,0
PRV51049,71,0,71,21720,305.9154929577465,3300,644.0465321804644,65,35,1.7887323943661972,70.64788732394366,2.5774647887323945,0.0,190.0,1.0923076923076922,2.0285714285714285,0.0,0
PRV51052,46,2,44,30800,669.5652173913044,9000,1588.238656180332,37,17,2.282608695652174,71.56521739130434,3.282608695652174,0.021739130434782608,2346.0,1.2432432432432432,2.7058823529411766,0.043478260869565216,1
PRV51053,1,1,0,8000,8000.0,8000,0.0,1,1,5.0,68.0,9.0,1.0,1068.0,1.0,1.0,1.0,0
PRV51054,57,0,57,15130,265.43859649122805,1900,417.09056131834507,40,3,2.3508771929824563,70.33333333333333,2.491228070175439,0.0,140.0,1.425,19.0,0.0,0
PRV51055,22,2,20,21640,983.6363636363636,16000,3395.7838641391845,22,6,0.5909090909090909,68.72727272727273,3.6363636363636362,0.09090909090909091,2206.0,1.0,3.6666666666666665,0.09090909090909091,0
PRV51056,22,2,20,14700,668.1818181818181,5000,1288.2385033674632,21,5,0.7272727272727273,76.68181818181819,2.8181818181818183,0.09090909090909091,2146.0,1.0476190476190477,4.4,0.09090909090909091,0
PRV51057,5,0,5,6830,1366.0,3300,1273.8838251583227,4,1,0.0,78.0,4.0,0.0,0.0,1.25,5.0,0.0,0
PRV51058,83,5,78,107030,1289.5180722891566,57000,6524.930595577891,75,31,1.3012048192771084,73.43373493975903,3.3012048192771086,0.060240963855421686,5540.0,1.1066666666666667,2.6774193548387095,0.060240963855421686,0
PRV51059,96,25,71,421060,4386.041666666667,57000,10846.377176314554,82,30,2.4791666666666665,74.11458333333333,4.083333333333333,0.25,26940.0,1.170731707317073,3.2,0.2604166666666667,1
PRV51060,42,5,37,43710,1040.7142857142858,14000,2605.1781389932817,42,28,2.3095238095238093,71.47619047619048,3.4047619047619047,0.0,5340.0,1.0,1.5,0.11904761904761904,0
PRV51061,145,1,144,54940,378.8965517241379,6700,846.8914705174736,67,6,2.393103448275862,76.93103448275862,2.5517241379310347,0.013793103448275862,1328.0,2.1641791044776117,24.166666666666668,0.006896551724137931,0
PRV51062,397,3,394,153380,386.3476070528967,25000,1582.0120515942547,166,6,1.5969773299748111,72.77833753148614,2.7455919395465993,0.012594458438287154,3944.0,2.391566265060241,66.16666666666667,0.007556675062972292,0
PRV51063,149,0,149,51110,343.02013422818794,3300,649.1935794860635,115,3,1.610738255033557,69.38255033557047,2.51006711409396,0.0,160.0,1.2956521739130435,49.666666666666664,0.0,0
PRV51064,303,36,267,360320,1189.1749174917493,37000,3480.8675241896503,227,111,1.9504950495049505,72.92739273927393,3.3795379537953796,0.0858085808580858,38948.0,1.3348017621145374,2.72972972972973,0.1188118811881188,1
PRV51065,28,10,18,76570,2734.6428571428573,11000,3990.1819155994285,26,9,2.9285714285714284,75.28571428571429,4.964285714285714,0.32142857142857145,9722.0,1.0769230769230769,3.111111111111111,0.35714285714285715,0
PRV51066,24,2,22,24790,1032.9166666666667,15000,3108.2911272730003,21,7,1.0833333333333333,68.54166666666667,3.2083333333333335,0.08333333333333333,2236.0,1.1428571428571428,3.4285714285714284,0.08333333333333333,0
PRV51067,58,12,46,334520,5767.586206896552,83000,15030.416215635716,49,21,2.310344827586207,68.03448275862068,3.9482758620689653,0.22413793103448276,13096.0,1.183673469387755,2.761904761904762,0.20689655172413793,1
PRV51068,261,9,252,143260,548.8888888888889,19000,1833.7386964443992,214,79,1.3754789272030652,70.6896551724138,2.89272030651341,0.011494252873563218,8984.0,1.219626168224299,3.3037974683544302,0.034482758620689655,0
PRV51070,99,10,89,125410,1266.7676767676767,22000,3525.2155320655197,69,46,1.9090909090909092,69.93939393939394,3.01010101010101,0.06060606060606061,10980.0,1.434782608695652,2.152173913043478,0.10101010101010101,0
PRV51071,24,0,24,8550,356.25,3200,728.391990142909,24,11,2.0833333333333335,68.41666666666667,2.625,0.0,50.0,1.0,2.1818181818181817,0.0,0
PRV51072,212,12,200,119170,562.122641509434,14000,1647.668962074742,160,47,1.5377358490566038,72.28301886792453,3.150943396226415,0.02830188679245283,12178.0,1.325,4.51063829787234,0.05660377358490566,0
PRV51074,39,5,34,41170,1055.6410256410256,15000,2662.095331117354,39,14,1.8974358974358974,72.8974358974359,3.6923076923076925,0.02564102564102564,5420.0,1.0,2.7857142857142856,0.1282051282051282,0
PRV51075,17,0,17,8550,502.94117647058823,3000,765.4881180159032,13,4,1.1764705882352942,76.58823529411765,2.3529411764705883,0.0,70.0,1.3076923076923077,4.25,0.0,0
PRV51076,29,0,29,10230,352.7586206896552,3300,853.5467873682151,27,8,1.1724137931034482,75.72413793103448,2.5172413793103448,0.0,50.0,1.0740740740740742,3.625,0.0,0
PRV51077,33,16,17,204350,6192.424242424242,56000,11146.270685273796,30,11,4.181818181818182,70.36363636363636,5.0606060606060606,0.24242424242424243,16220.0,1.1,3.0,0.48484848484848486,1
PRV51078,23,9,14,78270,3403.0434782608695,16000,5039.106553910135,23,13,2.652173913043478,70.6086956521739,4.913043478260869,0.34782608695652173,8644.0,1.0,1.7692307692307692,0.391304347826087,0
PRV51081,200,6,194,124080,620.4,48000,3552.83973617651,131,3,1.62,72.27,3.04,0.045,7168.0,1.5267175572519085,66.66666666666667,0.03,0
PRV51082,34,0,34,5470,160.88235294117646,1000,237.41496272903532,31,9,1.1764705882352942,72.67647058823529,2.588235294117647,0.0,70.0,1.096774193548387,3.7777777777777777,0.0,0
PRV51083,90,0,90,18100,201.11111111111111,3300,512.3210993741329,81,18,1.3777777777777778,74.8,2.577777777777778,0.0,140.0,1.1111111111111112,5.0,0.0,0
PRV51084,110,20,90,215580,1959.8181818181818,45000,5957.252765923029,85,32,1.6727272727272726,72.42727272727272,3.3363636363636364,0.12727272727272726,21890.0,1.2941176470588236,3.4375,0.18181818181818182,1
PRV51086,139,31,108,446170,3209.856115107914,57000,8080.497185307093,115,24,2.7985611510791366,74.6978417266187,4.2086330935251794,0.17266187050359713,33168.0,1.208695652173913,5.791666666666667,0.22302158273381295,0
PRV51089,228,18,210,230900,1012.719298245614,41000,3851.611890980826,197,72,1.6929824561403508,71.03947368421052,3.1140350877192984,0.07456140350877193,18696.0,1.1573604060913705,3.1666666666666665,0.07894736842105263,0
PRV51090,7,0,7,5830,832.8571428571429,3300,1303.798479900355,7,3,5.714285714285714,71.71428571428571,2.4285714285714284,0.0,60.0,1.0,2.3333333333333335,0.0,0
PRV51091,44,0,44,9270,210.6818181818182,2100,451.69138325658287,44,19,0.9318181818181818,69.04545454545455,3.090909090909091,0.0,80.0,1.0,2.3157894736842106,0.0,0
PRV51093,9,2,7,13710,1523.3333333333333,11000,3616.559138186461,9,6,1.4444444444444444,75.55555555555556,4.0,0.2222222222222222,2136.0,1.0,1.5,0.2222222222222222,0
PRV51096,5,0,5,3200,640.0,2100,826.4381404557754,5,3,4.0,85.2,1.6,0.0,100.0,1.0,1.6666666666666667,0.0,0
PRV51097,125,0,125,44420,355.36,3500,751.1727862740433,71,1,1.744,70.816,2.584,0.0,230.0,1.7605633802816902,125.0,0.0,0
PRV51098,4,0,4,300,75.0,200,85.04900548115383,4,2,0.0,81.75,3.25,0.0,0.0,1.0,2.0,0.0,0
PRV51100,5,5,0,78000,15600.0,33000,11436.782764396638,5,3,6.0,70.6,8.6,0.8,5340.0,1.0,1.6666666666666667,1.0,0
PRV51101,3,3,0,16600,5533.333333333333,13000,6576.726642740547,3,1,3.3333333333333335,57.0,7.333333333333333,0.3333333333333333,3204.0,1.0,3.0,1.0,0
PRV51102,12,12,0,148000,12333.333333333334,47000,12017.663767315278,11,3,4.0,79.83333333333333,8.333333333333334,0.9166666666666666,12816.0,1.0909090909090908,4.0,1.0,0
PRV51103,6,0,6,440,73.33333333333333,200,71.46094504459528,4,2,0.0,76.66666666666667,1.3333333333333333,0.0,60.0,1.5,3.0,0.0,1
PRV51104,12,0,12,1900,158.33333333333334,700,202.83595401807898,9,2,1.1666666666666667,78.91666666666667,2.3333333333333335,0.0,110.0,1.3333333333333333,6.0,0.0,0
PRV51105,12,0,12,6540,545.0,1800,767.4455858708989,12,2,3.3333333333333335,76.08333333333333,2.3333333333333335,0.0,0.0,1.0,6.0,0.0,0
PRV51108,19,19,0,156000,8210.526315789473,22000,5633.027086038801,19,6,5.2631578947368425,71.89473684210526,7.578947368421052,0.3157894736842105,19224.0,1.0,3.1666666666666665,1.0,0
PRV51109,3,3,0,18000,6000.0,8000,2645.7513110645905,3,1,6.333333333333333,56.0,8.666666666666666,1.3333333333333333,3204.0,1.0,3.0,1.0,0
PRV51110,5,5,0,27000,5400.0,9000,2509.980079602227,5,3,10.2,67.6,9.4,0.8,5340.0,1.0,1.6666666666666667,1.0,0
PRV51111,132,0,132,54860,415.6060606060606,7010,886.0584799473751,85,4,2.462121212121212,72.70454545454545,2.840909090909091,0.0,200.0,1.5529411764705883,33.0,0.0,0
PRV51112,304,0,304,105250,346.2171052631579,4100,655.4920296194023,195,7,1.8453947368421053,71.28289473684211,2.651315789473684,0.0,810.0,1.558974358974359,43.42857142857143,0.0,0
PRV51113,132,0,132,46390,351.43939393939394,3300,712.566731923337,78,2,1.5454545454545454,71.32575757575758,2.75,0.007575757575757576,550.0,1.6923076923076923,66.0,0.0,0
PRV51114,262,0,262,76720,292.82442748091603,8200,708.7145287296077,160,5,1.1984732824427482,70.32442748091603,2.4732824427480917,0.0,560.0,1.6375,52.4,0.0,0
PRV51115,7,0,7,980,140.0,600,203.9607805437114,6,3,0.0,72.57142857142857,1.8571428571428572,0.0,20.0,1.1666666666666667,2.3333333333333335,0.0,0
PRV51117,12,0,12,1950,162.5,1400,390.8527972151524,10,4,1.75,68.41666666666667,2.3333333333333335,0.0,0.0,1.2,3.0,0.0,0
PRV51118,16,16,0,136000,8500.0,22000,5738.757124441959,16,4,4.25,67.1875,7.8125,0.875,14952.0,1.0,4.0,1.0,0
PRV51119,95,94,1,1080580,11374.526315789473,118000,16356.874653901614,81,8,6.042105263157895,74.86315789473684,8.031578947368422,0.7894736842105263,96985.0,1.1728395061728396,11.875,0.9894736842105263,1
PRV51120,7,7,0,52000,7428.571428571428,15000,4649.628761422531,7,1,4.142857142857143,60.857142857142854,9.142857142857142,0.7142857142857143,7476.0,1.0,7.0,1.0,0
PRV51121,7,6,1,81080,11582.857142857143,45000,15810.69439154578,7,3,5.571428571428571,66.42857142857143,6.714285714285714,0.7142857142857143,6408.0,1.0,2.3333333333333335,0.8571428571428571,0
PRV51122,7,0,7,1120,160.0,500,200.91457554559517,7,7,0.0,66.71428571428571,2.0,0.0,0.0,1.0,1.0,0.0,0
PRV51123,31,2,29,26910,868.0645161290323,5000,1317.6934882711753,28,21,2.4838709677419355,69.0,3.5161290322580645,0.03225806451612903,2176.0,1.1071428571428572,1.4761904761904763,0.06451612903225806,0
PRV51125,48,12,36,131310,2735.625,30000,5492.628292403432,32,36,2.4791666666666665,70.5,3.7916666666666665,0.20833333333333334,13096.0,1.5,1.3333333333333333,0.25,0
PRV51126,20,20,0,177000,8850.0,25000,6200.806399170997,14,2,6.5,69.9,8.05,0.7,21360.0,1.4285714285714286,10.0,1.0,1
PRV51128,50,5,45,102220,2044.4,29000,6147.383103435815,38,19,2.34,68.18,3.9,0.06,5340.0,1.3157894736842106,2.6315789473684212,0.1,0
PRV51129,96,0,96,22920,238.75,2000,364.57401241217923,65,54,1.3541666666666667,73.52083333333333,2.65625,0.0,480.0,1.476923076923077,1.7777777777777777,0.0,0
PRV51130,7,0,7,4970,710.0,3100,1110.8555261599054,7,2,2.857142857142857,61.857142857142854,2.857142857142857,0.0,0.0,1.0,3.5,0.0,0
PRV51131,8,0,8,1160,145.0,800,272.81600288210996,8,4,0.0,74.375,3.875,0.0,70.0,1.0,2.0,0.0,0
PRV51132,8,1,7,5330,666.25,4000,1376.0392176720216,6,5,1.75,73.875,2.375,0.125,1068.0,1.3333333333333333,1.6,0.125,0
PRV51134,15,0,15,7610,507.3333333333333,2900,862.0363488082546,12,3,2.6666666666666665,63.53333333333333,2.0,0.0,80.0,1.25,5.0,0.0,0
PRV51135,5,0,5,300,60.0,90,25.495097567963924,2,1,0.0,67.4,1.8,0.0,0.0,2.5,5.0,0.0,0
PRV51136,1,1,0,20000,20000.0,20000,0.0,1,1,2.0,71.0,9.0,2.0,1068.0,1.0,1.0,1.0,0
PRV51137,55,1,54,16050,291.8181818181818,6000,915.9756807969565,51,23,0.2,71.94545454545455,2.8363636363636364,0.01818181818181818,1348.0,1.0784313725490196,2.391304347826087,0.01818181818181818,0
PRV51138,26,1,25,13430,516.5384615384615,6000,1328.0751253078788,21,7,1.5384615384615385,72.46153846153847,2.8076923076923075,0.038461538461538464,1068.0,1.2380952380952381,3.7142857142857144,0.038461538461538464,0
PRV51139,43,7,36,52580,1222.7906976744187,14000,2617.7647003842944,42,34,2.4651162790697674,74.32558139534883,3.441860465116279,0.023255813953488372,7516.0,1.0238095238095237,1.2647058823529411,0.16279069767441862,0
PRV51140,487,47,440,453130,930.4517453798768,16000,2349.6109040529427,394,5,2.1047227926078027,72.85010266940452,3.1396303901437372,0.0513347022587269,50418.0,1.236040609137056,97.4,0.09650924024640657,0
PRV51141,71,0,71,19490,274.50704225352115,1900,409.52512126815634,37,8,1.732394366197183,74.50704225352112,2.9295774647887325,0.0,170.0,1.9189189189189189,8.875,0.0,0
PRV51142,51,7,44,104570,2050.392156862745,57000,8323.291887416734,38,15,1.9215686274509804,72.84313725490196,3.0588235294117645,0.11764705882352941,7536.0,1.3421052631578947,3.4,0.13725490196078433,0
PRV51143,77,0,77,20450,265.5844155844156,3300,515.6944564230928,68,26,0.987012987012987,72.15584415584415,2.5714285714285716,0.0,350.0,1.1323529411764706,2.9615384615384617,0.0,0
PRV51144,30,4,26,61220,2040.6666666666667,33000,6249.665885322264,29,14,1.8,76.6,3.2,0.1,4492.0,1.0344827586206897,2.142857142857143,0.13333333333333333,0
PRV51145,202,161,41,1606350,7952.227722772277,46000,8839.83473245615,161,37,4.900990099009901,73.04950495049505,6.856435643564357,0.6435643564356436,166748.0,1.2546583850931676,5.45945945945946,0.7970297029702971,1
PRV51146,352,162,190,1680910,4775.3125,57000,8277.428541756724,334,77,3.4232954545454546,74.08238636363636,5.0539772727272725,0.3181818181818182,171670.0,1.0538922155688624,4.571428571428571,0.4602272727272727,1
PRV51147,32,0,32,8860,276.875,3300,691.7319894014519,32,23,2.5,71.59375,2.65625,0.0,210.0,1.0,1.391304347826087,0.0,0
PRV51148,330,34,296,488660,1480.7878787878788,37000,4684.377189223393,263,60,1.8484848484848484,73.5909090909091,3.3727272727272726,0.09393939393939393,36294.0,1.2547528517110267,5.5,0.10303030303030303,1
PRV51149,148,116,32,1120680,7572.1621621621625,57000,8738.849185629124,136,25,4.6891891891891895,71.66891891891892,6.925675675675675,0.5608108108108109,123958.0,1.088235294117647,5.92,0.7837837837837838,1
PRV51151,233,22,211,201300,863.9484978540772,16000,2253.739963909391,225,97,1.6952789699570816,73.49356223175965,3.1502145922746783,0.060085836909871244,23298.0,1.0355555555555556,2.402061855670103,0.0944206008583691,0
PRV51152,83,0,83,25770,310.48192771084337,3300,645.3395846741914,39,3,1.7228915662650603,73.33734939759036,2.6867469879518073,0.0,500.0,2.128205128205128,27.666666666666668,0.0,0
PRV51153,87,4,83,71490,821.7241379310345,34000,3780.9243384717165,83,51,1.4022988505747127,72.58620689655173,2.7471264367816093,0.05747126436781609,4902.0,1.0481927710843373,1.7058823529411764,0.04597701149425287,0
PRV51154,161,0,161,45750,284.16149068322983,8100,796.7085092791241,147,3,1.3229813664596273,74.54658385093168,2.472049689440994,0.0,790.0,1.0952380952380953,53.666666666666664,0.0,0
PRV51155,115,0,115,26330,228.95652173913044,3300,483.3098129420105,110,1,1.0434782608695652,72.92173913043479,2.591304347826087,0.0,160.0,1.0454545454545454,115.0,0.0,0
PRV51156,542,0,542,140640,259.48339483394835,3300,533.4428603946388,425,3,1.367158671586716,73.33763837638377,2.474169741697417,0.0,1720.0,1.275294117647059,180.66666666666666,0.0,0
PRV51159,569,65,504,797790,1402.091388400703,57000,4299.032443396993,506,99,1.7398945518453428,74.0,3.0984182776801408,0.07381370826010544,70450.0,1.1245059288537549,5.747474747474747,0.11423550087873462,1
PRV51160,114,90,24,872020,7649.298245614035,57000,9433.836457117693,110,22,4.87719298245614,73.44736842105263,6.868421052631579,0.5877192982456141,96140.0,1.0363636363636364,5.181818181818182,0.7894736842105263,0
PRV51164,391,41,350,556980,1424.5012787723786,41000,4465.106159977628,334,7,1.659846547314578,73.11253196930946,3.104859335038363,0.06649616368286446,44548.0,1.1706586826347305,55.857142857142854,0.10485933503836317,0
PRV51165,98,26,72,329700,3364.285714285714,57000,8368.731936608088,97,62,2.4489795918367347,75.06122448979592,4.285714285714286,0.2653061224489796,28088.0,1.0103092783505154,1.5806451612903225,0.2653061224489796,0
PRV51166,5,1,4,24870,4974.0,22000,9586.413823740346,5,4,3.2,71.4,3.6,0.2,1068.0,1.0,1.25,0.2,0
PRV51167,190,0,190,51980,273.57894736842104,3300,546.3295820773889,182,22,1.7421052631578948,74.18947368421053,2.7157894736842105,0.0,410.0,1.043956043956044,8.636363636363637,0.0,0
PRV51168,87,9,78,80470,924.9425287356322,25000,3020.761059795954,86,14,0.7701149425287356,73.37931034482759,2.8045977011494254,0.06896551724137931,9782.0,1.0116279069767442,6.214285714285714,0.10344827586206896,0
PRV51169,77,0,77,19380,251.6883116883117,3300,512.5385803126962,74,51,1.4935064935064934,74.68831168831169,2.74025974025974,0.0,50.0,1.0405405405405406,1.5098039215686274,0.0,0
PRV51170,16,8,8,145820,9113.75,57000,16322.149317211055,16,8,3.125,72.8125,5.5,0.5,8544.0,1.0,2.0,0.5,1
PRV51171,59,0,59,13820,234.23728813559322,3300,505.2114729286399,59,38,1.576271186440678,72.88135593220339,2.6440677966101696,0.0,200.0,1.0,1.5526315789473684,0.0,0
PRV51173,22,7,15,96290,4376.818181818182,29000,7733.495104853725,21,12,4.318181818181818,73.04545454545455,4.045454545454546,0.36363636363636365,7676.0,1.0476190476190477,1.8333333333333333,0.3181818181818182,1
PRV51175,41,0,41,9650,235.3658536585366,2100,417.4691459316221,39,21,0.6585365853658537,71.46341463414635,2.5365853658536586,0.0,90.0,1.0512820512820513,1.9523809523809523,0.0,0
PRV51176,445,0,445,145980,328.0449438202247,7500,703.2620247482307,399,128,2.0651685393258425,72.88764044943821,2.5213483146067417,0.0,870.0,1.1152882205513786,3.4765625,0.0,0
PRV51178,65,34,31,431180,6633.538461538462,43000,9616.349104319883,64,19,4.523076923076923,71.01538461538462,5.476923076923077,0.4153846153846154,36602.0,1.015625,3.4210526315789473,0.5230769230769231,1
PRV51179,26,0,26,5000,192.30769230769232,1400,310.19100815217314,26,14,0.8076923076923077,70.26923076923077,3.230769230769231,0.0,0.0,1.0,1.8571428571428572,0.0,0
PRV51180,129,2,127,94240,730.5426356589147,41000,3674.618030761308,86,3,1.6124031007751938,73.86821705426357,2.7364341085271318,0.007751937984496124,2416.0,1.5,43.0,0.015503875968992248,0
PRV51181,10,0,10,2150,215.0,800,275.8522148623143,10,5,2.6,77.4,1.9,0.0,0.0,1.0,2.0,0.0,0
PRV51183,113,41,72,355790,3148.5840707964603,38000,6804.611732816713,105,8,2.504424778761062,73.28318584070796,4.380530973451328,0.21238938053097345,42790.0,1.0761904761904761,14.125,0.36283185840707965,0
PRV51185,8,0,8,1590,198.75,500,191.045058260386,8,5,0.0,72.75,2.0,0.0,0.0,1.0,1.6,0.0,0
PRV51186,2,0,2,100,50.0,50,0.0,2,1,0.0,74.5,4.0,0.0,0.0,1.0,2.0,0.0,0
PRV51189,56,0,56,8740,156.07142857142858,1600,254.49899854368832,51,11,0.6071428571428571,73.05357142857143,2.875,0.0,240.0,1.0980392156862746,5.090909090909091,0.0,0
PRV51190,66,3,63,39310,595.6060606060606,15000,2016.9673570356358,64,23,0.6060606060606061,73.45454545454545,2.5454545454545454,0.030303030303030304,3534.0,1.03125,2.869565217391304,0.045454545454545456,0
PRV51191,32,0,32,10990,343.4375,3000,644.463314479325,30,22,3.15625,71.15625,2.71875,0.0,90.0,1.0666666666666667,1.4545454545454546,0.0,0
PRV51194,9,2,7,18540,2060.0,14000,4661.984555958975,9,5,0.6666666666666666,72.44444444444444,3.6666666666666665,0.1111111111111111,2136.0,1.0,1.8,0.2222222222222222,0
PRV51196,720,0,720,197060,273.69444444444446,4300,600.1747227956727,432,1,1.4027777777777777,74.73194444444445,2.6458333333333335,0.0,1750.0,1.6666666666666667,720.0,0.0,0
PRV51198,6,0,6,360,60.0,100,37.416573867739416,3,2,0.0,78.83333333333333,1.6666666666666667,0.0,30.0,2.0,3.0,0.0,0
PRV51200,19,0,19,4420,232.6315789473684,1600,417.0643716004515,16,4,1.5789473684210527,70.42105263157895,3.0,0.0,0.0,1.1875,4.75,0.0,0
PRV51201,45,0,45,10660,236.88888888888889,3300,550.4412371503024,41,3,0.9777777777777777,73.46666666666667,2.6666666666666665,0.0,50.0,1.0975609756097562,15.0,0.0,0
PRV51202,12,0,12,5010,417.5,3100,890.3331858457158,12,5,3.6666666666666665,70.08333333333333,2.0,0.0,0.0,1.0,2.4,0.0,0
PRV51203,21,0,21,15340,730.4761904761905,9010,1977.689248063194,20,5,1.2380952380952381,66.42857142857143,2.380952380952381,0.0,80.0,1.05,4.2,0.0,0
PRV51204,499,0,499,155180,310.9819639278557,3300,651.8833063176052,398,3,1.6673346693386772,72.84569138276554,2.5871743486973946,0.0,600.0,1.2537688442211055,166.33333333333334,0.0,0
PRV51205,10,0,10,4660,466.0,3300,1030.686933824018,10,6,2.0,74.9,2.9,0.0,70.0,1.0,1.6666666666666667,0.0,0
PRV51206,10,0,10,1560,156.0,400,149.75535605335347,10,6,0.6,74.6,2.1,0.0,0.0,1.0,1.6666666666666667,0.0,0
PRV51207,3,3,0,51000,17000.0,38000,19313.207915827967,3,2,14.0,69.66666666666667,7.666666666666667,1.0,3204.0,1.0,1.5,1.0,0
PRV51209,42,0,42,9910,235.95238095238096,1700,351.26294454967064,38,2,0.8333333333333334,73.66666666666667,2.4761904761904763,0.0,170.0,1.105263157894737,21.0,0.0,0
PRV51210,9,0,9,2890,321.1111111111111,1400,441.03413826041975,9,3,0.0,80.66666666666667,1.8888888888888888,0.0,0.0,1.0,3.0,0.0,0
PRV51211,2,0,2,100,50.0,100,70.71067811865476,2,2,0.0,70.5,2.0,0.0,0.0,1.0,1.0,0.0,0
PRV51212,15,0,15,6260,417.3333333333333,3300,829.2205175142898,15,2,1.9333333333333333,71.66666666666667,3.466666666666667,0.0,70.0,1.0,7.5,0.0,0
PRV51213,2,0,2,50,25.0,30,7.0710678118654755,2,2,0.0,73.5,2.0,0.0,0.0,1.0,1.0,0.0,0
PRV51214,8,0,8,3200,400.0,1600,603.3951560012014,8,3,0.75,70.125,4.125,0.0,0.0,1.0,2.6666666666666665,0.0,0
PRV51215,10,0,10,1610,161.0,500,162.98943387703252,10,1,0.7,80.8,2.3,0.0,0.0,1.0,10.0,0.0,0
PRV51216,71,0,71,15560,219.1549295774648,3300,495.28562171992735,66,2,1.8309859154929577,73.3943661971831,2.4225352112676055,0.0,570.0,1.0757575757575757,35.5,0.0,0
PRV51217,5,0,5,2930,586.0,2100,856.434469180217,5,2,4.0,71.0,2.2,0.0,0.0,1.0,2.5,0.0,0
PRV51218,7,0,7,520,74.28571428571429,200,61.06202935189288,7,1,0.0,63.0,2.2857142857142856,0.0,0.0,1.0,7.0,0.0,0
PRV51219,8,0,8,5330,666.25,3300,1109.4520848470333,8,3,2.5,71.25,2.125,0.0,0.0,1.0,2.6666666666666665,0.0,0
PRV51221,1,0,1,70,70.0,70,0.0,1,1,0.0,80.0,1.0,0.0,0.0,1.0,1.0,0.0,0
PRV51222,5,0,5,860,172.0,400,167.69019053003666,3,2,0.0,75.6,2.2,0.0,0.0,1.6666666666666667,2.5,0.0,0
PRV51224,7,0,7,3130,447.14285714285717,1400,569.5821358889423,7,1,0.0,76.14285714285714,2.142857142857143,0.0,0.0,1.0,7.0,0.0,0
PRV51225,8,0,8,1190,148.75,500,191.64233800046824,8,2,0.0,74.125,2.25,0.0,0.0,1.0,4.0,0.0,0
PRV51226,20,0,20,7430,371.5,2200,599.6865409265251,19,3,1.0,75.7,2.5,0.0,270.0,1.0526315789473684,6.666666666666667,0.0,0
PRV51228,5,0,5,430,86.0,200,73.348483283569,5,2,0.0,69.4,3.6,0.0,70.0,1.0,2.5,0.0,0
PRV51229,47,0,47,12410,264.0425531914894,3000,499.5548434637804,44,2,1.2127659574468086,73.04255319148936,2.25531914893617,0.0,110.0,1.0681818181818181,23.5,0.0,0
PRV51230,30,0,30,12490,416.3333333333333,1800,634.1352152848538,30,2,1.0,70.36666666666666,2.5,0.0,0.0,1.0,15.0,0.0,0
PRV51231,2,2,0,16000,8000.0,8000,0.0,2,1,9.5,69.5,7.5,2.0,2136.0,1.0,2.0,1.0,0
PRV51232,1,1,0,26000,26000.0,26000,0.0,1,1,9.0,90.0,9.0,1.0,1068.0,1.0,1.0,1.0,0
PRV51233,3,3,0,27000,9000.0,17000,7549.83443527075,3,2,4.333333333333333,67.66666666666667,5.666666666666667,0.6666666666666666,3204.0,1.0,1.5,1.0,0
PRV51234,5,5,0,29000,5800.0,13000,5167.204273105525,5,1,8.2,71.2,8.6,1.2,5340.0,1.0,5.0,1.0,0
PRV51235,2,2,0,10000,5000.0,5000,0.0,2,1,2.5,54.5,6.5,0.5,2136.0,1.0,2.0,1.0,0
PRV51236,1,1,0,12000,12000.0,12000,0.0,1,1,1.0,36.0,6.0,0.0,1068.0,1.0,1.0,1.0,0
PRV51237,1,1,0,19000,19000.0,19000,0.0,1,1,1.0,90.0,4.0,1.0,1068.0,1.0,1.0,1.0,0
PRV51238,8,8,0,132000,16500.0,33000,11122.692377040989,8,1,13.625,73.875,8.875,0.625,4272.0,1.0,8.0,1.0,0
PRV51239,1,1,0,5000,5000.0,5000,0.0,1,1,3.0,82.0,9.0,0.0,1068.0,1.0,1.0,1.0,0
PRV51240,60,11,49,94020,1567.0,19000,3577.874238678131,38,24,2.95,70.7,3.55,0.13333333333333333,11788.0,1.5789473684210527,2.5,0.18333333333333332,0
PRV51241,60,10,50,90210,1503.5,22000,3604.796627940827,47,23,1.8166666666666667,73.5,3.316666666666667,0.08333333333333333,9772.0,1.2765957446808511,2.608695652173913,0.16666666666666666,0
PRV51242,111,11,100,117200,1055.855855855856,18000,2864.097658463377,87,43,1.5855855855855856,72.78378378378379,3.027027027027027,0.08108108108108109,11100.0,1.2758620689655173,2.5813953488372094,0.0990990990990991,1
PRV51243,36,0,36,6330,175.83333333333334,2600,462.78273211395555,15,5,0.6666666666666666,78.05555555555556,2.2222222222222223,0.0,270.0,2.4,7.2,0.0,0
PRV51244,1415,200,1215,2153990,1522.2544169611308,57000,4370.298258233555,659,16,1.9201413427561838,71.55689045936396,3.330742049469965,0.10459363957597173,211918.0,2.1471927162367224,88.4375,0.1413427561837456,1
PRV51245,173,4,169,83630,483.4104046242775,9000,1030.5064454321287,58,30,1.5260115606936415,69.83815028901734,2.9190751445086707,0.017341040462427744,3894.0,2.9827586206896552,5.766666666666667,0.023121387283236993,0
PRV51247,34,10,24,76240,2242.3529411764707,18000,4497.119656512498,26,13,2.264705882352941,74.3529411764706,4.735294117647059,0.20588235294117646,9722.0,1.3076923076923077,2.6153846153846154,0.29411764705882354,0
PRV51248,2,1,1,23500,11750.0,23000,15909.90257669732,2,2,3.0,83.5,6.0,0.5,1068.0,1.0,1.0,0.5,0
PRV51249,126,51,75,521330,4137.539682539683,57000,8780.348210544546,101,36,3.5476190476190474,73.38888888888889,4.833333333333333,0.25396825396825395,51474.0,1.2475247524752475,3.5,0.40476190476190477,1
PRV51250,85,0,85,22560,265.4117647058824,2800,546.5422759345827,71,32,1.2352941176470589,70.4235294117647,2.447058823529412,0.0,280.0,1.1971830985915493,2.65625,0.0,0
PRV51251,11,0,11,3590,326.3636363636364,1500,502.12095609071577,10,8,3.8181818181818183,71.0,4.181818181818182,0.0,0.0,1.1,1.375,0.0,0
PRV51252,87,18,69,154930,1780.8045977011495,27000,4513.804979350183,76,35,1.7586206896551724,69.816091954023,3.8505747126436782,0.13793103448275862,18356.0,1.144736842105263,2.4857142857142858,0.20689655172413793,0
PRV51253,85,0,85,21740,255.76470588235293,3300,541.45829648712,76,40,1.0235294117647058,71.62352941176471,2.611764705882353,0.0,300.0,1.118421052631579,2.125,0.0,0
PRV51255,74,2,72,40570,548.2432432432432,7000,1111.2899552680876,62,21,2.2837837837837838,72.93243243243244,2.7432432432432434,0.02702702702702703,2196.0,1.1935483870967742,3.5238095238095237,0.02702702702702703,0
PRV51256,95,0,95,38550,405.7894736842105,14800,1550.3949935607477,80,38,1.7473684210526317,71.7578947368421,2.526315789473684,0.0,0.0,1.1875,2.5,0.0,0
PRV51258,14,8,6,99660,7118.571428571428,28000,8391.309476194685,12,6,4.142857142857143,76.07142857142857,6.642857142857143,0.5,8744.0,1.1666666666666667,2.3333333333333335,0.5714285714285714,0
PRV51259,21,4,17,151960,7236.190476190476,84000,21548.628837165128,19,9,2.142857142857143,76.71428571428571,2.857142857142857,0.23809523809523808,4272.0,1.105263157894737,2.3333333333333335,0.19047619047619047,0
PRV51260,62,3,59,92390,1490.1612903225807,43000,6595.370828619234,55,24,2.629032258064516,68.48387096774194,2.661290322580645,0.03225806451612903,3204.0,1.1272727272727272,2.5833333333333335,0.04838709677419355,0
PRV51261,142,26,116,270170,1902.605633802817,29000,4730.281007588044,123,48,2.6338028169014085,72.1830985915493,3.436619718309859,0.14084507042253522,27120.0,1.1544715447154472,2.9583333333333335,0.18309859154929578,0
PRV51262,60,0,60,16270,271.1666666666667,2200,534.4951416965126,52,19,1.2666666666666666,73.38333333333334,2.5,0.0,40.0,1.1538461538461537,3.1578947368421053,0.0,0
PRV51263,44,18,26,218170,4958.409090909091,57000,9889.952134570798,37,10,4.75,71.79545454545455,5.25,0.25,19294.0,1.1891891891891893,4.4,0.4090909090909091,1
PRV51264,39,0,39,5270,135.12820512820514,1100,230.7068291699252,35,22,0.6153846153846154,73.15384615384616,2.358974358974359,0.0,120.0,1.1142857142857143,1.7727272727272727,0.0,0
PRV51265,160,0,160,45770,286.0625,3300,566.8861175606779,84,5,1.58125,68.75625,3.0125,0.00625,750.0,1.9047619047619047,32.0,0.0,0
PRV51266,92,10,82,102900,1118.4782608695652,33000,4009.049361100708,82,47,1.6630434782608696,74.1195652173913,3.3369565217391304,0.043478260869565216,9762.0,1.1219512195121952,1.9574468085106382,0.10869565217391304,0
PRV51267,14,2,12,12870,919.2857142857143,6000,1703.9928867931808,14,4,0.42857142857142855,76.0,3.7857142857142856,0.14285714285714285,2166.0,1.0,3.5,0.14285714285714285,0
PRV51271,123,2,121,43180,351.0569105691057,13000,1272.7933737038682,90,21,0.8130081300813008,72.73983739837398,2.6991869918699187,0.0,2336.0,1.3666666666666667,5.857142857142857,0.016260162601626018,0
PRV51272,79,2,77,50760,642.5316455696203,18000,2148.263143621408,31,3,2.0253164556962027,73.26582278481013,3.0,0.0,2756.0,2.5483870967741935,26.333333333333332,0.02531645569620253,0
PRV51273,553,0,553,131340,237.50452079566003,6600,529.6621089976009,387,131,1.2513562386980108,72.65641952983725,2.4412296564195297,0.0,1400.0,1.4289405684754521,4.221374045801527,0.0,0
PRV51274,58,10,48,175720,3029.655172413793,59000,9626.409756045532,48,31,1.4827586206896552,74.89655172413794,3.4655172413793105,0.10344827586206896,10740.0,1.2083333333333333,1.8709677419354838,0.1724137931034483,0
PRV51276,67,14,53,133980,1999.7014925373135,20000,4140.79115927074,60,42,1.7164179104477613,68.32835820895522,3.2238805970149254,0.1044776119402985,15272.0,1.1166666666666667,1.5952380952380953,0.208955223880597,0
PRV51277,59,10,49,141190,2393.0508474576272,53000,7425.392420661566,54,27,1.8644067796610169,72.52542372881356,3.389830508474576,0.15254237288135594,10920.0,1.0925925925925926,2.185185185185185,0.1694915254237288,0
PRV51279,224,0,224,59840,267.14285714285717,3300,465.34895257403923,186,21,1.3883928571428572,70.59375,2.40625,0.0,750.0,1.2043010752688172,10.666666666666666,0.0,0
PRV51280,39,0,39,20250,519.2307692307693,5060,974.9828193233501,34,13,1.3333333333333333,75.84615384615384,2.6153846153846154,0.0,0.0,1.1470588235294117,3.0,0.0,0
PRV51281,259,0,259,89470,345.44401544401546,5020,706.1112632153859,200,3,1.393822393822394,71.64478764478764,2.8185328185328187,0.0,690.0,1.295,86.33333333333333,0.0,0
PRV51282,59,8,51,77330,1310.677966101695,24000,3677.3767188632123,51,22,1.8135593220338984,72.22033898305085,3.3559322033898304,0.1016949152542373,8624.0,1.1568627450980393,2.6818181818181817,0.13559322033898305,0
PRV51284,377,17,360,279860,742.3342175066313,51000,3390.2534526356535,223,10,1.7135278514588859,71.3129973474801,2.9151193633952253,0.021220159151193633,18058.0,1.6905829596412556,37.7,0.04509283819628647,0
PRV51285,168,15,153,196120,1167.3809523809523,57000,5056.654149074028,109,33,1.3869047619047619,73.4047619047619,3.1011904761904763,0.041666666666666664,16530.0,1.5412844036697249,5.090909090909091,0.08928571428571429,0
PRV51286,70,15,55,145170,2073.8571428571427,33000,5553.252159276891,62,10,1.8,76.2,3.4857142857142858,0.15714285714285714,16330.0,1.1290322580645162,7.0,0.21428571428571427,0
PRV51287,78,0,78,25700,329.4871794871795,3300,656.5848229312262,46,3,1.6282051282051282,76.94871794871794,2.8846153846153846,0.0,100.0,1.6956521739130435,26.0,0.0,0
PRV51288,8,3,5,37360,4670.0,29000,9989.704700340246,8,5,3.25,74.0,4.625,0.25,3204.0,1.0,1.6,0.375,0
PRV51289,92,0,92,46300,503.2608695652174,3300,899.2904513084859,38,2,3.032608695652174,71.84782608695652,2.2717391304347827,0.0,240.0,2.4210526315789473,46.0,0.0,0
PRV51290,113,0,113,14990,132.65486725663717,1300,209.0198969472723,81,14,0.9469026548672567,74.1858407079646,2.7964601769911503,0.0,260.0,1.3950617283950617,8.071428571428571,0.0,0
PRV51292,22,0,22,3970,180.45454545454547,800,238.69640555729785,16,7,3.5454545454545454,68.27272727272727,1.9545454545454546,0.0,0.0,1.375,3.142857142857143,0.0,0
PRV51293,88,0,88,21200,240.9090909090909,2600,422.29160367818713,64,7,1.4090909090909092,71.01136363636364,2.840909090909091,0.0,20.0,1.375,12.571428571428571,0.0,0
PRV51295,7,0,7,1950,278.57142857142856,1200,440.9999460101468,6,4,2.857142857142857,65.42857142857143,2.2857142857142856,0.0,0.0,1.1666666666666667,1.75,0.0,0
PRV51296,30,3,27,38630,1287.6666666666667,17000,3844.4179715829396,27,7,2.5,75.1,3.433333333333333,0.03333333333333333,3284.0,1.1111111111111112,4.285714285714286,0.1,0
PRV51297,70,5,65,77090,1101.2857142857142,18000,3247.006166858795,46,11,1.1142857142857143,72.84285714285714,3.0,0.07142857142857142,5410.0,1.5217391304347827,6.363636363636363,0.07142857142857142,0
PRV51298,100,0,100,31120,311.2,4060,615.1936214877328,53,2,1.16,71.82,2.96,0.0,550.0,1.8867924528301887,50.0,0.0,0
PRV51299,37,0,37,6230,168.3783783783784,1600,322.1586351259053,27,12,2.189189189189189,67.35135135135135,3.0,0.0,30.0,1.3703703703703705,3.0833333333333335,0.0,0
PRV51300,52,7,45,107540,2068.076923076923,30000,5881.907799899267,32,3,2.2115384615384617,71.1923076923077,3.3076923076923075,0.07692307692307693,7636.0,1.625,17.333333333333332,0.1346153846153846,0
PRV51301,112,6,106,136910,1222.4107142857142,53000,5480.200931006862,63,7,1.25,70.11607142857143,2.919642857142857,0.05357142857142857,6718.0,1.7777777777777777,16.0,0.05357142857142857,0
PRV51302,43,10,33,80710,1876.9767441860465,25000,4566.892000810325,34,9,0.9534883720930233,68.30232558139535,4.023255813953488,0.16279069767441862,10750.0,1.2647058823529411,4.777777777777778,0.23255813953488372,0
PRV51303,93,0,93,36110,388.2795698924731,3000,630.1753097282673,49,4,1.3118279569892473,72.88172043010752,2.6666666666666665,0.0,510.0,1.8979591836734695,23.25,0.0,0
PRV51304,51,2,49,39350,771.5686274509804,25000,3518.6283535201715,39,12,0.7450980392156863,73.88235294117646,2.4313725490196076,0.0196078431372549,2306.0,1.3076923076923077,4.25,0.0392156862745098,0
PRV51305,49,11,38,113400,2314.285714285714,35000,5826.6700038129275,29,2,3.0408163265306123,72.6938775510204,4.0,0.08163265306122448,11748.0,1.6896551724137931,24.5,0.22448979591836735,0
PRV51306,17,0,17,3700,217.64705882352942,1300,388.1450987028676,13,2,3.411764705882353,73.88235294117646,2.3529411764705883,0.0,100.0,1.3076923076923077,8.5,0.0,0
PRV51307,37,0,37,6940,187.56756756756758,2400,424.62666874303574,21,6,1.6216216216216217,74.72972972972973,2.810810810810811,0.0,80.0,1.7619047619047619,6.166666666666667,0.0,0
PRV51308,35,0,35,13790,394.0,2300,652.5885110127838,31,4,1.5714285714285714,68.94285714285714,2.2857142857142856,0.0,130.0,1.1290322580645162,8.75,0.0,0
PRV51309,18,0,18,3790,210.55555555555554,1000,292.54405846605545,17,5,0.05555555555555555,74.27777777777777,3.0555555555555554,0.0,0.0,1.0588235294117647,3.6,0.0,0
PRV51311,21,3,18,16010,762.3809523809524,6000,1586.7101334582342,18,8,3.3333333333333335,73.66666666666667,2.9523809523809526,0.047619047619047616,3204.0,1.1666666666666667,2.625,0.14285714285714285,0
PRV51312,46,4,42,28790,625.8695652173913,7000,1428.1060901876012,29,13,2.1739130434782608,72.1086956521739,2.717391304347826,0.021739130434782608,4272.0,1.5862068965517242,3.5384615384615383,0.08695652173913043,0
PRV51313,19,0,19,4970,261.57894736842104,1400,357.79049049369564,16,6,0.10526315789473684,66.78947368421052,2.5789473684210527,0.0,90.0,1.1875,3.1666666666666665,0.0,0
PRV51314,30,0,30,6460,215.33333333333334,1100,327.8112717480249,20,1,0.8666666666666667,71.23333333333333,2.466666666666667,0.0,0.0,1.5,30.0,0.0,0
PRV51315,47,0,47,7210,153.40425531914894,2600,392.4908007548085,22,3,1.297872340425532,71.59574468085107,2.617021276595745,0.0,340.0,2.1363636363636362,15.666666666666666,0.0,0
PRV51316,3,3,0,21000,7000.0,12000,4358.898943540674,3,1,9.333333333333334,79.0,9.333333333333334,1.0,3204.0,1.0,3.0,1.0,0
PRV51318,3,3,0,13000,4333.333333333333,6000,1527.5252316519468,3,1,3.6666666666666665,79.0,7.333333333333333,0.6666666666666666,3204.0,1.0,3.0,1.0,0
PRV51322,12,0,12,850,70.83333333333333,200,51.954233939520506,11,1,0.08333333333333333,70.0,3.0,0.0,0.0,1.0909090909090908,12.0,0.0,0
PRV51323,76,0,76,20860,274.4736842105263,7500,922.2875831132675,32,1,0.8947368421052632,70.07894736842105,2.1710526315789473,0.0,320.0,2.375,76.0,0.0,0
PRV51324,28,0,28,9330,333.2142857142857,3300,694.7211194878373,25,2,0.9285714285714286,70.60714285714286,2.4642857142857144,0.0,0.0,1.12,14.0,0.0,0
PRV51325,15,0,15,15140,1009.3333333333334,3300,1355.962845396303,5,1,4.466666666666667,69.53333333333333,2.7333333333333334,0.0,0.0,3.0,15.0,0.0,0
PRV51326,44,0,44,14000,318.1818181818182,3300,652.2172299246402,22,2,2.4545454545454546,69.20454545454545,3.3863636363636362,0.0,90.0,2.0,22.0,0.0,0
PRV51327,41,0,41,8990,219.26829268292684,3100,492.5920738496633,27,1,0.5609756097560976,75.14634146341463,2.6341463414634148,0.0,150.0,1.5185185185185186,41.0,0.0,0
PRV51328,7,0,7,550,78.57142857142857,200,84.93695140682713,5,2,0.14285714285714285,70.14285714285714,3.142857142857143,0.0,0.0,1.4,3.5,0.0,0
PRV51329,74,0,74,19360,261.6216216216216,3000,504.5465264317263,28,3,1.5945945945945945,67.52702702702703,2.581081081081081,0.0,240.0,2.642857142857143,24.666666666666668,0.0,0
PRV51330,19,0,19,3810,200.52631578947367,500,166.91560356494625,9,1,1.4210526315789473,77.3157894736842,2.6842105263157894,0.0,20.0,2.111111111111111,19.0,0.0,0
PRV51331,5,0,5,320,64.0,100,40.98780306383839,4,1,0.0,72.4,5.0,0.0,40.0,1.25,5.0,0.0,0
PRV51334,2,2,0,15000,7500.0,10000,3535.5339059327375,2,1,4.5,56.5,9.5,0.5,2136.0,1.0,2.0,1.0,0
PRV51335,142,0,142,46080,324.50704225352115,3300,686.4210579115279,92,16,1.9295774647887325,77.28169014084507,2.591549295774648,0.0,400.0,1.5434782608695652,8.875,0.0,0
PRV51336,69,10,59,129450,1876.0869565217392,28000,5006.080778117074,69,39,2.550724637681159,71.7536231884058,3.652173913043478,0.11594202898550725,10700.0,1.0,1.7692307692307692,0.14492753623188406,0
PRV51337,168,40,128,379100,2256.5476190476193,49000,5597.08200152996,155,71,2.1964285714285716,73.39880952380952,3.738095238095238,0.13095238095238096,41952.0,1.0838709677419356,2.3661971830985915,0.23809523809523808,1
PRV51338,128,7,121,113860,889.53125,18000,2646.062848354314,124,83,1.6875,75.34375,3.2734375,0.03125,7926.0,1.032258064516129,1.5421686746987953,0.0546875,1
PRV51340,151,0,151,43210,286.158940397351,3010,558.2673922379877,141,80,1.7417218543046358,75.3907284768212,2.662251655629139,0.0,10.0,1.070921985815603,1.8875,0.0,0
PRV51341,71,0,71,14530,204.64788732394365,2800,493.6940376558152,70,53,2.408450704225352,73.98591549295774,2.9014084507042255,0.0,70.0,1.0142857142857142,1.3396226415094339,0.0,0
PRV51342,207,28,179,356780,1723.574879227053,57000,5555.122430374804,179,31,1.9758454106280192,74.58937198067633,3.314009661835749,0.12560386473429952,29366.0,1.1564245810055866,6.67741935483871,0.13526570048309178,0
PRV51344,33,2,31,26250,795.4545454545455,10000,2286.9823060491344,33,18,2.1818181818181817,73.78787878787878,2.393939393939394,0.0,2136.0,1.0,1.8333333333333333,0.06060606060606061,0
PRV51345,49,0,49,15120,308.57142857142856,3200,695.4764553886781,47,12,2.4285714285714284,72.16326530612245,2.5918367346938775,0.0,220.0,1.0425531914893618,4.083333333333333,0.0,0
PRV51346,266,5,261,104490,392.81954887218046,15000,1310.7433946275662,246,96,1.3082706766917294,73.69924812030075,2.8345864661654137,0.03007518796992481,5820.0,1.08130081300813,2.7708333333333335,0.018796992481203006,0
PRV51347,2067,0,2067,596900,288.7760038703435,13800,707.2670097517289,947,4,1.2520561199806484,73.3638122883406,2.6434446057087566,0.0004837929366231253,5090.0,2.1826821541710664,516.75,0.0,1
PRV51348,55,19,36,152330,2769.6363636363635,28000,5200.749932973115,54,41,4.218181818181818,75.0,4.7272727272727275,0.21818181818181817,20442.0,1.0185185185185186,1.3414634146341464,0.34545454545454546,0
PRV51349,30,5,25,40480,1349.3333333333333,14000,3163.244660409498,28,23,3.1,76.33333333333333,3.466666666666667,0.06666666666666667,5410.0,1.0714285714285714,1.3043478260869565,0.16666666666666666,0
PRV51350,239,21,218,213380,892.8033472803347,13000,2176.0792953889986,232,127,1.493723849372385,75.35146443514644,3.1548117154811717,0.07531380753138076,23218.0,1.0301724137931034,1.8818897637795275,0.08786610878661087,0
PRV51351,32,0,32,10840,338.75,3300,689.1123322446152,32,16,3.03125,76.03125,3.09375,0.0,0.0,1.0,2.0,0.0,0
PRV51352,4,0,4,5900,1475.0,2600,1004.5728777279758,4,3,6.25,85.0,3.25,0.0,0.0,1.0,1.3333333333333333,0.0,0
PRV51353,18,5,13,51210,2845.0,14000,5090.896430943006,17,12,3.3333333333333335,70.5,3.611111111111111,0.3888888888888889,5390.0,1.0588235294117647,1.5,0.2777777777777778,0
PRV51354,4,1,3,10440,2610.0,10000,4927.24398962882,4,4,9.25,73.75,5.0,0.5,0.0,1.0,1.0,0.25,0
PRV51355,74,15,59,145060,1960.2702702702702,25000,4897.097539309891,69,24,2.175675675675676,74.21621621621621,3.2162162162162162,0.14864864864864866,16250.0,1.0724637681159421,3.0833333333333335,0.20270270270270271,0
PRV51356,95,17,78,187800,1976.842105263158,39000,5184.717367121538,91,36,1.3157894736842106,73.72631578947369,3.2,0.1368421052631579,17258.0,1.043956043956044,2.638888888888889,0.17894736842105263,0
PRV51357,161,13,148,205130,1274.0993788819876,33000,4207.733129615295,149,86,1.763975155279503,72.7888198757764,2.906832298136646,0.08695652173913043,12936.0,1.080536912751678,1.872093023255814,0.08074534161490683,1
PRV51358,17,7,10,61210,3600.5882352941176,16000,5149.498119462997,17,13,1.1764705882352942,79.11764705882354,4.588235294117647,0.35294117647058826,7536.0,1.0,1.3076923076923077,0.4117647058823529,0
PRV51360,29,9,20,94230,3249.310344827586,32000,6831.27677411273,29,21,2.896551724137931,70.75862068965517,3.5172413793103448,0.3448275862068966,9762.0,1.0,1.380952380952381,0.3103448275862069,0
PRV51361,32,0,32,7870,245.9375,2800,580.1382447869785,32,19,0.6875,80.0625,2.78125,0.0,130.0,1.0,1.6842105263157894,0.0,0
PRV51362,44,6,38,151320,3439.090909090909,57000,12007.212525923995,44,22,2.1136363636363638,77.25,3.25,0.09090909090909091,6408.0,1.0,2.0,0.13636363636363635,0
PRV51363,3,0,3,150,50.0,100,43.58898943540674,3,3,0.3333333333333333,78.33333333333333,4.0,0.0,0.0,1.0,1.0,0.0,0
PRV51364,23,6,17,55830,2427.391304347826,18000,4619.559421526241,23,13,1.608695652173913,72.0,4.478260869565218,0.21739130434782608,6508.0,1.0,1.7692307692307692,0.2608695652173913,0
PRV51366,57,0,57,18340,321.7543859649123,4100,700.405807899498,53,11,0.8596491228070176,69.21052631578948,2.2982456140350878,0.0,180.0,1.0754716981132075,5.181818181818182,0.0,0
PRV51368,4,0,4,570,142.5,300,131.24404748406687,4,3,3.25,70.25,3.5,0.0,60.0,1.0,1.3333333333333333,0.0,0
PRV51369,2083,0,2083,601910,288.96303408545367,6060,580.5559626928856,963,2,1.5885741718674988,73.95871339414306,2.6044167066730677,0.0009601536245799327,6280.0,2.1630321910695742,1041.5,0.0,1
PRV51371,46,11,35,93130,2024.5652173913043,13000,3830.86512220687,45,21,2.0217391304347827,74.8913043478261,3.5652173913043477,0.21739130434782608,11798.0,1.0222222222222221,2.1904761904761907,0.2391304347826087,0
PRV51376,51,0,51,19420,380.7843137254902,6000,937.2530995142239,48,23,1.8823529411764706,74.66666666666667,2.823529411764706,0.0,90.0,1.0625,2.217391304347826,0.0,0
PRV51377,95,3,92,123950,1304.7368421052631,57000,7097.698134817365,94,47,1.5789473684210527,73.03157894736842,2.473684210526316,0.031578947368421054,3634.0,1.0106382978723405,2.021276595744681,0.031578947368421054,0
PRV51378,161,108,53,1215370,7548.88198757764,57000,9474.880935517664,133,42,4.484472049689441,73.19875776397515,6.763975155279503,0.5590062111801242,112180.0,1.2105263157894737,3.8333333333333335,0.6708074534161491,1
PRV51379,22,2,20,19340,879.0909090909091,10000,2238.517598537264,22,21,0.22727272727272727,71.63636363636364,2.6363636363636362,0.0,2156.0,1.0,1.0476190476190477,0.09090909090909091,0
PRV51380,8,4,4,51560,6445.0,25000,8871.042779741287,8,8,2.25,75.0,6.0,0.625,4272.0,1.0,1.0,0.5,0
PRV51382,16,0,16,6840,427.5,5300,1303.9043932231637,16,7,2.6875,72.5,3.0625,0.0,90.0,1.0,2.2857142857142856,0.0,0
PRV51383,77,9,68,108490,1408.9610389610389,32000,4316.729568726155,77,29,1.7142857142857142,72.81818181818181,3.3896103896103895,0.03896103896103896,9712.0,1.0,2.6551724137931036,0.11688311688311688,0
PRV51386,382,0,382,99320,260.0,3300,536.9179079663977,274,18,1.450261780104712,74.19109947643979,2.8141361256544504,0.0,1330.0,1.3941605839416058,21.22222222222222,0.0,0
PRV51387,59,13,46,114420,1939.322033898305,21000,3855.154571974577,51,22,1.2881355932203389,73.05084745762711,3.9322033898305087,0.1864406779661017,13904.0,1.1568627450980393,2.6818181818181817,0.22033898305084745,0
PRV51388,86,14,72,191010,2221.046511627907,57000,7084.1664425708195,81,35,2.4186046511627906,69.87209302325581,3.558139534883721,0.10465116279069768,15222.0,1.0617283950617284,2.4571428571428573,0.16279069767441862,0
PRV51389,79,18,61,153470,1942.6582278481012,19000,3824.8531759522075,77,46,2.3037974683544302,72.77215189873418,4.0,0.17721518987341772,19284.0,1.025974025974026,1.7173913043478262,0.22784810126582278,0
PRV51390,275,164,111,1607260,5844.581818181819,57000,8600.30249572167,253,71,4.330909090909091,73.51272727272728,6.036363636363636,0.4618181818181818,173186.0,1.0869565217391304,3.8732394366197185,0.5963636363636363,1
PRV51391,177,13,164,144400,815.819209039548,17300,2422.2945384005807,166,70,1.4519774011299436,73.28248587570621,3.1299435028248586,0.03389830508474576,13086.0,1.0662650602409638,2.5285714285714285,0.07344632768361582,0
PRV51392,17,0,17,1660,97.6470588235294,500,128.5267195841348,15,9,1.7058823529411764,77.3529411764706,2.588235294117647,0.0,50.0,1.1333333333333333,1.8888888888888888,0.0,0
PRV51393,910,68,842,906370,996.010989010989,94000,4624.549645946277,329,14,1.589010989010989,75.25164835164836,3.0406593406593405,0.05824175824175824,71430.0,2.765957446808511,65.0,0.07472527472527472,1
PRV51394,4,0,4,460,115.0,400,190.17535767461214,4,3,0.0,72.75,1.5,0.0,0.0,1.0,1.3333333333333333,0.0,0
PRV51395,20,0,20,10400,520.0,3300,877.8442494633028,20,5,2.5,71.8,3.35,0.0,0.0,1.0,4.0,0.0,0
PRV51396,44,3,41,17520,398.1818181818182,6000,1016.5748985258767,43,26,1.75,73.38636363636364,2.909090909090909,0.0,3204.0,1.0232558139534884,1.6923076923076923,0.06818181818181818,0
PRV51397,40,0,40,17870,446.75,3300,854.4285464716409,40,30,0.75,75.825,2.75,0.0,0.0,1.0,1.3333333333333333,0.0,0
PRV51398,86,1,85,31040,360.93023255813955,4000,763.0922046006617,59,14,1.3953488372093024,75.46511627906976,3.0,0.0,1238.0,1.4576271186440677,6.142857142857143,0.011627906976744186,0
PRV51399,211,65,146,845070,4005.071090047393,103000,10722.960117681982,199,56,2.5165876777251186,72.32701421800948,4.341232227488152,0.23222748815165878,69448.0,1.0603015075376885,3.767857142857143,0.3080568720379147,1
PRV51401,42,8,34,91520,2179.0476190476193,27000,5181.570441630563,42,34,3.357142857142857,70.11904761904762,3.6904761904761907,0.19047619047619047,7626.0,1.0,1.2352941176470589,0.19047619047619047,1
PRV51403,114,10,104,277010,2429.9122807017543,57000,9283.885982189264,101,39,1.7719298245614035,74.28947368421052,2.754385964912281,0.12280701754385964,11150.0,1.1287128712871286,2.923076923076923,0.08771929824561403,0
PRV51404,59,1,58,29350,497.45762711864404,12000,1606.2857061324137,59,37,1.3220338983050848,72.91525423728814,3.135593220338983,0.01694915254237288,1368.0,1.0,1.5945945945945945,0.01694915254237288,0
PRV51405,49,2,47,23710,483.8775510204082,5000,1023.3132795127848,47,18,0.7959183673469388,71.12244897959184,2.857142857142857,0.0,2136.0,1.0425531914893618,2.7222222222222223,0.04081632653061224,0
PRV51406,29,8,21,104260,3595.1724137931033,46000,8884.323521433556,29,19,3.0,72.44827586206897,4.551724137931035,0.1724137931034483,7476.0,1.0,1.5263157894736843,0.27586206896551724,0
PRV51408,15,0,15,1390,92.66666666666667,600,144.09652849326218,15,10,0.3333333333333333,76.06666666666666,2.066666666666667,0.0,0.0,1.0,1.5,0.0,0
PRV51409,4,0,4,300,75.0,100,50.0,4,4,0.0,59.0,2.25,0.0,0.0,1.0,1.0,0.0,0
PRV51410,628,0,628,177550,282.7229299363057,8010,641.2182431828063,186,7,1.4426751592356688,75.14808917197452,2.5812101910828025,0.0015923566878980893,1920.0,3.3763440860215055,89.71428571428571,0.0,1
PRV51412,5,0,5,440,88.0,200,68.33739825307956,5,5,0.0,85.4,2.6,0.0,0.0,1.0,1.0,0.0,0
PRV51414,28,3,25,30230,1079.642857142857,17000,3495.151649486765,28,9,1.6428571428571428,71.82142857142857,4.035714285714286,0.07142857142857142,3204.0,1.0,3.111111111111111,0.10714285714285714,0
PRV51415,51,7,44,63690,1248.8235294117646,10000,2641.4251055510344,50,33,2.6470588235294117,72.19607843137256,3.1176470588235294,0.13725490196078433,7546.0,1.02,1.5454545454545454,0.13725490196078433,0
PRV51416,81,0,81,25640,316.5432098765432,2300,506.2784818996043,79,1,2.6419753086419755,72.23456790123457,2.2222222222222223,0.0,280.0,1.0253164556962024,81.0,0.0,0
PRV51418,61,17,44,189340,3103.934426229508,35000,6590.841948918852,61,39,3.4098360655737703,71.80327868852459,4.180327868852459,0.22950819672131148,18486.0,1.0,1.564102564102564,0.2786885245901639,0
PRV51419,65,2,63,31250,480.7692307692308,11000,1540.681979364483,64,40,1.7076923076923076,75.43076923076923,2.5538461538461537,0.015384615384615385,2196.0,1.015625,1.625,0.03076923076923077,0
PRV51421,139,84,55,884780,6365.323741007194,57000,8556.687807499582,135,39,4.676258992805756,73.64028776978417,5.661870503597123,0.4748201438848921,88804.0,1.0296296296296297,3.5641025641025643,0.60431654676259,1
PRV51422,25,4,21,48930,1957.2,15000,3802.2488082712316,25,15,5.8,75.32,3.64,0.16,4382.0,1.0,1.6666666666666667,0.16,0
PRV51423,1,0,1,50,50.0,50,0.0,1,1,0.0,98.0,5.0,0.0,100.0,1.0,1.0,0.0,0
PRV51424,86,1,85,29670,345.0,6000,849.8245493664457,82,34,1.2674418604651163,73.56976744186046,2.5930232558139537,0.0,1348.0,1.048780487804878,2.5294117647058822,0.011627906976744186,0
PRV51425,33,3,30,25990,787.5757575757576,5700,1437.0782648811926,33,14,1.1515151515151516,73.0,3.393939393939394,0.030303030303030304,3204.0,1.0,2.357142857142857,0.09090909090909091,0
PRV51426,206,6,200,145100,704.3689320388349,49000,3893.9657307179364,91,30,1.1359223300970873,72.39805825242719,2.854368932038835,0.019417475728155338,6968.0,2.2637362637362637,6.866666666666666,0.02912621359223301,1
PRV51427,58,5,53,58770,1013.2758620689655,11000,2298.8642412630666,56,25,1.9137931034482758,72.5,3.1724137931034484,0.05172413793103448,5510.0,1.0357142857142858,2.32,0.08620689655172414,0
PRV51428,66,4,62,48040,727.8787878787879,11000,2001.3560903712764,66,43,1.2121212121212122,75.57575757575758,3.3484848484848486,0.015151515151515152,4352.0,1.0,1.5348837209302326,0.06060606060606061,0
PRV51429,10,0,10,1100,110.0,500,148.9966442575134,10,9,0.0,66.5,2.4,0.0,0.0,1.0,1.1111111111111112,0.0,0
PRV51430,112,17,95,213700,1908.0357142857142,37000,5500.54933199112,101,35,1.6517857142857142,75.57142857142857,3.1517857142857144,0.10714285714285714,17648.0,1.108910891089109,3.2,0.15178571428571427,0
PRV51431,49,25,24,236720,4831.0204081632655,23000,5633.335396288317,42,14,5.448979591836735,76.14285714285714,5.510204081632653,0.3469387755102041,25932.0,1.1666666666666667,3.5,0.5102040816326531,0
PRV51432,23,7,16,59270,2576.9565217391305,24000,5618.930207774599,23,19,0.8260869565217391,71.69565217391305,3.869565217391304,0.34782608695652173,7616.0,1.0,1.2105263157894737,0.30434782608695654,0
PRV51433,1610,0,1610,454630,282.37888198757764,3300,553.3046597846954,862,4,1.5627329192546584,73.4776397515528,2.6142857142857143,0.0006211180124223603,4670.0,1.8677494199535962,402.5,0.0,1
PRV51434,102,24,78,280490,2749.901960784314,53000,7332.023952348894,97,49,1.9411764705882353,73.74509803921569,4.127450980392157,0.19607843137254902,24844.0,1.0515463917525774,2.0816326530612246,0.23529411764705882,1
PRV51435,23,6,17,33620,1461.7391304347825,10000,2582.1619767761085,23,15,1.434782608695652,77.34782608695652,4.043478260869565,0.08695652173913043,6408.0,1.0,1.5333333333333334,0.2608695652173913,0
PRV51436,120,25,95,193410,1611.75,25000,3704.217823626731,116,79,2.033333333333333,75.05833333333334,3.808333333333333,0.125,27170.0,1.0344827586206897,1.518987341772152,0.20833333333333334,0
PRV51437,2,0,2,880,440.0,800,509.11688245431424,2,2,0.0,75.0,2.0,0.0,0.0,1.0,1.0,0.0,0
PRV51438,9,2,7,19510,2167.777777777778,9000,3172.080459957541,9,7,5.0,73.88888888888889,3.3333333333333335,0.0,2136.0,1.0,1.2857142857142858,0.2222222222222222,0
PRV51439,42,0,42,15040,358.0952380952381,3300,665.5723306251878,41,25,0.38095238095238093,76.16666666666667,2.9047619047619047,0.0,210.0,1.024390243902439,1.68,0.0,0
PRV51440,71,7,64,106380,1498.3098591549297,20000,3790.3037895268253,71,25,2.4788732394366195,77.11267605633803,3.380281690140845,0.08450704225352113,6508.0,1.0,2.84,0.09859154929577464,0
PRV51441,85,0,85,29130,342.70588235294116,3300,696.712327454374,79,24,1.8235294117647058,74.87058823529412,2.7529411764705882,0.0,290.0,1.0759493670886076,3.5416666666666665,0.0,0
PRV51442,6,2,4,25970,4328.333333333333,21000,8305.276435295014,6,4,1.3333333333333333,77.5,3.5,0.0,2136.0,1.0,1.5,0.3333333333333333,0
PRV51443,73,2,71,33900,464.3835616438356,8000,1146.9294591083064,72,26,1.6575342465753424,72.87671232876713,2.6575342465753424,0.0273972602739726,2426.0,1.0138888888888888,2.8076923076923075,0.0273972602739726,0
PRV51444,42,4,38,73920,1760.0,36000,6150.219508277733,40,31,2.6904761904761907,72.88095238095238,3.261904761904762,0.09523809523809523,4272.0,1.05,1.3548387096774193,0.09523809523809523,0
PRV51446,24,12,12,97390,4057.9166666666665,21000,5863.413443562114,24,20,2.6666666666666665,71.91666666666667,5.458333333333333,0.5416666666666666,11748.0,1.0,1.2,0.5,0
PRV51447,89,16,73,269390,3026.85393258427,78000,9792.728122474075,80,77,2.202247191011236,73.21348314606742,3.539325842696629,0.15730337078651685,17318.0,1.1125,1.155844155844156,0.1797752808988764,1
PRV51448,51,11,40,115550,2265.6862745098038,30000,5877.318182607425,47,37,1.9019607843137254,73.13725490196079,3.3529411764705883,0.19607843137254902,11748.0,1.0851063829787233,1.3783783783783783,0.21568627450980393,0
PRV51449,17,9,8,69780,4104.705882352941,13000,4463.178684591088,17,14,3.0,72.76470588235294,5.176470588235294,0.35294117647058826,8544.0,1.0,1.2142857142857142,0.5294117647058824,0
PRV51451,6,0,6,1170,195.0,800,297.77508290654544,6,4,6.666666666666667,71.5,2.1666666666666665,0.0,0.0,1.0,1.5,0.0,0
PRV51453,12,0,12,7080,590.0,3300,1243.1411826498227,12,11,0.6666666666666666,76.75,2.5,0.0,100.0,1.0,1.0909090909090908,0.0,0
PRV51454,34,0,34,10630,312.6470588235294,2700,612.7845477496836,32,19,2.735294117647059,77.6470588235294,2.588235294117647,0.0,140.0,1.0625,1.7894736842105263,0.0,0
PRV51455,34,9,25,113650,3342.6470588235293,38000,7878.142493277525,34,26,2.5588235294117645,72.11764705882354,4.088235294117647,0.20588235294117646,9662.0,1.0,1.3076923076923077,0.2647058823529412,0
PRV51456,135,112,23,1038990,7696.222222222223,57000,10247.108574098025,124,10,4.940740740740741,74.21481481481482,7.111111111111111,0.562962962962963,117480.0,1.0887096774193548,13.5,0.8296296296296296,0
PRV51458,56,0,56,12440,222.14285714285714,3010,435.1414160339739,55,31,0.16071428571428573,74.46428571428571,2.357142857142857,0.0,240.0,1.018181818181818,1.8064516129032258,0.0,0
PRV51459,8240,0,8240,2321890,281.78276699029124,7030,575.5108245781039,2857,7,1.4007281553398059,74.43046116504854,2.616747572815534,0.0007281553398058253,22790.0,2.8841442072103605,1177.142857142857,0.0,1
PRV51460,452,17,435,334480,740.0,57000,3400.3272308943815,413,64,1.3539823008849559,73.49557522123894,2.8008849557522124,0.028761061946902654,19346.0,1.0944309927360776,7.0625,0.03761061946902655,0
PRV51462,30,0,30,9430,314.3333333333333,2500,546.1001760655737,29,14,1.2333333333333334,76.8,2.6,0.0,0.0,1.0344827586206897,2.142857142857143,0.0,0
PRV51464,145,0,145,38530,265.7241379310345,3300,603.1902970727882,143,86,0.8482758620689655,74.84137931034483,2.213793103448276,0.0,320.0,1.013986013986014,1.686046511627907,0.0,0
PRV51465,7,1,6,3900,557.1428571428571,3000,1104.9542115055308,7,7,3.0,68.57142857142857,3.857142857142857,0.0,1068.0,1.0,1.0,0.14285714285714285,0
PRV51466,74,5,69,57860,781.8918918918919,22000,2771.99827812103,71,45,3.391891891891892,76.89189189189189,3.0945945945945947,0.06756756756756757,5500.0,1.0422535211267605,1.6444444444444444,0.06756756756756757,0
PRV51467,25,7,18,74260,2970.4,44000,8802.01704156496,25,13,2.04,72.64,3.96,0.12,6408.0,1.0,1.9230769230769231,0.28,0
PRV51468,159,15,144,138670,872.1383647798742,14000,2388.8396539170276,151,68,1.440251572327044,73.44025157232704,3.138364779874214,0.0440251572327044,15252.0,1.0529801324503312,2.338235294117647,0.09433962264150944,0
PRV51469,28,0,28,9350,333.92857142857144,3100,651.0239188057094,28,21,1.0,75.82142857142857,3.107142857142857,0.0,0.0,1.0,1.3333333333333333,0.0,0
PRV51470,27,3,24,35590,1318.148148148148,11000,2662.894661305245,27,16,2.1481481481481484,72.92592592592592,2.888888888888889,0.1111111111111111,3204.0,1.0,1.6875,0.1111111111111111,0
PRV51471,180,161,19,1602210,8901.166666666666,81000,9944.376602159964,173,17,4.883333333333334,73.92222222222222,7.566666666666666,0.6277777777777778,166608.0,1.0404624277456647,10.588235294117647,0.8944444444444445,1
PRV51472,16,0,16,2170,135.625,500,153.1434512692811,16,8,2.1875,74.5625,2.0,0.0,200.0,1.0,2.0,0.0,0
PRV51474,71,41,30,411260,5792.394366197183,25000,6742.254066660227,65,16,3.295774647887324,70.52112676056338,5.704225352112676,0.5211267605633803,42790.0,1.0923076923076922,4.4375,0.5774647887323944,0
PRV51475,43,11,32,73130,1700.6976744186047,12000,3028.252203239195,42,23,2.2093023255813953,72.88372093023256,3.697674418604651,0.09302325581395349,11788.0,1.0238095238095237,1.8695652173913044,0.2558139534883721,0
PRV51476,18,3,15,20180,1121.111111111111,7000,2167.4460136811304,18,13,2.111111111111111,73.72222222222223,4.055555555555555,0.16666666666666666,3274.0,1.0,1.3846153846153846,0.16666666666666666,0
PRV51477,22,0,22,9940,451.8181818181818,3300,932.5062816774831,22,11,1.5909090909090908,72.9090909090909,2.727272727272727,0.0,0.0,1.0,2.0,0.0,0
PRV51478,17,0,17,3930,231.1764705882353,1200,307.7109510754609,16,10,4.411764705882353,71.52941176470588,3.1176470588235294,0.0,20.0,1.0625,1.7,0.0,0
PRV51479,228,13,215,134630,590.4824561403509,15000,1683.0597358919633,217,64,1.9035087719298245,73.0701754385965,3.2982456140350878,0.07017543859649122,14524.0,1.0506912442396312,3.5625,0.05701754385964912,0
PRV51480,1924,0,1924,557880,289.95841995841994,10500,606.9768554948319,759,4,1.5602910602910602,73.47661122661123,2.6502079002079,0.0,5480.0,2.5349143610013174,481.0,0.0,1
PRV51482,91,11,80,218470,2400.769230769231,99000,10788.818309380338,90,60,1.4725274725274726,75.73626373626374,3.4175824175824174,0.054945054945054944,11848.0,1.011111111111111,1.5166666666666666,0.12087912087912088,1
PRV51483,77,6,71,60400,784.4155844155844,17000,2497.3309402274035,75,44,1.12987012987013,74.72727272727273,3.1948051948051948,0.05194805194805195,5430.0,1.0266666666666666,1.75,0.07792207792207792,0
PRV51484,86,2,84,23570,274.06976744186045,5000,799.42387770926,75,28,0.7906976744186046,72.15116279069767,2.988372093023256,0.0,2236.0,1.1466666666666667,3.0714285714285716,0.023255813953488372,0
PRV51486,214,0,214,53660,250.74766355140187,3300,492.5972193734163,132,15,0.9252336448598131,76.16822429906541,2.52803738317757,0.0,450.0,1.621212121212121,14.266666666666667,0.0,0
PRV51487,13,0,13,9240,710.7692307692307,3300,1243.8479377752299,12,8,0.0,72.6923076923077,2.4615384615384617,0.0,60.0,1.0833333333333333,1.625,0.0,0
PRV51488,272,3,269,108930,400.4779411764706,10000,931.0864143304461,260,119,1.625,74.17279411764706,2.797794117647059,0.007352941176470588,3764.0,1.0461538461538462,2.2857142857142856,0.011029411764705883,0
PRV51490,64,48,16,442070,6907.34375,57000,9840.3284630602,56,9,4.046875,72.46875,6.4375,0.421875,51264.0,1.1428571428571428,7.111111111111111,0.75,1
PRV51491,71,8,63,67480,950.4225352112676,11000,2107.972239326369,63,39,2.1549295774647885,72.98591549295774,2.943661971830986,0.04225352112676056,7736.0,1.126984126984127,1.8205128205128205,0.11267605633802817,0
PRV51492,81,14,67,150550,1858.641975308642,23000,4098.276696700219,80,46,2.0864197530864197,74.45679012345678,3.740740740740741,0.12345679012345678,14024.0,1.0125,1.7608695652173914,0.1728395061728395,0
PRV51494,38,0,38,17450,459.2105263157895,3300,886.7443690841336,37,25,1.3421052631578947,74.28947368421052,2.3157894736842106,0.0,80.0,1.027027027027027,1.52,0.0,0
PRV51495,141,90,51,845690,5997.801418439716,57000,9346.198775988221,127,32,4.950354609929078,74.32624113475177,5.836879432624113,0.45390070921985815,93984.0,1.110236220472441,4.40625,0.6382978723404256,1
PRV51496,123,0,123,29250,237.8048780487805,2100,385.08788987298647,105,5,1.1382113821138211,71.76422764227642,2.6666666666666665,0.0,530.0,1.1714285714285715,24.6,0.0,0
PRV51497,15,4,11,104190,6946.0,57000,15665.029661182078,15,13,2.7333333333333334,74.86666666666666,4.4,0.3333333333333333,4272.0,1.0,1.1538461538461537,0.26666666666666666,0
PRV51499,474,2,472,137840,290.80168776371306,14000,812.4492442870509,341,5,1.4831223628691983,74.72995780590718,2.782700421940928,0.002109704641350211,3336.0,1.3900293255131966,94.8,0.004219409282700422,0
PRV51500,8,0,8,1100,137.5,500,163.94685550071227,8,5,0.0,78.0,2.625,0.0,10.0,1.0,1.6,0.0,0
PRV51501,233,223,10,2071310,8889.742489270386,57000,9866.498039025402,217,11,5.459227467811159,75.25321888412017,7.905579399141631,0.6351931330472103,231816.0,1.0737327188940091,21.181818181818183,0.9570815450643777,1
PRV51502,31,0,31,8390,270.64516129032256,2500,463.5654249680475,31,22,3.838709677419355,75.35483870967742,2.3225806451612905,0.0,0.0,1.0,1.4090909090909092,0.0,0
PRV51503,57,0,57,24070,422.280701754386,5200,915.7861914065572,52,8,1.1754385964912282,75.10526315789474,2.3157894736842106,0.0,40.0,1.0961538461538463,7.125,0.0,0
PRV51504,128,0,128,35290,275.703125,3300,516.4958912319137,123,56,1.546875,74.15625,2.421875,0.0,440.0,1.0406504065040652,2.2857142857142856,0.0,0
PRV51505,15,0,15,2430,162.0,900,243.43376922686792,15,15,0.26666666666666666,73.6,3.2666666666666666,0.0,40.0,1.0,1.0,0.0,0
PRV51507,1013,6,1007,337340,333.01085883514315,15000,877.7055950271979,726,84,1.3840078973346495,72.93780848963475,2.7462981243830207,0.004935834155972359,9188.0,1.3953168044077136,12.05952380952381,0.005923000987166831,1
PRV51508,202,12,190,239050,1183.4158415841584,39000,4721.754218597397,191,99,1.7079207920792079,71.51485148514851,3.0,0.04455445544554455,12916.0,1.057591623036649,2.04040404040404,0.0594059405940594,0
PRV51509,1030,0,1030,322130,312.747572815534,5100,649.5829000159495,493,2,1.4893203883495145,73.27961165048544,2.5233009708737866,0.0,2840.0,2.0892494929006085,515.0,0.0,0
PRV51510,57,0,57,20020,351.2280701754386,2300,550.172278782612,52,12,2.5789473684210527,70.82456140350877,2.3508771929824563,0.0,220.0,1.0961538461538463,4.75,0.0,0
PRV51511,16,0,16,8760,547.5,2500,611.7570323802308,16,13,1.5,74.375,2.25,0.0,40.0,1.0,1.2307692307692308,0.0,0
PRV51514,93,21,72,239220,2572.2580645161293,46000,7131.725068622454,88,56,2.89247311827957,76.39784946236558,3.978494623655914,0.16129032258064516,22458.0,1.0568181818181819,1.6607142857142858,0.22580645161290322,0
PRV51515,48,5,43,52800,1100.0,16000,2925.6655907564295,48,30,2.5,72.20833333333333,3.7291666666666665,0.08333333333333333,4352.0,1.0,1.6,0.10416666666666667,0
PRV51516,40,3,37,33260,831.5,15000,2615.287943160566,39,25,1.225,67.95,2.925,0.05,3224.0,1.0256410256410255,1.6,0.075,0
PRV51517,11,0,11,5990,544.5454545454545,3300,999.3734400749665,11,2,1.9090909090909092,75.36363636363636,1.7272727272727273,0.0,150.0,1.0,5.5,0.0,0
PRV51518,53,5,48,43920,828.6792452830189,19000,2741.5226241970054,48,14,0.7735849056603774,76.33962264150944,3.0943396226415096,0.05660377358490566,5860.0,1.1041666666666667,3.7857142857142856,0.09433962264150944,0
PRV51521,46,0,46,8070,175.43478260869566,1900,356.23778901015066,39,1,0.4782608695652174,71.19565217391305,2.0869565217391304,0.0,100.0,1.1794871794871795,46.0,0.0,0
PRV51522,190,12,178,206780,1088.3157894736842,34000,3825.753210103482,169,72,2.168421052631579,72.82105263157895,3.0473684210526315,0.031578947368421054,13506.0,1.1242603550295858,2.638888888888889,0.06315789473684211,0
PRV51523,65,60,5,733810,11289.384615384615,57000,11106.665211276722,65,7,5.138461538461539,74.36923076923077,8.061538461538461,0.8461538461538461,61944.0,1.0,9.285714285714286,0.9230769230769231,0
PRV51525,61,5,56,75770,1242.1311475409836,21000,3489.617512351986,61,45,2.3114754098360657,73.1639344262295,2.639344262295082,0.11475409836065574,5470.0,1.0,1.3555555555555556,0.08196721311475409,0
PRV51526,20,7,13,43150,2157.5,13000,3230.8592225272632,20,18,3.5,74.25,3.85,0.35,7476.0,1.0,1.1111111111111112,0.35,0
PRV51527,41,0,41,12410,302.6829268292683,2000,508.83211568376817,40,26,1.170731707317073,72.82926829268293,2.3658536585365852,0.0,120.0,1.025,1.5769230769230769,0.0,0
PRV51528,17,0,17,6670,392.3529411764706,3200,806.9272691185116,17,10,1.1764705882352942,74.94117647058823,1.7647058823529411,0.0,0.0,1.0,1.7,0.0,0
PRV51529,23,0,23,5800,252.17391304347825,1500,363.33000929206753,23,18,0.8695652173913043,76.73913043478261,2.869565217391304,0.0,80.0,1.0,1.2777777777777777,0.0,0
PRV51531,34,0,34,9870,290.29411764705884,3300,642.827491323071,23,21,1.9705882352941178,72.17647058823529,2.2941176470588234,0.0,140.0,1.4782608695652173,1.619047619047619,0.0,0
PRV51532,32,6,26,70930,2216.5625,18000,4307.262890615219,30,27,3.34375,72.375,3.25,0.09375,6608.0,1.0666666666666667,1.1851851851851851,0.1875,0
PRV51533,36,13,23,96350,2676.3888888888887,13000,4074.8049227822135,36,23,5.055555555555555,74.83333333333333,4.555555555555555,0.3611111111111111,13884.0,1.0,1.565217391304348,0.3611111111111111,0
PRV51534,1,0,1,50,50.0,50,0.0,1,1,0.0,75.0,1.0,0.0,0.0,1.0,1.0,0.0,0
PRV51535,388,2,386,121350,312.75773195876286,19000,1160.2037480633157,306,63,1.4948453608247423,74.20103092783505,2.6082474226804124,0.002577319587628866,3476.0,1.2679738562091503,6.158730158730159,0.005154639175257732,0
PRV51536,16,4,12,41550,2596.875,11000,4146.348946161349,16,12,2.1875,73.9375,3.125,0.25,4392.0,1.0,1.3333333333333333,0.25,0
PRV51539,538,69,469,854240,1587.806691449814,57000,5068.770123234016,488,241,1.6524163568773234,73.94052044609666,3.3475836431226766,0.10223048327137546,73844.0,1.1024590163934427,2.232365145228216,0.12825278810408922,1
PRV51540,55,7,48,66940,1217.090909090909,13000,3006.153979895532,54,35,0.9818181818181818,75.32727272727273,3.1636363636363636,0.10909090909090909,7546.0,1.0185185185185186,1.5714285714285714,0.12727272727272726,0
PRV51541,51,0,51,12140,238.0392156862745,2200,433.8111091608566,51,32,0.6078431372549019,73.03921568627452,2.627450980392157,0.0,270.0,1.0,1.59375,0.0,0
PRV51542,113,93,20,964660,8536.814159292035,74000,11441.078734845792,97,18,4.964601769911504,74.02654867256638,7.3097345132743365,0.6017699115044248,97218.0,1.1649484536082475,6.277777777777778,0.8230088495575221,1
PRV51544,233,45,188,480150,2060.7296137339054,35000,4985.964168494113,227,134,2.3218884120171674,75.04291845493562,3.7167381974248928,0.14163090128755365,45546.0,1.026431718061674,1.7388059701492538,0.19313304721030042,0
PRV51546,36,9,27,110930,3081.3888888888887,21000,5479.013025186081,35,29,2.5,72.88888888888889,4.388888888888889,0.16666666666666666,9762.0,1.0285714285714285,1.2413793103448276,0.25,0
PRV51547,13,0,13,2640,203.07692307692307,1600,432.9238696619499,13,8,1.8461538461538463,76.23076923076923,2.0,0.0,0.0,1.0,1.625,0.0,0
PRV51549,21,8,13,82110,3910.0,21000,5578.478287131717,21,18,4.285714285714286,74.52380952380952,4.333333333333333,0.2857142857142857,8614.0,1.0,1.1666666666666667,0.38095238095238093,0
PRV51550,61,16,45,124040,2033.4426229508197,25000,3957.632661598726,53,22,3.081967213114754,75.90163934426229,3.901639344262295,0.2459016393442623,16120.0,1.150943396226415,2.772727272727273,0.26229508196721313,0
PRV51551,28,5,23,112800,4028.5714285714284,57000,11703.815368498179,27,11,2.0,70.60714285714286,3.357142857142857,0.10714285714285714,5440.0,1.037037037037037,2.5454545454545454,0.17857142857142858,0
PRV51552,62,10,52,94040,1516.774193548387,13000,3419.321557763861,62,40,1.064516129032258,72.58064516129032,3.532258064516129,0.0967741935483871,10970.0,1.0,1.55,0.16129032258064516,0
PRV51553,21,6,15,40990,1951.904761904762,13000,3205.728652034696,21,15,2.5238095238095237,75.57142857142857,4.142857142857143,0.2857142857142857,6408.0,1.0,1.4,0.2857142857142857,0
PRV51554,6,1,5,9640,1606.6666666666667,9000,3624.7078043156343,6,5,0.8333333333333334,78.16666666666667,3.1666666666666665,0.16666666666666666,1138.0,1.0,1.2,0.16666666666666666,0
PRV51555,15,0,15,2910,194.0,1300,319.92856345485274,15,7,0.6,78.46666666666667,2.1333333333333333,0.0,0.0,1.0,2.142857142857143,0.0,0
PRV51556,56,10,46,138250,2468.75,30000,5936.445849006105,56,47,3.1964285714285716,74.28571428571429,3.9107142857142856,0.16071428571428573,10680.0,1.0,1.1914893617021276,0.17857142857142858,0
PRV51557,10,1,9,16740,1674.0,11000,3369.8374507451313,10,9,1.0,80.3,2.1,0.1,1068.0,1.0,1.1111111111111112,0.1,0
PRV51558,26,5,21,25870,995.0,11000,2279.9355254041725,25,20,1.1538461538461537,73.15384615384616,3.4615384615384617,0.038461538461538464,5440.0,1.04,1.3,0.19230769230769232,0
PRV51560,238,200,38,1956190,8219.285714285714,57000,9321.357758293972,204,26,5.26890756302521,75.54201680672269,7.2478991596638656,0.6470588235294118,208260.0,1.1666666666666667,9.153846153846153,0.8403361344537815,1
PRV51562,24,0,24,5820,242.5,1000,296.65160359088486,24,9,1.8333333333333333,73.66666666666667,4.083333333333333,0.0,80.0,1.0,2.6666666666666665,0.0,0
PRV51563,19,0,19,4280,225.26315789473685,1400,350.180404633774,19,13,0.3684210526315789,76.0,3.736842105263158,0.0,0.0,1.0,1.4615384615384615,0.0,0
PRV51564,24,0,24,9100,379.1666666666667,3300,708.3288149898517,24,14,1.6666666666666667,70.66666666666667,2.5833333333333335,0.0,70.0,1.0,1.7142857142857142,0.0,0
PRV51566,26,15,11,90030,3462.6923076923076,19000,4435.423368917387,25,18,3.6923076923076925,72.42307692307692,6.1923076923076925,0.4230769230769231,16020.0,1.04,1.4444444444444444,0.5769230769230769,0
PRV51567,1632,0,1632,465400,285.171568627451,11040,690.4775588866362,827,1,1.2628676470588236,73.38296568627452,2.5410539215686274,0.0,4620.0,1.973397823458283,1632.0,0.0,1
PRV51568,58,9,49,105010,1810.5172413793102,15000,3824.7974020023835,57,44,2.8793103448275863,76.10344827586206,3.3793103448275863,0.1724137931034483,9612.0,1.0175438596491229,1.3181818181818181,0.15517241379310345,0
PRV51569,5,0,5,1500,300.0,1200,509.46049895943844,5,4,0.2,76.8,5.2,0.0,0.0,1.0,1.25,0.0,0
PRV51570,1,0,1,0,0.0,0,0.0,1,1,0.0,70.0,5.0,0.0,0.0,1.0,1.0,0.0,0
PRV51571,22,0,22,4640,210.9090909090909,1700,366.7607120636287,22,2,0.0,72.18181818181819,2.227272727272727,0.0,0.0,1.0,11.0,0.0,0
PRV51572,4,1,3,5710,1427.5,5000,2395.765361354627,4,3,1.75,75.25,4.0,0.25,1068.0,1.0,1.3333333333333333,0.25,0
PRV51573,92,5,87,66730,725.3260869565217,12000,1947.9205317448939,76,11,1.7717391304347827,72.70652173913044,2.717391304347826,0.05434782608695652,5380.0,1.2105263157894737,8.363636363636363,0.05434782608695652,0
PRV51574,4444,0,4444,1281810,288.4360936093609,14200,691.1738720255757,1715,8,1.4228172817281728,73.502700270027,2.647164716471647,0.000225022502250225,12290.0,2.5912536443148686,555.5,0.0,1
PRV51576,65,5,60,97780,1504.3076923076924,35000,4982.74082748101,65,31,2.4307692307692306,74.36923076923077,3.4461538461538463,0.06153846153846154,5770.0,1.0,2.096774193548387,0.07692307692307693,0
PRV51577,1,0,1,2100,2100.0,2100,0.0,1,1,20.0,63.0,2.0,0.0,0.0,1.0,1.0,0.0,0
PRV51578,1500,122,1378,1662920,1108.6133333333332,57000,3930.225743315242,1280,231,1.8006666666666666,73.11533333333334,3.0353333333333334,0.050666666666666665,131150.0,1.171875,6.4935064935064934,0.08133333333333333,1
PRV51579,72,18,54,247680,3440.0,57000,9200.342767650212,66,34,2.7222222222222223,76.26388888888889,3.4722222222222223,0.2222222222222222,19494.0,1.0909090909090908,2.1176470588235294,0.25,0
PRV51580,3,0,3,1710,570.0,900,487.54486972995625,3,2,0.0,74.33333333333333,4.0,0.0,0.0,1.0,1.5,0.0,0
PRV51582,4,1,3,14370,3592.5,12000,5705.829621244106,4,4,6.5,78.0,3.5,0.0,1068.0,1.0,1.0,0.25,0
PRV51583,47,2,45,32430,690.0,15000,2258.2342082101304,46,10,1.5957446808510638,73.91489361702128,2.723404255319149,0.0,2226.0,1.0217391304347827,4.7,0.0425531914893617,0
PRV51584,82,13,69,171930,2096.7073170731705,57000,7311.595569034913,78,36,2.3292682926829267,72.41463414634147,3.4390243902439024,0.15853658536585366,14254.0,1.0512820512820513,2.2777777777777777,0.15853658536585366,1
PRV51585,6,4,2,77080,12846.666666666666,45000,16737.87879830257,6,4,2.6666666666666665,71.5,6.5,0.5,4272.0,1.0,1.5,0.6666666666666666,0
PRV51586,8,6,2,72510,9063.75,33000,10830.100827257862,8,7,5.875,70.0,7.25,0.875,6408.0,1.0,1.1428571428571428,0.75,1
PRV51587,5,0,5,1500,300.0,1000,393.70039370059055,5,5,0.0,65.8,2.8,0.0,0.0,1.0,1.0,0.0,0
PRV51588,10,3,7,58430,5843.0,39000,12349.741382807262,9,7,1.6,66.2,4.5,0.4,3204.0,1.1111111111111112,1.4285714285714286,0.3,0
PRV51590,84,81,3,781380,9302.142857142857,55000,9388.910797065311,82,4,5.238095238095238,74.95238095238095,7.9523809523809526,0.6547619047619048,84372.0,1.024390243902439,21.0,0.9642857142857143,1
PRV51592,3,0,3,30,10.0,30,17.320508075688775,3,1,0.0,71.33333333333333,2.0,0.0,0.0,1.0,3.0,0.0,0
PRV51593,54,12,42,150000,2777.777777777778,29000,6239.614364797207,54,36,2.740740740740741,73.98148148148148,3.462962962962963,0.12962962962962962,12916.0,1.0,1.5,0.2222222222222222,1
PRV51595,24,1,23,14660,610.8333333333334,5000,1114.9221718467,22,9,1.125,77.91666666666667,3.875,0.0,1078.0,1.0909090909090908,2.6666666666666665,0.041666666666666664,0
PRV51596,50,3,47,41830,836.6,17000,2786.4406452296375,50,39,1.18,73.5,3.58,0.04,3484.0,1.0,1.2820512820512822,0.06,0
PRV51598,422,61,361,779530,1847.2274881516587,57000,5699.9507970041905,399,208,1.8744075829383886,74.38388625592417,3.3270142180094786,0.13270142180094788,65200.0,1.0576441102756893,2.0288461538461537,0.14454976303317535,0
PRV51599,5,3,2,16210,3242.0,7000,3220.531012115859,5,3,4.8,78.4,6.0,0.0,3204.0,1.0,1.6666666666666667,0.6,0
PRV51600,109,3,106,36050,330.73394495412845,6000,737.9773488720245,103,9,1.4678899082568808,72.6697247706422,2.706422018348624,0.027522935779816515,3754.0,1.058252427184466,12.11111111111111,0.027522935779816515,0
PRV51601,14,0,14,3690,263.57142857142856,2900,760.4715859037949,14,6,1.4285714285714286,69.78571428571429,2.9285714285714284,0.0,0.0,1.0,2.3333333333333335,0.0,0
PRV51602,39,12,27,77480,1986.6666666666667,11000,3158.9199797710116,38,20,2.051282051282051,76.02564102564102,4.205128205128205,0.20512820512820512,12816.0,1.0263157894736843,1.95,0.3076923076923077,0
PRV51604,329,50,279,697510,2120.091185410334,57000,6736.42793119229,257,3,2.43161094224924,73.50455927051672,3.525835866261398,0.13069908814589665,53622.0,1.2801556420233462,109.66666666666667,0.1519756838905775,1
PRV51605,72,5,67,46990,652.6388888888889,11000,1687.4900046072726,70,6,1.7916666666666667,74.23611111111111,2.7222222222222223,0.06944444444444445,5520.0,1.0285714285714285,12.0,0.06944444444444445,0
PRV51606,46,10,36,66100,1436.9565217391305,13000,2815.0001930650956,45,23,2.130434782608696,73.47826086956522,3.652173913043478,0.13043478260869565,10680.0,1.0222222222222221,2.0,0.21739130434782608,0
PRV51607,15,1,14,15410,1027.3333333333333,14000,3590.2297313416484,15,5,0.6666666666666666,73.26666666666667,2.3333333333333335,0.06666666666666667,60.0,1.0,3.0,0.06666666666666667,0
PRV51608,37,9,28,78140,2111.891891891892,16000,4115.716380087593,37,23,1.837837837837838,72.67567567567568,3.891891891891892,0.13513513513513514,9892.0,1.0,1.608695652173913,0.24324324324324326,0
PRV51609,75,12,63,110790,1477.2,18000,3602.8841899909135,70,46,2.68,74.82666666666667,3.2666666666666666,0.16,11878.0,1.0714285714285714,1.6304347826086956,0.16,0
PRV51610,6,3,3,43150,7191.666666666667,25000,10475.576197358629,6,6,4.666666666666667,76.0,6.333333333333333,0.6666666666666666,3204.0,1.0,1.0,0.5,0
PRV51611,8,0,8,2780,347.5,2300,794.979784109544,8,2,2.5,73.25,1.5,0.0,0.0,1.0,4.0,0.0,0
PRV51612,13,6,7,66770,5136.153846153846,19000,7332.619516541069,13,8,5.538461538461538,76.15384615384616,4.6923076923076925,0.46153846153846156,6408.0,1.0,1.625,0.46153846153846156,0
PRV51613,21,4,17,20450,973.8095238095239,9000,2156.7115620557056,21,15,1.9047619047619047,69.80952380952381,3.2857142857142856,0.09523809523809523,4272.0,1.0,1.4,0.19047619047619047,0
PRV51614,268,148,120,1472150,5493.0970149253735,85000,9580.573417170228,243,67,3.388059701492537,73.88432835820896,5.470149253731344,0.376865671641791,155410.0,1.102880658436214,4.0,0.5522388059701493,1
PRV51616,26,0,26,6120,235.3846153846154,1800,414.8660580884464,26,24,1.5,71.07692307692308,2.230769230769231,0.0,0.0,1.0,1.0833333333333333,0.0,0
PRV51617,22,11,11,111270,5057.727272727273,31000,7744.739493800926,22,10,5.0,80.4090909090909,4.681818181818182,0.22727272727272727,11748.0,1.0,2.2,0.5,0
PRV51618,1,1,0,2000,2000.0,2000,0.0,1,1,2.0,66.0,9.0,1.0,1068.0,1.0,1.0,1.0,0
PRV51619,19,8,11,78150,4113.1578947368425,37000,8503.67832348095,18,9,5.2105263157894735,77.63157894736842,4.368421052631579,0.2631578947368421,7476.0,1.0555555555555556,2.111111111111111,0.42105263157894735,0
PRV51620,8,3,5,21190,2648.75,9000,3513.872253552441,8,4,1.75,76.125,6.125,0.375,3204.0,1.0,2.0,0.375,0
PRV51621,9,0,9,530,58.888888888888886,200,60.91888960832355,9,5,0.0,70.88888888888889,3.111111111111111,0.0,0.0,1.0,1.8,0.0,0
PRV51622,103,9,94,101690,987.2815533980582,13000,2445.8316658342546,94,40,1.3495145631067962,70.30097087378641,3.1262135922330097,0.08737864077669903,9682.0,1.0957446808510638,2.575,0.08737864077669903,0
PRV51623,21,7,14,56350,2683.3333333333335,19000,5209.199874580869,21,15,1.619047619047619,70.52380952380952,4.619047619047619,0.23809523809523808,7476.0,1.0,1.4,0.3333333333333333,0
PRV51624,5,0,5,320,64.0,100,37.815340802378074,5,3,0.2,66.0,2.8,0.0,40.0,1.0,1.6666666666666667,0.0,0
PRV51625,7,4,3,19420,2774.285714285714,5000,2492.77527495532,7,6,1.4285714285714286,75.71428571428571,5.285714285714286,0.2857142857142857,4272.0,1.0,1.1666666666666667,0.5714285714285714,0
PRV51626,9,1,8,36920,4102.222222222223,35000,11589.826117955543,9,8,3.6666666666666665,78.22222222222223,2.6666666666666665,0.2222222222222222,1068.0,1.0,1.125,0.1111111111111111,0
PRV51627,26,3,23,44860,1725.3846153846155,26000,5318.871482387392,26,7,2.923076923076923,75.23076923076923,3.3846153846153846,0.23076923076923078,3204.0,1.0,3.7142857142857144,0.11538461538461539,0
PRV51628,6,2,4,13320,2220.0,8000,3448.988257445943,6,5,1.1666666666666667,77.83333333333333,3.1666666666666665,0.5,2136.0,1.0,1.2,0.3333333333333333,0
PRV51629,22,22,0,213000,9681.818181818182,36000,7972.490580778761,20,10,6.318181818181818,77.0909090909091,7.909090909090909,0.7727272727272727,22428.0,1.1,2.2,1.0,0
PRV51630,5,1,4,1860,372.0,1700,743.4177829457673,5,4,5.0,77.0,3.6,0.2,1068.0,1.0,1.25,0.2,0
PRV51631,6,0,6,1500,250.0,800,324.59205165869355,6,4,1.1666666666666667,83.5,3.0,0.0,0.0,1.0,1.5,0.0,0
PRV51632,26,4,22,26850,1032.6923076923076,8000,1903.4422664053834,25,10,4.346153846153846,75.5,3.269230769230769,0.07692307692307693,4342.0,1.04,2.6,0.15384615384615385,0
PRV51634,119,5,114,71090,597.3949579831933,12000,1827.4760135154613,116,30,0.9915966386554622,73.38655462184875,2.7478991596638656,0.03361344537815126,5620.0,1.0258620689655173,3.966666666666667,0.04201680672268908,0
PRV51635,29,1,28,28120,969.6551724137931,24000,4432.627794273006,29,23,1.3793103448275863,70.62068965517241,2.5172413793103448,0.034482758620689655,1068.0,1.0,1.2608695652173914,0.034482758620689655,0
PRV51636,316,3,313,180020,569.6835443037975,54000,3174.7345687596576,187,9,1.3132911392405062,73.10443037974683,2.588607594936709,0.00949367088607595,3924.0,1.6898395721925135,35.111111111111114,0.00949367088607595,0
PRV51637,34,7,27,43440,1277.6470588235295,19000,3705.740067437992,34,19,2.1470588235294117,77.47058823529412,3.3823529411764706,0.11764705882352941,7576.0,1.0,1.7894736842105263,0.20588235294117646,0
PRV51638,4,2,2,20490,5122.5,11000,4858.26014810515,4,4,2.75,63.75,4.75,0.25,2136.0,1.0,1.0,0.5,0
PRV51639,29,12,17,112520,3880.0,39000,7521.166797778123,29,23,1.8620689655172413,75.17241379310344,5.206896551724138,0.2413793103448276,12816.0,1.0,1.2608695652173914,0.41379310344827586,0
PRV51640,7,3,4,17490,2498.5714285714284,7000,3143.9912455954695,7,6,1.2857142857142858,75.0,4.571428571428571,0.0,3204.0,1.0,1.1666666666666667,0.42857142857142855,0
PRV51641,14,0,14,1700,121.42857142857143,400,138.72258663950888,13,7,0.0,79.07142857142857,3.142857142857143,0.0,90.0,1.0769230769230769,2.0,0.0,0
PRV51642,29,1,28,10460,360.6896551724138,5000,942.2462941384987,25,16,0.7931034482758621,75.06896551724138,2.586206896551724,0.034482758620689655,120.0,1.16,1.8125,0.034482758620689655,0
PRV51644,24,1,23,16490,687.0833333333334,7000,1597.1073829751156,24,9,1.625,71.95833333333333,2.7083333333333335,0.041666666666666664,1178.0,1.0,2.6666666666666665,0.041666666666666664,0
PRV51645,5,0,5,280,56.0,100,51.76871642217914,5,5,5.4,71.4,2.6,0.0,90.0,1.0,1.0,0.0,0
PRV51647,12,6,6,44940,3745.0,17000,5577.6004941845085,12,6,4.416666666666667,77.0,5.75,0.4166666666666667,6408.0,1.0,2.0,0.5,0
PRV51650,24,0,24,13290,553.75,2700,827.6672955807261,23,2,1.5416666666666667,67.91666666666667,2.5833333333333335,0.0,0.0,1.0434782608695652,12.0,0.0,0
PRV51652,64,0,64,17600,275.0,3000,516.5637378272842,49,2,2.59375,72.765625,3.046875,0.0,270.0,1.3061224489795917,32.0,0.0,0
PRV51653,24,0,24,8530,355.4166666666667,3300,708.8016780740433,24,2,2.625,75.58333333333333,2.2916666666666665,0.0,110.0,1.0,12.0,0.0,0
PRV51654,2,0,2,220,110.0,200,127.27922061357856,2,1,2.0,61.0,1.5,0.0,10.0,1.0,2.0,0.0,0
PRV51655,3,0,3,70,23.333333333333332,40,20.816659994661325,3,2,1.6666666666666667,76.66666666666667,6.333333333333333,0.0,40.0,1.0,1.5,0.0,0
PRV51656,23,0,23,4860,211.30434782608697,2000,420.7061633602817,23,1,2.0434782608695654,70.08695652173913,2.5652173913043477,0.0,0.0,1.0,23.0,0.0,0
PRV51657,4,0,4,3760,940.0,3300,1583.161394173064,4,3,0.0,71.25,2.75,0.0,200.0,1.0,1.3333333333333333,0.0,0
PRV51658,5,0,5,1770,354.0,1500,640.6871311334418,5,3,0.0,68.8,3.0,0.0,0.0,1.0,1.6666666666666667,0.0,0
PRV51660,3,0,3,180,60.0,100,45.8257569495584,3,3,0.0,59.0,3.3333333333333335,0.0,30.0,1.0,1.0,0.0,0
PRV51661,134,0,134,47570,355.0,3300,674.8441758318253,89,4,2.253731343283582,73.20149253731343,3.1492537313432836,0.007462686567164179,570.0,1.5056179775280898,33.5,0.0,0
PRV51664,10,0,10,790,79.0,300,84.12292592787455,10,7,0.0,73.3,2.5,0.0,50.0,1.0,1.4285714285714286,0.0,0
PRV51665,15,0,15,3810,254.0,2100,521.1498276476188,15,2,1.8666666666666667,76.13333333333334,2.466666666666667,0.0,40.0,1.0,7.5,0.0,0
PRV51666,1,0,1,50,50.0,50,0.0,1,1,0.0,49.0,3.0,0.0,0.0,1.0,1.0,0.0,0
PRV51668,38,0,38,9020,237.3684210526316,2500,410.9822394434826,27,7,0.21052631578947367,77.6842105263158,2.9210526315789473,0.0,110.0,1.4074074074074074,5.428571428571429,0.0,0
PRV51669,76,0,76,21060,277.10526315789474,3300,510.956790839757,74,29,2.6184210526315788,72.39473684210526,2.513157894736842,0.0,320.0,1.027027027027027,2.6206896551724137,0.0,0
PRV51670,436,1,435,122850,281.76605504587155,6000,656.4613252741729,286,72,1.3188073394495412,75.14220183486239,2.8555045871559632,0.0045871559633027525,2318.0,1.5244755244755244,6.055555555555555,0.0022935779816513763,0
PRV51671,39,0,39,8490,217.69230769230768,1400,338.05528618588204,39,14,0.717948717948718,73.74358974358974,2.5384615384615383,0.0,100.0,1.0,2.7857142857142856,0.0,0
PRV51672,6,0,6,2270,378.3333333333333,1800,713.1175686145074,6,3,0.16666666666666666,68.33333333333333,4.333333333333333,0.0,0.0,1.0,2.0,0.0,0
PRV51673,183,0,183,51180,279.672131147541,3300,531.8306572164896,77,1,1.0437158469945356,72.95628415300547,2.480874316939891,0.0,680.0,2.3766233766233764,183.0,0.0,0
PRV51674,4,0,4,1400,350.0,800,367.7861697599118,4,2,0.0,78.75,4.75,0.0,0.0,1.0,2.0,0.0,0
PRV51675,28,0,28,7690,274.64285714285717,1700,474.977443073428,28,9,1.3571428571428572,70.14285714285714,2.5357142857142856,0.0,100.0,1.0,3.111111111111111,0.0,0
PRV51676,138,3,135,91920,666.0869565217391,35000,3133.21956911669,126,22,1.434782608695652,74.42753623188406,2.8043478260869565,0.021739130434782608,3724.0,1.0952380952380953,6.2727272727272725,0.021739130434782608,0
PRV51678,66,0,66,25540,386.969696969697,3300,649.3617450933464,64,23,1.3484848484848484,74.18181818181819,2.6666666666666665,0.0,310.0,1.03125,2.869565217391304,0.0,0
PRV51679,38,2,36,39420,1037.3684210526317,25000,4089.331990786234,16,7,1.5263157894736843,76.97368421052632,2.736842105263158,0.05263157894736842,2206.0,2.375,5.428571428571429,0.05263157894736842,0
PRV51681,26,1,25,69130,2658.846153846154,51000,9986.472180674447,26,9,2.0384615384615383,70.84615384615384,2.769230769230769,0.07692307692307693,1068.0,1.0,2.888888888888889,0.038461538461538464,0
PRV51682,16,0,16,9110,569.375,6200,1515.5349715529496,16,7,1.625,79.8125,2.1875,0.0,0.0,1.0,2.2857142857142856,0.0,0
PRV51685,55,0,55,11830,215.0909090909091,2500,474.7821049050261,40,4,0.32727272727272727,74.52727272727273,2.5454545454545454,0.0,80.0,1.375,13.75,0.0,0
PRV51687,10,0,10,2530,253.0,1500,452.5986694142566,6,4,2.1,71.9,3.6,0.0,100.0,1.6666666666666667,2.5,0.0,0
PRV51688,9,2,7,22660,2517.777777777778,18000,5948.581296783666,9,5,0.6666666666666666,72.11111111111111,3.2222222222222223,0.0,2136.0,1.0,1.8,0.2222222222222222,0
PRV51689,1,0,1,1700,1700.0,1700,0.0,1,1,0.0,67.0,2.0,0.0,0.0,1.0,1.0,0.0,0
PRV51690,255,7,248,125280,491.29411764705884,11000,1354.3390068360661,221,27,1.5607843137254902,74.85882352941177,2.788235294117647,0.0196078431372549,7816.0,1.1538461538461537,9.444444444444445,0.027450980392156862,0
PRV51691,88,0,88,26790,304.4318181818182,3300,610.2550022012099,49,4,1.2727272727272727,72.26136363636364,2.6136363636363638,0.0,180.0,1.7959183673469388,22.0,0.0,0
PRV51692,11,0,11,970,88.18181818181819,200,75.34164609539425,11,1,0.09090909090909091,71.54545454545455,3.6363636363636362,0.0,0.0,1.0,11.0,0.0,0
PRV51693,113,0,113,21100,186.72566371681415,3300,406.01161682420775,51,1,0.911504424778761,74.15929203539822,2.424778761061947,0.0,380.0,2.215686274509804,113.0,0.0,0
PRV51694,26,0,26,5940,228.46153846153845,1100,302.8490357612823,21,1,0.038461538461538464,69.92307692307692,1.8846153846153846,0.0,70.0,1.2380952380952381,26.0,0.0,0
PRV51695,429,0,429,113180,263.8228438228438,3300,542.4066536171505,177,1,1.393939393939394,71.68997668997669,2.5524475524475525,0.0,1270.0,2.4237288135593222,429.0,0.0,0
PRV51696,9,0,9,730,81.11111111111111,300,101.0500426081608,9,3,0.7777777777777778,67.66666666666667,1.7777777777777777,0.0,0.0,1.0,3.0,0.0,0
PRV51697,63,0,63,21600,342.85714285714283,2300,571.5582226189366,54,2,2.253968253968254,74.17460317460318,2.9682539682539684,0.0,380.0,1.1666666666666667,31.5,0.0,0
PRV51698,13,0,13,1910,146.92307692307693,700,230.7012720447742,13,2,1.6923076923076923,72.0,2.076923076923077,0.0,0.0,1.0,6.5,0.0,0
PRV51699,209,0,209,53760,257.2248803827751,3300,503.2652536504349,131,1,1.2535885167464116,72.35406698564593,2.736842105263158,0.004784688995215311,1020.0,1.5954198473282444,209.0,0.0,0
PRV51702,10,0,10,3230,323.0,2300,707.9869741425724,10,4,0.0,70.3,1.7,0.0,80.0,1.0,2.5,0.0,0
PRV51703,2,0,2,80,40.0,60,28.284271247461902,2,2,0.0,69.5,3.5,0.0,0.0,1.0,1.0,0.0,0
PRV51704,1,0,1,600,600.0,600,0.0,1,1,0.0,67.0,1.0,0.0,0.0,1.0,1.0,0.0,0
PRV51705,1,0,1,400,400.0,400,0.0,1,1,0.0,79.0,3.0,0.0,0.0,1.0,1.0,0.0,0
PRV51706,2,0,2,330,165.0,300,190.91883092036784,2,1,0.0,79.5,3.0,0.0,0.0,1.0,2.0,0.0,0
PRV51707,12,0,12,270,22.5,40,14.222261679238196,12,1,1.6666666666666667,75.91666666666667,2.25,0.0,40.0,1.0,12.0,0.0,0
PRV51708,4,0,4,410,102.5,200,77.62087348130012,4,3,0.0,82.0,2.25,0.0,50.0,1.0,1.3333333333333333,0.0,0
PRV51709,10,0,10,1610,161.0,1000,307.9484083774784,10,9,0.0,70.7,2.5,0.0,0.0,1.0,1.1111111111111112,0.0,0
PRV51710,17,14,3,121080,7122.35294117647,37000,8568.21490262978,17,11,3.3529411764705883,77.05882352941177,6.764705882352941,0.5882352941176471,15032.0,1.0,1.5454545454545454,0.8235294117647058,0
PRV51711,1,1,0,4000,4000.0,4000,0.0,1,1,3.0,66.0,6.0,0.0,1068.0,1.0,1.0,1.0,0
PRV51712,3,0,3,860,286.6666666666667,800,444.5597072760118,3,1,4.333333333333333,79.0,2.3333333333333335,0.0,0.0,1.0,3.0,0.0,0
PRV51713,13,0,13,1380,106.15384615384616,500,155.96679462514135,13,2,0.3076923076923077,72.07692307692308,2.3846153846153846,0.0,50.0,1.0,6.5,0.0,0
PRV51715,12,3,9,67340,5611.666666666667,38000,11585.93334674214,12,6,1.3333333333333333,74.58333333333333,4.083333333333333,0.3333333333333333,3204.0,1.0,2.0,0.25,0
PRV51716,82,0,82,23030,280.8536585365854,2100,485.93857565276454,64,3,0.6707317073170732,73.8048780487805,2.341463414634146,0.0,110.0,1.28125,27.333333333333332,0.0,0
PRV51718,8,0,8,2170,271.25,1000,378.1321575473694,8,2,2.5,83.0,2.25,0.0,0.0,1.0,4.0,0.0,0
PRV51719,4,0,4,4740,1185.0,2400,1290.310040261642,4,3,5.25,72.75,2.75,0.0,0.0,1.0,1.3333333333333333,0.0,0
PRV51720,4,0,4,720,180.0,400,200.66555924389883,4,1,0.0,74.25,2.25,0.0,0.0,1.0,4.0,0.0,0
PRV51721,5,0,5,680,136.0,200,90.1665126307988,5,2,0.4,83.6,4.0,0.0,0.0,1.0,2.5,0.0,0
PRV51722,1,0,1,30,30.0,30,0.0,1,1,0.0,70.0,0.0,0.0,0.0,1.0,1.0,0.0,0
PRV51723,16,0,16,5340,333.75,3300,801.3977372898761,16,3,1.25,76.1875,1.8125,0.0,100.0,1.0,5.333333333333333,0.0,0
PRV51724,6,0,6,2480,413.3333333333333,1400,521.5234095097426,6,1,3.3333333333333335,68.5,2.5,0.0,0.0,1.0,6.0,0.0,0
PRV51725,4,0,4,190,47.5,70,22.173557826083453,4,3,0.0,73.25,2.5,0.0,80.0,1.0,1.3333333333333333,0.0,0
PRV51726,21,0,21,6790,323.3333333333333,2900,643.0033696127365,21,2,3.0952380952380953,71.9047619047619,3.4285714285714284,0.0,0.0,1.0,10.5,0.0,0
PRV51727,3,0,3,1950,650.0,1000,522.0153254455275,3,1,0.0,52.666666666666664,1.6666666666666667,0.0,0.0,1.0,3.0,0.0,0
PRV51729,19,0,19,3740,196.8421052631579,800,233.14403348762156,19,3,0.5789473684210527,77.21052631578948,3.473684210526316,0.0,0.0,1.0,6.333333333333333,0.0,0
PRV51731,38,0,38,8720,229.47368421052633,2200,411.1286204243213,38,3,1.8421052631578947,71.6842105263158,2.6578947368421053,0.0,230.0,1.0,12.666666666666666,0.0,0
PRV51732,12,0,12,6960,580.0,3300,979.2947369501084,12,2,2.0833333333333335,71.08333333333333,2.75,0.0,60.0,1.0,6.0,0.0,0
PRV51733,2,0,2,70,35.0,60,35.35533905932738,2,1,0.0,73.0,2.0,0.0,0.0,1.0,2.0,0.0,0
PRV51734,20,0,20,7900,395.0,2500,723.8820782129467,20,1,1.0,78.0,1.7,0.0,30.0,1.0,20.0,0.0,0
PRV51735,4,0,4,350,87.5,200,83.01606270274848,4,1,0.0,75.75,2.75,0.0,0.0,1.0,4.0,0.0,0
PRV51736,21,0,21,5620,267.6190476190476,1600,446.753900507928,21,2,0.0,78.38095238095238,2.1904761904761907,0.0,0.0,1.0,10.5,0.0,0
PRV51737,152,0,152,50300,330.92105263157896,3300,598.9641779282535,106,4,1.3157894736842106,72.65789473684211,2.723684210526316,0.0,380.0,1.4339622641509433,38.0,0.0,0
PRV51738,16,0,16,850,53.125,100,28.217902119044922,14,2,0.6875,75.5625,2.8125,0.0,0.0,1.1428571428571428,8.0,0.0,0
PRV51739,74,0,74,13700,185.13513513513513,1300,296.08515640690604,72,6,0.5135135135135135,72.91891891891892,2.2432432432432434,0.0,110.0,1.0277777777777777,12.333333333333334,0.0,0
PRV51740,57,0,57,14010,245.78947368421052,2800,482.4526156171085,51,3,1.9473684210526316,73.42105263157895,2.543859649122807,0.0,350.0,1.1176470588235294,19.0,0.0,0
PRV51741,35,0,35,5190,148.28571428571428,800,200.78501400438103,34,2,2.057142857142857,73.28571428571429,2.657142857142857,0.0,0.0,1.0294117647058822,17.5,0.0,0
PRV51742,13,0,13,2830,217.69230769230768,1900,509.13576850308874,13,4,1.6153846153846154,81.23076923076923,3.3846153846153846,0.0,50.0,1.0,3.25,0.0,0
PRV51743,118,0,118,29380,248.98305084745763,3300,525.5056821124708,115,1,0.4491525423728814,73.32203389830508,2.3220338983050848,0.0,390.0,1.0260869565217392,118.0,0.0,0
PRV51744,5,0,5,660,132.0,300,116.06032913963324,5,1,0.6,75.0,3.6,0.0,0.0,1.0,5.0,0.0,0
PRV51745,13,0,13,2290,176.15384615384616,800,207.02409125262295,12,3,0.3076923076923077,74.92307692307692,2.6153846153846154,0.0,200.0,1.0833333333333333,4.333333333333333,0.0,0
PRV51746,26,0,26,10490,403.46153846153845,3100,763.9263959711947,25,3,2.576923076923077,73.88461538461539,3.0384615384615383,0.0,0.0,1.04,8.666666666666666,0.0,0
PRV51747,4,0,4,1500,375.0,500,189.29694486000912,4,1,0.0,65.75,3.25,0.0,0.0,1.0,4.0,0.0,0
PRV51748,18,0,18,8060,447.77777777777777,3300,956.0984170086969,18,1,1.6111111111111112,74.0,2.611111111111111,0.0,0.0,1.0,18.0,0.0,0
PRV51749,6,0,6,2780,463.3333333333333,2200,856.0996826694113,6,2,3.3333333333333335,71.83333333333333,1.5,0.0,80.0,1.0,3.0,0.0,0
PRV51750,3,0,3,1600,533.3333333333334,1100,513.1601439446883,3,1,0.0,78.0,5.0,0.0,80.0,1.0,3.0,0.0,0
PRV51751,2,0,2,900,450.0,500,70.71067811865476,2,2,3.5,75.5,2.0,0.0,0.0,1.0,1.0,0.0,0
PRV51752,87,0,87,32740,376.32183908045977,3300,755.6594454784274,69,3,1.9425287356321839,73.03448275862068,2.4597701149425286,0.0,150.0,1.2608695652173914,29.0,0.0,0
PRV51753,4,0,4,1210,302.5,700,291.0183270288431,4,1,5.25,75.5,3.0,0.0,0.0,1.0,4.0,0.0,0
PRV51754,9,0,9,2120,235.55555555555554,1000,340.59180521230655,9,1,0.0,69.22222222222223,2.5555555555555554,0.0,0.0,1.0,9.0,0.0,0
PRV51755,6,0,6,590,98.33333333333333,200,54.55883674224247,6,1,3.3333333333333335,70.0,2.0,0.0,0.0,1.0,6.0,0.0,0
PRV51758,7,0,7,910,130.0,300,120.83045973594572,7,3,2.857142857142857,78.28571428571429,2.7142857142857144,0.0,0.0,1.0,2.3333333333333335,0.0,0
PRV51759,13,0,13,1090,83.84615384615384,200,59.2365964499511,13,2,1.5384615384615385,74.07692307692308,2.076923076923077,0.0,0.0,1.0,6.5,0.0,0
PRV51761,11,0,11,1870,170.0,600,199.39909728983227,11,2,1.9090909090909092,67.0909090909091,2.3636363636363638,0.0,0.0,1.0,5.5,0.0,0
PRV51762,14,0,14,3100,221.42857142857142,1800,467.544438741177,14,2,0.07142857142857142,76.5,3.142857142857143,0.0,0.0,1.0,7.0,0.0,0
PRV51763,11,0,11,3960,360.0,2300,654.4157699811336,11,1,0.6363636363636364,67.36363636363636,3.3636363636363638,0.0,0.0,1.0,11.0,0.0,0
PRV51764,33,0,33,6060,183.63636363636363,1500,351.708492414334,33,1,1.5151515151515151,73.39393939393939,2.515151515151515,0.0,100.0,1.0,33.0,0.0,0
PRV51765,14,0,14,2870,205.0,1700,438.8577831668864,14,2,0.07142857142857142,72.64285714285714,2.357142857142857,0.0,0.0,1.0,7.0,0.0,0
PRV51766,23,0,23,2290,99.56521739130434,500,133.77315469478938,23,1,2.260869565217391,76.08695652173913,2.652173913043478,0.0,0.0,1.0,23.0,0.0,0
PRV51767,12,0,12,4060,338.3333333333333,2870,808.1722738639481,12,2,0.08333333333333333,72.08333333333333,3.3333333333333335,0.0,200.0,1.0,6.0,0.0,0
PRV51769,15,0,15,4800,320.0,3000,750.8376274915522,15,7,0.2,73.06666666666666,2.533333333333333,0.0,0.0,1.0,2.142857142857143,0.0,0
PRV51770,15,0,15,6820,454.6666666666667,3300,895.0089119002962,15,10,1.6666666666666667,70.4,3.2,0.0,130.0,1.0,1.5,0.0,0
PRV51771,40,0,40,8530,213.25,2300,486.4385881074815,34,1,0.675,74.25,2.475,0.0,60.0,1.1764705882352942,40.0,0.0,0
PRV51773,5,0,5,760,152.0,400,155.3061492665374,5,2,0.0,80.6,2.6,0.0,0.0,1.0,2.5,0.0,0
PRV51774,3,0,3,2990,996.6666666666666,2800,1561.7404820690708,3,2,6.666666666666667,73.66666666666667,2.0,0.0,0.0,1.0,1.5,0.0,0
PRV51775,39,0,39,9610,246.4102564102564,2700,523.4274050076957,36,1,0.46153846153846156,74.07692307692308,2.0256410256410255,0.0,220.0,1.0833333333333333,39.0,0.0,0
PRV51776,54,0,54,12640,234.07407407407408,1400,326.3723913043661,31,1,0.9629629629629629,74.01851851851852,2.7222222222222223,0.0,80.0,1.7419354838709677,54.0,0.0,0
PRV51778,3,0,3,250,83.33333333333333,200,101.15993936995679,3,1,0.0,71.0,3.6666666666666665,0.0,0.0,1.0,3.0,0.0,0
PRV51779,24,0,24,7690,320.4166666666667,2100,591.0821260283083,22,4,1.7083333333333333,75.83333333333333,3.2083333333333335,0.0,0.0,1.0909090909090908,6.0,0.0,0
PRV51780,34,0,34,5120,150.58823529411765,1300,267.81881229860215,16,2,0.0,72.70588235294117,2.264705882352941,0.0,40.0,2.125,17.0,0.0,0
PRV51781,24,0,24,3000,125.0,1000,212.23448885812496,20,1,1.7916666666666667,72.20833333333333,3.25,0.0,100.0,1.2,24.0,0.0,0
PRV51784,8,0,8,3820,477.5,2000,689.9430618329519,7,2,3.125,69.25,2.875,0.0,0.0,1.1428571428571428,4.0,0.0,0
PRV51786,5,0,5,280,56.0,90,26.076809620810597,4,2,2.8,65.0,1.4,0.0,70.0,1.25,2.5,0.0,0
PRV51787,3,0,3,150,50.0,60,10.0,3,1,4.666666666666667,76.33333333333333,2.3333333333333335,0.0,0.0,1.0,3.0,0.0,0
PRV51788,139,0,139,38790,279.0647482014389,3300,504.75118290783274,85,1,1.0359712230215827,74.05755395683454,3.014388489208633,0.0,220.0,1.6352941176470588,139.0,0.0,0
PRV51789,32,0,32,6940,216.875,3300,587.9567544992491,28,1,0.15625,75.21875,2.59375,0.0,80.0,1.1428571428571428,32.0,0.0,0
PRV51790,76,0,76,18580,244.47368421052633,2200,434.2453829709407,74,7,0.9210526315789473,73.25,2.473684210526316,0.0,50.0,1.027027027027027,10.857142857142858,0.0,0
PRV51792,46,0,46,21390,465.0,3300,787.4029040671195,26,3,2.4130434782608696,74.78260869565217,2.5217391304347827,0.0,200.0,1.7692307692307692,15.333333333333334,0.0,0
PRV51793,25,0,25,5000,200.0,2000,415.9026328361003,12,1,2.12,65.6,2.48,0.0,0.0,2.0833333333333335,25.0,0.0,0
PRV51794,11,0,11,2020,183.63636363636363,800,263.7905505234305,11,1,3.1818181818181817,76.45454545454545,3.272727272727273,0.0,0.0,1.0,11.0,0.0,0
PRV51795,36,0,36,7510,208.61111111111111,2000,360.7702298280149,26,3,1.3611111111111112,74.47222222222223,2.6666666666666665,0.0,0.0,1.3846153846153846,12.0,0.0,0
PRV51796,4,0,4,140,35.0,100,43.58898943540674,4,4,0.0,73.25,2.0,0.0,0.0,1.0,1.0,0.0,0
PRV51797,5,0,5,450,90.0,200,61.644140029689765,4,1,7.6,65.0,2.6,0.0,100.0,1.25,5.0,0.0,0
PRV51798,10,0,10,1420,142.0,600,197.19139039127558,8,1,0.1,76.2,2.8,0.0,0.0,1.25,10.0,0.0,0
PRV51799,3,0,3,730,243.33333333333334,700,395.7692930652065,3,1,1.0,82.66666666666667,2.6666666666666665,0.0,0.0,1.0,3.0,0.0,0
PRV51801,20,0,20,5030,251.5,3300,729.3925013685235,20,1,0.1,80.05,2.7,0.0,40.0,1.0,20.0,0.0,0
PRV51802,24,0,24,4930,205.41666666666666,1600,386.207639204237,22,1,1.9583333333333333,79.29166666666667,2.5833333333333335,0.0,200.0,1.0909090909090908,24.0,0.0,0
PRV51803,5,2,3,33570,6714.0,21000,9483.48459164668,5,3,1.6,74.8,5.6,0.4,2136.0,1.0,1.6666666666666667,0.4,0
PRV51805,3,3,0,67000,22333.333333333332,57000,30022.21399786054,3,2,12.0,71.66666666666667,8.666666666666666,0.6666666666666666,3204.0,1.0,1.5,1.0,1
PRV51806,1,1,0,13000,13000.0,13000,0.0,1,1,4.0,70.0,9.0,1.0,1068.0,1.0,1.0,1.0,0
PRV51807,7,7,0,98000,14000.0,34000,10847.426730181987,7,2,4.714285714285714,78.0,7.857142857142857,1.0,7476.0,1.0,3.5,1.0,0
PRV51809,27,27,0,242020,8963.703703703704,33000,8191.47030483452,26,1,5.888888888888889,74.29629629629629,8.148148148148149,0.6666666666666666,28836.0,1.0384615384615385,27.0,1.0,0
PRV51810,3,3,0,29000,9666.666666666666,14000,4041.451884327381,3,3,4.666666666666667,83.66666666666667,8.333333333333334,0.6666666666666666,3204.0,1.0,1.0,1.0,0
PRV51811,15,15,0,199000,13266.666666666666,57000,15087.680247078915,15,1,5.466666666666667,70.4,9.0,0.8,16020.0,1.0,15.0,1.0,0
PRV51812,1,1,0,6000,6000.0,6000,0.0,1,1,7.0,58.0,10.0,1.0,1068.0,1.0,1.0,1.0,0
PRV51813,10,10,0,110000,11000.0,30000,9043.106644167025,10,2,8.1,76.4,7.1,0.9,10680.0,1.0,5.0,1.0,0
PRV51815,5,0,5,810,162.0,500,191.88538245525635,5,1,0.0,64.8,4.0,0.0,0.0,1.0,5.0,0.0,0
PRV51816,7,7,0,68000,9714.285714285714,24000,6872.997543873796,7,1,3.857142857142857,73.0,7.714285714285714,0.7142857142857143,6408.0,1.0,7.0,1.0,0
PRV51818,29,29,0,267000,9206.896551724138,35000,7603.473409026522,27,3,6.0,73.48275862068965,8.275862068965518,0.5862068965517241,30972.0,1.0740740740740742,9.666666666666666,1.0,1
PRV51819,3,2,1,7050,2350.0,5000,2493.4915279583365,3,1,4.0,78.66666666666667,6.333333333333333,0.0,2136.0,1.0,3.0,0.6666666666666666,0
PRV51820,5,5,0,25000,5000.0,13000,4527.6925690687085,5,2,4.0,79.4,6.4,0.6,5340.0,1.0,2.5,1.0,0
PRV51821,10,10,0,138000,13800.0,27000,10108.302418199495,10,1,11.5,73.6,8.7,0.4,9612.0,1.0,10.0,1.0,0
PRV51822,1,1,0,600,600.0,600,0.0,1,1,17.0,89.0,1.0,0.0,1068.0,1.0,1.0,1.0,0
PRV51823,11,8,3,44530,4048.181818181818,12000,3948.485325240093,11,2,3.8181818181818183,72.0,7.363636363636363,0.18181818181818182,8544.0,1.0,5.5,0.7272727272727273,0
PRV51824,10,10,0,59900,5990.0,10000,3786.0709625327063,9,4,6.9,65.8,8.6,0.3,9612.0,1.1111111111111112,2.5,1.0,0
PRV51826,21,21,0,265000,12619.047619047618,57000,14810.388889141941,20,3,5.809523809523809,69.19047619047619,8.476190476190476,0.8095238095238095,21360.0,1.05,7.0,1.0,1
PRV51827,18,18,0,130000,7222.222222222223,22000,5610.447770277034,17,1,6.722222222222222,69.22222222222223,8.0,0.5,18156.0,1.0588235294117647,18.0,1.0,0
PRV51828,11,11,0,111000,10090.90909090909,23000,6934.760925288563,11,3,3.3636363636363638,75.0909090909091,8.0,0.8181818181818182,11748.0,1.0,3.6666666666666665,1.0,0
PRV51829,5,5,0,36000,7200.0,14000,3898.7177379235854,5,1,10.0,74.6,7.4,0.4,5340.0,1.0,5.0,1.0,0
PRV51830,6,6,0,20000,3333.3333333333335,5000,1751.1900715418262,6,2,4.0,69.0,8.0,0.16666666666666666,6408.0,1.0,3.0,1.0,0
PRV51831,2,2,0,28000,14000.0,14000,0.0,2,1,4.0,67.0,9.0,1.0,1068.0,1.0,2.0,1.0,0
PRV51833,3,3,0,15000,5000.0,10000,5000.0,3,1,3.3333333333333335,80.33333333333333,9.0,0.6666666666666666,3204.0,1.0,3.0,1.0,0
PRV51836,1794,0,1794,505000,281.4938684503902,5600,583.8749705875512,644,4,1.5512820512820513,74.49442586399108,2.6426978818283167,0.0,5250.0,2.7857142857142856,448.5,0.0,1
PRV51837,104,15,89,200310,1926.0576923076924,36000,5549.049672555108,99,69,2.3653846153846154,74.28846153846153,3.0865384615384617,0.09615384615384616,15172.0,1.0505050505050506,1.5072463768115942,0.14423076923076922,0
PRV51838,200,0,200,54000,270.0,3300,555.1875051089909,169,96,1.045,73.685,2.29,0.0,870.0,1.183431952662722,2.0833333333333335,0.0,0
PRV51840,118,39,79,380600,3225.423728813559,57000,7374.248174811153,111,38,2.9661016949152543,72.89830508474576,4.3559322033898304,0.2542372881355932,41972.0,1.063063063063063,3.1052631578947367,0.3305084745762712,1
PRV51841,56,8,48,132310,2362.6785714285716,57000,8153.396501641938,52,29,1.7678571428571428,73.17857142857143,3.4285714285714284,0.07142857142857142,8934.0,1.0769230769230769,1.9310344827586208,0.14285714285714285,0
PRV51842,294,117,177,1220600,4151.700680272109,45000,6964.7481326850675,223,86,3.078231292517007,71.24829931972789,4.605442176870748,0.3129251700680272,123350.0,1.3183856502242153,3.4186046511627906,0.3979591836734694,1
PRV51843,50,0,50,18810,376.2,3100,655.2796256218426,36,12,1.6,72.34,2.74,0.0,50.0,1.3888888888888888,4.166666666666667,0.0,0
PRV51845,45,11,34,110280,2450.6666666666665,32000,5593.703196858541,40,15,1.9777777777777779,72.55555555555556,3.422222222222222,0.08888888888888889,11818.0,1.125,3.0,0.24444444444444444,0
PRV51846,29,2,27,19070,657.5862068965517,10000,1919.9844775645113,25,9,1.2413793103448276,65.89655172413794,2.793103448275862,0.13793103448275862,2236.0,1.16,3.2222222222222223,0.06896551724137931,0
PRV51847,42,0,42,9420,224.28571428571428,2700,546.3052968367746,38,23,0.8333333333333334,75.19047619047619,2.261904761904762,0.0,0.0,1.105263157894737,1.826086956521739,0.0,0
PRV51848,57,0,57,15680,275.0877192982456,3300,618.3362550512276,55,23,0.8947368421052632,74.63157894736842,2.719298245614035,0.0,0.0,1.0363636363636364,2.4782608695652173,0.0,0
PRV51849,146,3,143,50620,346.71232876712327,9000,981.5547902841248,111,51,1.0410958904109588,75.13698630136986,2.6780821917808217,0.0136986301369863,3784.0,1.3153153153153154,2.8627450980392157,0.02054794520547945,0
PRV51851,472,53,419,669490,1418.4110169491526,57000,4990.308549885776,336,7,1.7923728813559323,72.88347457627118,3.0508474576271185,0.07838983050847458,55618.0,1.4047619047619047,67.42857142857143,0.11228813559322035,1
PRV51852,19,0,19,7740,407.36842105263156,3300,1020.3912218428945,18,11,0.15789473684210525,76.94736842105263,2.3157894736842106,0.0,60.0,1.0555555555555556,1.7272727272727273,0.0,0
PRV51855,120,16,104,145170,1209.75,24000,3467.38257966748,92,33,2.058333333333333,70.94166666666666,3.183333333333333,0.15833333333333333,17288.0,1.3043478260869565,3.6363636363636362,0.13333333333333333,0
PRV51856,117,0,117,31500,269.2307692307692,2200,420.17679744847686,107,57,1.7606837606837606,72.06837606837607,2.4957264957264957,0.0,300.0,1.0934579439252337,2.0526315789473686,0.0,0
PRV51857,57,26,31,383490,6727.894736842105,57000,11344.04433688855,47,24,2.824561403508772,71.12280701754386,4.894736842105263,0.47368421052631576,26700.0,1.2127659574468086,2.375,0.45614035087719296,1
PRV51858,61,0,61,14380,235.7377049180328,3300,520.6773121502205,59,19,1.5245901639344261,72.73770491803279,2.4754098360655736,0.0,200.0,1.0338983050847457,3.210526315789474,0.0,0
PRV51859,65,0,65,15500,238.46153846153845,3400,490.35774813277516,60,16,1.4307692307692308,74.55384615384615,2.6769230769230767,0.0,160.0,1.0833333333333333,4.0625,0.0,0
PRV51860,776,4,772,244610,315.21907216494844,10000,740.8465626327863,351,8,1.2951030927835052,75.72938144329896,2.6469072164948453,0.001288659793814433,5612.0,2.2108262108262107,97.0,0.005154639175257732,0
PRV51861,21,0,21,2760,131.42857142857142,900,201.50150655232613,20,11,0.9047619047619048,75.47619047619048,2.380952380952381,0.0,0.0,1.05,1.9090909090909092,0.0,0
PRV51862,20,8,12,92870,4643.5,24000,7399.554236218344,20,17,2.25,73.6,4.8,0.3,8554.0,1.0,1.1764705882352942,0.4,0
PRV51863,73,19,54,286700,3927.3972602739727,36000,7804.899285313121,66,46,3.8904109589041096,73.84931506849315,4.260273972602739,0.2465753424657534,18186.0,1.106060606060606,1.5869565217391304,0.2602739726027397,0
PRV51864,133,6,127,91090,684.8872180451128,36000,3245.049286767077,75,13,1.0300751879699248,73.19548872180451,2.81203007518797,0.015037593984962405,6738.0,1.7733333333333334,10.23076923076923,0.045112781954887216,0
PRV51865,28,0,28,11670,416.7857142857143,3300,744.4015919909965,27,11,0.9285714285714286,74.92857142857143,2.5714285714285716,0.0,0.0,1.037037037037037,2.5454545454545454,0.0,0
PRV51867,102,0,102,32130,315.0,3300,564.4409307947428,97,65,1.4313725490196079,73.97058823529412,2.7450980392156863,0.0,300.0,1.0515463917525774,1.5692307692307692,0.0,0
PRV51868,144,100,44,1099710,7636.875,57000,10348.364383362192,123,35,4.138888888888889,72.30555555555556,6.083333333333333,0.5902777777777778,101510.0,1.170731707317073,4.114285714285714,0.6944444444444444,1
PRV51869,21,2,19,26480,1260.952380952381,18000,3944.350269387729,21,11,0.42857142857142855,73.52380952380952,2.619047619047619,0.0,2206.0,1.0,1.9090909090909092,0.09523809523809523,0
PRV51870,55,0,55,19290,350.72727272727275,3300,654.477044685451,54,26,1.1272727272727272,72.45454545454545,2.5090909090909093,0.0,60.0,1.0185185185185186,2.1153846153846154,0.0,0
PRV51871,30,0,30,5920,197.33333333333334,1100,254.86890928385174,29,17,1.5333333333333334,74.73333333333333,2.6666666666666665,0.0,20.0,1.0344827586206897,1.7647058823529411,0.0,0
PRV51872,24,0,24,8840,368.3333333333333,2600,571.3117375385135,23,19,0.0,76.83333333333333,2.5416666666666665,0.0,110.0,1.0434782608695652,1.263157894736842,0.0,0
PRV51873,144,26,118,341480,2371.3888888888887,78000,7645.26926363239,130,69,1.7430555555555556,72.88194444444444,3.548611111111111,0.13194444444444445,28248.0,1.1076923076923078,2.0869565217391304,0.18055555555555555,1
PRV51874,44,0,44,11290,256.59090909090907,2100,456.3706326375943,42,12,0.6136363636363636,74.86363636363636,2.8181818181818183,0.0,70.0,1.0476190476190477,3.6666666666666665,0.0,0
PRV51875,1,0,1,50,50.0,50,0.0,1,1,0.0,74.0,2.0,0.0,0.0,1.0,1.0,0.0,0
PRV51876,61,18,43,242320,3972.4590163934427,39000,8176.250700603896,57,38,3.540983606557377,74.75409836065573,4.622950819672131,0.22950819672131148,18336.0,1.0701754385964912,1.605263157894737,0.29508196721311475,1
PRV51877,4,0,4,290,72.5,100,37.749172176353746,4,2,0.0,75.0,1.5,0.0,0.0,1.0,2.0,0.0,0
PRV51878,12,0,12,3110,259.1666666666667,1700,470.40520894868985,12,11,3.3333333333333335,73.25,2.1666666666666665,0.0,90.0,1.0,1.0909090909090908,0.0,0
PRV51879,105,0,105,40710,387.7142857142857,11060,1210.245729294149,36,2,1.9619047619047618,73.6952380952381,2.8285714285714287,0.0,370.0,2.9166666666666665,52.5,0.0,0
PRV51884,44,5,39,84530,1921.1363636363637,51000,7756.58706292229,44,17,1.2954545454545454,75.1590909090909,3.159090909090909,0.11363636363636363,5400.0,1.0,2.588235294117647,0.11363636363636363,0
PRV51885,85,0,85,25670,302.0,3300,605.0792942920393,49,11,2.411764705882353,74.68235294117648,2.7411764705882353,0.0,120.0,1.7346938775510203,7.7272727272727275,0.0,0
PRV51886,18,0,18,2160,120.0,700,153.124324728403,5,2,1.2222222222222223,70.66666666666667,2.611111111111111,0.0,50.0,3.6,9.0,0.0,0
PRV51887,2,0,2,120,60.0,90,42.42640687119285,2,1,0.0,70.5,2.0,0.0,40.0,1.0,2.0,0.0,0
PRV51888,5,0,5,640,128.0,400,155.46703830716015,5,4,0.0,68.8,1.8,0.0,100.0,1.0,1.25,0.0,0
PRV51889,4,0,4,170,42.5,100,42.720018726587654,1,2,0.0,78.0,1.75,0.0,0.0,4.0,2.0,0.0,0
PRV51890,21,1,20,14510,690.952380952381,11000,2382.846836793974,18,7,2.0476190476190474,71.42857142857143,2.9523809523809526,0.0,1128.0,1.1666666666666667,3.0,0.047619047619047616,0
PRV51891,3,0,3,480,160.0,400,208.806130178211,3,3,0.0,67.0,4.666666666666667,0.0,0.0,1.0,1.0,0.0,0
PRV51892,5,0,5,750,150.0,500,198.36834424877372,5,2,0.0,60.2,1.6,0.0,0.0,1.0,2.5,0.0,0
PRV51894,20,0,20,9210,460.5,3300,883.2861788142111,20,11,0.55,75.85,2.6,0.0,0.0,1.0,1.8181818181818181,0.0,0
PRV51895,18,0,18,3730,207.22222222222223,1100,295.8895969694968,8,6,2.0,70.94444444444444,2.5555555555555554,0.0,200.0,2.25,3.0,0.0,0
PRV51896,5,0,5,530,106.0,200,53.665631459994955,4,3,4.0,67.0,2.2,0.0,0.0,1.25,1.6666666666666667,0.0,0
PRV51897,65,0,65,10930,168.15384615384616,1900,307.8955398532731,38,12,1.0307692307692307,75.41538461538461,2.246153846153846,0.0,190.0,1.7105263157894737,5.416666666666667,0.0,0
PRV51898,59,1,58,12520,212.20338983050848,6000,784.3667944681063,49,17,0.6949152542372882,75.88135593220339,2.6440677966101696,0.0,1068.0,1.2040816326530612,3.4705882352941178,0.01694915254237288,0
PRV51899,23,0,23,5500,239.1304347826087,1600,419.2950040189567,16,4,2.0,75.69565217391305,2.0,0.0,0.0,1.4375,5.75,0.0,0
PRV51901,7,0,7,3600,514.2857142857143,3300,1228.4523751840109,7,6,0.42857142857142855,77.0,2.0,0.0,0.0,1.0,1.1666666666666667,0.0,0
PRV51902,4,0,4,1300,325.0,1100,516.7526810122356,1,2,1.0,77.0,2.0,0.0,0.0,4.0,2.0,0.0,0
PRV51905,257,0,257,82540,321.16731517509726,3300,606.4627519910265,85,1,1.11284046692607,72.49027237354086,2.377431906614786,0.0,670.0,3.023529411764706,257.0,0.0,0
PRV51906,22,0,22,2730,124.0909090909091,1200,260.5609167584259,8,1,0.8181818181818182,70.5909090909091,3.090909090909091,0.0,0.0,2.75,22.0,0.0,0
PRV51908,22,0,22,14270,648.6363636363636,3300,1090.4053219944253,22,2,3.4545454545454546,71.95454545454545,2.590909090909091,0.0,160.0,1.0,11.0,0.0,0
PRV51909,16,0,16,3460,216.25,700,240.05207768315609,16,6,2.0,76.625,2.5,0.0,0.0,1.0,2.6666666666666665,0.0,0
PRV51910,82,0,82,27950,340.8536585365854,3300,661.5567148489678,49,3,2.024390243902439,68.42682926829268,2.3902439024390243,0.0,120.0,1.6734693877551021,27.333333333333332,0.0,0
PRV51911,93,0,93,25540,274.6236559139785,3300,542.6255798145695,56,2,1.7419354838709677,72.0752688172043,2.4408602150537635,0.0,210.0,1.6607142857142858,46.5,0.0,0
PRV51913,1,0,1,70,70.0,70,0.0,1,1,0.0,77.0,1.0,0.0,0.0,1.0,1.0,0.0,0
PRV51914,11,0,11,1680,152.72727272727272,500,173.03704280245364,11,3,0.0,77.18181818181819,3.090909090909091,0.0,0.0,1.0,3.6666666666666665,0.0,0
PRV51915,20,0,20,6170,308.5,2400,570.08101917276,16,3,0.55,76.6,2.15,0.0,0.0,1.25,6.666666666666667,0.0,0
PRV51916,43,0,43,7290,169.53488372093022,800,219.57701207171783,13,1,0.5116279069767442,67.0,3.116279069767442,0.0,0.0,3.3076923076923075,43.0,0.0,0
PRV51917,11,0,11,970,88.18181818181819,500,142.25457334076694,9,1,1.8181818181818181,71.72727272727273,2.727272727272727,0.0,0.0,1.2222222222222223,11.0,0.0,0
PRV51918,1,0,1,50,50.0,50,0.0,1,1,0.0,75.0,1.0,0.0,0.0,1.0,1.0,0.0,0
PRV51919,6,6,0,101000,16833.333333333332,40000,14729.788412148582,6,3,5.666666666666667,69.5,8.833333333333334,1.0,6408.0,1.0,2.0,1.0,0
PRV51920,18,9,9,100700,5594.444444444444,57000,13254.7750429009,18,3,3.4444444444444446,70.27777777777777,5.388888888888889,0.3333333333333333,9712.0,1.0,6.0,0.5,1
PRV51921,70,0,70,19290,275.57142857142856,3300,573.773766744112,24,1,0.45714285714285713,78.4,2.585714285714286,0.0,170.0,2.9166666666666665,70.0,0.0,0
PRV51922,24,0,24,5090,212.08333333333334,1000,273.81331575374116,11,7,0.041666666666666664,68.79166666666667,2.8333333333333335,0.0,100.0,2.1818181818181817,3.4285714285714284,0.0,0
PRV51923,9,0,9,1040,115.55555555555556,700,220.80031199655897,7,2,2.5555555555555554,71.66666666666667,1.6666666666666667,0.0,100.0,1.2857142857142858,4.5,0.0,0
PRV51924,50,0,50,15710,314.2,2800,550.2210687440057,25,6,0.78,71.38,3.02,0.0,100.0,2.0,8.333333333333334,0.0,0
PRV51925,4,0,4,1960,490.0,1700,810.6376091283536,3,1,0.0,75.75,2.5,0.0,0.0,1.3333333333333333,4.0,0.0,0
PRV51926,32,0,32,13870,433.4375,2700,777.629190075877,30,5,0.71875,76.0,2.53125,0.0,140.0,1.0666666666666667,6.4,0.0,0
PRV51927,6,5,1,64050,10675.0,23000,7566.620778128107,6,2,9.5,77.0,8.0,0.8333333333333334,5340.0,1.0,3.0,0.8333333333333334,0
PRV51928,30,0,30,7140,238.0,1900,471.1277738685598,30,9,1.5333333333333334,74.6,3.466666666666667,0.0,50.0,1.0,3.3333333333333335,0.0,0
PRV51929,111,8,103,106630,960.6306306306307,22000,2893.276305593328,109,40,2.684684684684685,74.15315315315316,2.8468468468468466,0.05405405405405406,9064.0,1.018348623853211,2.775,0.07207207207207207,0
PRV51930,6,0,6,1010,168.33333333333334,400,181.48461826465257,6,4,0.0,80.33333333333333,2.0,0.0,0.0,1.0,1.5,0.0,0
PRV51931,46,1,45,18430,400.6521739130435,5000,934.0982631486858,45,21,1.1304347826086956,75.6086956521739,2.5652173913043477,0.0,1158.0,1.0222222222222221,2.1904761904761907,0.021739130434782608,0
PRV51932,21,2,19,31970,1522.3809523809523,16000,4102.624653513778,21,8,2.0952380952380953,75.80952380952381,2.5238095238095237,0.14285714285714285,2216.0,1.0,2.625,0.09523809523809523,0
PRV51933,57,0,57,14370,252.10526315789474,3300,559.4025411164295,56,44,1.6140350877192982,75.56140350877193,2.6491228070175437,0.0,220.0,1.0178571428571428,1.2954545454545454,0.0,0
PRV51934,111,0,111,27270,245.67567567567568,3300,538.4635070299084,111,18,1.3783783783783783,74.09909909909909,2.4054054054054053,0.0,550.0,1.0,6.166666666666667,0.0,0
PRV51935,57,3,54,38280,671.578947368421,12000,2072.9230478737063,55,39,1.4035087719298245,75.54385964912281,2.982456140350877,0.05263157894736842,3304.0,1.0363636363636364,1.4615384615384615,0.05263157894736842,0
PRV51936,20,0,20,4770,238.5,1000,255.45161247443608,20,18,1.6,71.85,2.55,0.0,60.0,1.0,1.1111111111111112,0.0,0
PRV51937,90,0,90,18270,203.0,2600,421.9522578031412,87,45,1.5222222222222221,74.71111111111111,2.3777777777777778,0.0,160.0,1.0344827586206897,2.0,0.0,0
PRV51938,106,2,104,42020,396.41509433962267,8000,964.3948891642787,95,3,1.4622641509433962,74.02830188679245,2.6226415094339623,0.0,2296.0,1.1157894736842104,35.333333333333336,0.018867924528301886,0
PRV51940,251,193,58,1992270,7937.330677290836,71000,10737.119038467214,227,21,4.852589641434263,74.2788844621514,6.788844621513944,0.5657370517928287,200864.0,1.105726872246696,11.952380952380953,0.7689243027888446,1
PRV51941,27,2,25,17990,666.2962962962963,11000,2130.920978479544,27,20,1.1481481481481481,76.03703703703704,2.962962962962963,0.07407407407407407,2176.0,1.0,1.35,0.07407407407407407,0
PRV51942,53,0,53,11880,224.1509433962264,3300,518.1566215636415,52,31,0.5849056603773585,74.94339622641509,2.4339622641509435,0.0,50.0,1.0192307692307692,1.7096774193548387,0.0,0
PRV51943,89,1,88,28970,325.5056179775281,9000,1036.33972496294,85,58,0.4157303370786517,75.93258426966293,2.550561797752809,0.0,1268.0,1.0470588235294118,1.5344827586206897,0.011235955056179775,0
PRV51944,124,5,119,96100,775.0,22000,2465.1827551441625,111,49,2.532258064516129,74.37903225806451,2.596774193548387,0.04838709677419355,5620.0,1.117117117117117,2.5306122448979593,0.04032258064516129,0
PRV51946,91,23,68,201370,2212.8571428571427,28000,4357.143887587701,89,54,2.4505494505494507,72.81318681318682,3.978021978021978,0.14285714285714285,24684.0,1.0224719101123596,1.6851851851851851,0.25274725274725274,0
PRV51947,28,1,27,24090,860.3571428571429,22000,4144.572070250758,27,20,1.4642857142857142,73.39285714285714,2.2142857142857144,0.0,1208.0,1.037037037037037,1.4,0.03571428571428571,0
PRV51948,515,143,372,1519950,2951.359223300971,69000,7427.503370589872,354,8,2.586407766990291,75.50873786407767,4.163106796116505,0.1766990291262136,149482.0,1.4548022598870056,64.375,0.27766990291262134,1
PRV51949,71,19,52,260140,3663.943661971831,103000,12584.895876619408,68,20,2.6901408450704225,76.28169014084507,3.971830985915493,0.14084507042253522,20412.0,1.0441176470588236,3.55,0.2676056338028169,0
PRV51950,69,3,66,45770,663.3333333333334,19000,2373.807234025907,68,16,2.0434782608695654,75.98550724637681,2.927536231884058,0.07246376811594203,2166.0,1.0147058823529411,4.3125,0.043478260869565216,0
PRV51951,102,48,54,473010,4637.35294117647,45000,8009.022378440303,87,41,3.0294117647058822,74.09803921568627,5.0588235294117645,0.39215686274509803,51464.0,1.1724137931034482,2.4878048780487805,0.47058823529411764,1
PRV51952,19,0,19,2470,130.0,500,145.75474072716963,19,7,2.1052631578947367,73.84210526315789,2.210526315789474,0.0,260.0,1.0,2.7142857142857144,0.0,0
PRV51954,643,23,620,450930,701.2908242612752,57000,3102.407021662711,577,183,1.4510108864696734,73.20839813374806,2.7729393468118197,0.03732503888024884,24966.0,1.1143847487001732,3.5136612021857925,0.03576982892690513,0
PRV51956,14,2,12,24110,1722.142857142857,11000,3280.4788078558304,14,9,3.142857142857143,69.35714285714286,4.214285714285714,0.07142857142857142,2236.0,1.0,1.5555555555555556,0.14285714285714285,0
PRV51957,79,24,55,210190,2660.6329113924053,19000,4802.049066316712,77,45,2.6202531645569622,72.30379746835443,4.6075949367088604,0.21518987341772153,24634.0,1.025974025974026,1.7555555555555555,0.3037974683544304,0
PRV51958,29,1,28,11000,379.3103448275862,3300,804.8377433392698,29,17,1.1724137931034482,76.89655172413794,2.1724137931034484,0.0,1308.0,1.0,1.7058823529411764,0.034482758620689655,0
PRV51959,751,0,751,213350,284.08788282290277,3300,563.0438114389012,398,4,1.1065246338215713,75.1797603195739,2.5299600532623168,0.0,2050.0,1.8869346733668342,187.75,0.0,0
PRV51960,48,21,27,266640,5555.0,57000,10056.167579300713,45,6,2.8333333333333335,74.77083333333333,4.791666666666667,0.3958333333333333,22468.0,1.0666666666666667,8.0,0.4375,0
PRV51961,159,0,159,46610,293.1446540880503,3300,536.3945958779442,137,2,1.578616352201258,76.08176100628931,2.509433962264151,0.0,250.0,1.1605839416058394,79.5,0.0,0
PRV51963,54,0,54,13630,252.40740740740742,3500,570.0113709067241,48,1,1.7222222222222223,76.75925925925925,2.5185185185185186,0.0,330.0,1.125,54.0,0.0,0
PRV51964,17,0,17,2440,143.52941176470588,700,213.97842112204293,17,2,0.0,75.23529411764706,2.0,0.0,60.0,1.0,8.5,0.0,0
PRV51965,19,0,19,2680,141.05263157894737,500,171.97851082950598,18,3,0.3157894736842105,75.84210526315789,2.6315789473684212,0.0,0.0,1.0555555555555556,6.333333333333333,0.0,0
PRV51966,3,0,3,2450,816.6666666666666,2300,1284.8475914805356,3,2,0.0,80.66666666666667,3.0,0.0,0.0,1.0,1.5,0.0,0
PRV51967,57,0,57,16830,295.2631578947368,3300,639.6318842650207,53,4,0.7894736842105263,77.75438596491227,2.508771929824561,0.0,180.0,1.0754716981132075,14.25,0.0,0
PRV51968,1,0,1,90,90.0,90,0.0,1,1,0.0,41.0,1.0,0.0,0.0,1.0,1.0,0.0,0
PRV51969,42,0,42,15450,367.85714285714283,3300,745.1781116742943,39,2,2.3095238095238093,72.47619047619048,2.5,0.0,80.0,1.0769230769230769,21.0,0.0,0
PRV51970,35,0,35,25410,726.0,10400,1871.0050774917743,32,1,0.5714285714285714,74.14285714285714,2.5714285714285716,0.0,20.0,1.09375,35.0,0.0,0
PRV51972,35,0,35,9460,270.2857142857143,3300,616.1907922364426,34,3,3.3142857142857145,75.74285714285715,2.9714285714285715,0.0,70.0,1.0294117647058822,11.666666666666666,0.0,0
PRV51973,74,0,74,19060,257.56756756756755,3300,566.410981074408,63,2,1.5,76.43243243243244,2.4324324324324325,0.0,200.0,1.1746031746031746,37.0,0.0,0
PRV51974,4,0,4,710,177.5,500,217.00614430625384,4,2,1.25,65.25,4.0,0.0,50.0,1.0,2.0,0.0,0
PRV51976,7,7,0,61000,8714.285714285714,19000,5765.248931147314,7,1,6.714285714285714,77.28571428571429,8.142857142857142,1.0,7476.0,1.0,7.0,1.0,0
PRV51977,1,1,0,8000,8000.0,8000,0.0,1,1,3.0,74.0,9.0,1.0,1068.0,1.0,1.0,1.0,0
PRV51978,4,4,0,31000,7750.0,12000,4425.306015783918,4,2,5.25,81.75,8.0,0.0,4272.0,1.0,2.0,1.0,0
PRV51979,13,13,0,136000,10461.538461538461,22000,6715.844258361274,12,1,5.076923076923077,81.6923076923077,8.153846153846153,0.6153846153846154,13884.0,1.0833333333333333,13.0,1.0,1
PRV51981,5,5,0,18000,3600.0,6000,1816.590212458495,5,2,3.2,75.4,7.0,0.2,5340.0,1.0,2.5,1.0,0
PRV51983,40,0,40,7050,176.25,2400,392.3086664140747,39,25,1.925,76.25,2.7,0.0,280.0,1.0256410256410255,1.6,0.0,0
PRV51984,525,0,525,160780,306.247619047619,3300,606.8793091049506,337,34,1.9085714285714286,73.91428571428571,2.6952380952380954,0.0,1420.0,1.5578635014836795,15.441176470588236,0.0,0
PRV51987,2,0,2,30,15.0,20,7.0710678118654755,2,2,0.0,80.5,3.5,0.0,0.0,1.0,1.0,0.0,0
PRV51988,37,0,37,12230,330.5405405405405,2900,643.8769117443778,32,2,2.8378378378378377,73.27027027027027,2.945945945945946,0.0,190.0,1.15625,18.5,0.0,0
PRV51989,18,0,18,4060,225.55555555555554,900,260.81821982148733,18,1,0.05555555555555555,71.5,2.2777777777777777,0.0,0.0,1.0,18.0,0.0,0
PRV51990,89,0,89,18690,210.0,2200,373.65212309166554,49,4,0.6404494382022472,73.58426966292134,3.033707865168539,0.0,160.0,1.816326530612245,22.25,0.0,0
PRV51991,31,0,31,9570,308.7096774193548,1900,458.481129640642,30,2,2.3870967741935485,74.64516129032258,2.903225806451613,0.0,0.0,1.0333333333333334,15.5,0.0,0
PRV51992,61,0,61,10790,176.88524590163934,2700,380.76038389695316,54,2,0.8524590163934426,74.49180327868852,2.3442622950819674,0.0,190.0,1.1296296296296295,30.5,0.0,0
PRV51993,2,0,2,230,115.0,200,120.20815280171308,2,1,0.0,72.5,2.5,0.0,0.0,1.0,2.0,0.0,0
PRV51994,33,0,33,11780,356.969696969697,2100,536.257196038459,31,4,2.0303030303030303,71.45454545454545,3.272727272727273,0.0,30.0,1.064516129032258,8.25,0.0,0
PRV51995,20,0,20,9700,485.0,2600,748.0395430020641,20,2,1.0,73.15,2.05,0.0,0.0,1.0,10.0,0.0,0
PRV51996,41,0,41,10070,245.609756097561,2700,463.98302113594525,38,4,2.0,75.85365853658537,2.6341463414634148,0.0,180.0,1.0789473684210527,10.25,0.0,0
PRV51998,28,0,28,5360,191.42857142857142,2200,425.8996081126117,28,2,1.25,74.17857142857143,2.5714285714285716,0.0,180.0,1.0,14.0,0.0,0
PRV51999,17,0,17,2660,156.47058823529412,800,224.63696202068428,17,3,0.058823529411764705,77.47058823529412,2.764705882352941,0.0,0.0,1.0,5.666666666666667,0.0,0
PRV52001,1177,0,1177,320620,272.4044180118946,4300,566.011147080974,744,13,1.372982158028887,72.63891248937978,2.685641461342396,0.0,2850.0,1.581989247311828,90.53846153846153,0.0,0
PRV52002,188,24,164,343260,1825.8510638297873,57000,6320.82440801441,180,107,2.484042553191489,73.35106382978724,3.3404255319148937,0.11170212765957446,25284.0,1.0444444444444445,1.7570093457943925,0.1276595744680851,1
PRV52003,154,77,77,806950,5239.935064935065,57000,8409.495916188038,144,51,2.8701298701298703,75.08441558441558,5.266233766233766,0.36363636363636365,82426.0,1.0694444444444444,3.019607843137255,0.5,0
PRV52004,47,0,47,15680,333.6170212765957,3300,717.6817313615171,41,1,1.5106382978723405,73.57446808510639,2.425531914893617,0.0,190.0,1.146341463414634,47.0,0.0,0
PRV52007,18,0,18,1910,106.11111111111111,500,121.08037626444622,18,2,1.0,69.0,2.2777777777777777,0.0,40.0,1.0,9.0,0.0,0
PRV52008,25,0,25,4830,193.2,1200,293.6369640673099,24,3,1.72,73.12,2.6,0.0,100.0,1.0416666666666667,8.333333333333334,0.0,0
PRV52009,35,0,35,5770,164.85714285714286,1600,293.5119140639422,33,4,0.3142857142857143,75.4,3.0285714285714285,0.0,200.0,1.0606060606060606,8.75,0.0,0
PRV52010,7,0,7,1400,200.0,900,315.27765540868893,7,3,0.0,82.0,1.8571428571428572,0.0,0.0,1.0,2.3333333333333335,0.0,0
PRV52011,26,0,26,7070,271.9230769230769,1200,362.3812272264581,23,8,0.5769230769230769,71.3076923076923,2.6538461538461537,0.0,0.0,1.1304347826086956,3.25,0.0,0
PRV52012,1,1,0,8000,8000.0,8000,0.0,1,1,8.0,95.0,9.0,1.0,1068.0,1.0,1.0,1.0,0
PRV52013,62,0,62,14210,229.19354838709677,3200,535.9297066309141,56,15,1.3548387096774193,75.8225806451613,2.5,0.0,200.0,1.1071428571428572,4.133333333333334,0.0,0
PRV52014,351,0,351,93890,267.4928774928775,3300,538.7700111820675,299,113,1.5242165242165242,72.92022792022792,2.5868945868945867,0.0,950.0,1.173913043478261,3.106194690265487,0.0,0
PRV52017,280,23,257,304770,1088.4642857142858,32000,3495.489587156146,262,48,2.3607142857142858,73.67142857142858,3.0285714285714285,0.07857142857142857,23248.0,1.0687022900763359,5.833333333333333,0.08214285714285714,0
PRV52019,1961,516,1445,5996050,3057.6491585925546,98000,7675.095893259247,1734,643,2.493625701172871,73.36817950025497,4.045385007649158,0.20091789903110657,539426.0,1.1309111880046137,3.0497667185069983,0.2631310555838858,1
PRV52020,606,92,514,1164820,1922.145214521452,57000,5843.781325805801,577,93,1.9504950495049505,74.12871287128714,3.453795379537954,0.1254125412541254,97360.0,1.050259965337955,6.516129032258065,0.15181518151815182,1
PRV52021,613,181,432,1951850,3184.094616639478,82000,7703.435001419719,570,128,2.9543230016313213,74.3132137030995,4.261011419249592,0.20554649265905384,193530.0,1.075438596491228,4.7890625,0.29526916802610115,1
PRV52022,66,0,66,17770,269.24242424242425,2100,414.31801463298365,66,21,2.0454545454545454,73.3030303030303,2.8333333333333335,0.0,70.0,1.0,3.142857142857143,0.0,0
PRV52024,2,0,2,2100,1050.0,1700,919.2388155425118,2,1,1.0,79.5,3.0,0.0,30.0,1.0,2.0,0.0,0
PRV52025,119,0,119,35190,295.7142857142857,3300,628.0769296351773,117,42,0.8739495798319328,71.3109243697479,2.9159663865546217,0.0,290.0,1.017094017094017,2.8333333333333335,0.0,0
PRV52026,24,0,24,6960,290.0,3300,701.2659360353091,23,11,2.5833333333333335,69.625,2.9166666666666665,0.0,0.0,1.0434782608695652,2.1818181818181817,0.0,0
PRV52027,181,46,135,402620,2224.4198895027625,51000,5492.758194046857,179,89,2.022099447513812,72.55801104972376,4.149171270718232,0.1878453038674033,48430.0,1.011173184357542,2.033707865168539,0.2541436464088398,0
PRV52028,18,4,14,69530,3862.777777777778,46000,11018.856995039194,18,9,0.7777777777777778,71.33333333333333,2.5555555555555554,0.05555555555555555,4442.0,1.0,2.0,0.2222222222222222,0
PRV52029,168,11,157,166610,991.7261904761905,35000,3759.7805384137137,159,63,1.630952380952381,73.82738095238095,2.9166666666666665,0.05357142857142857,12148.0,1.0566037735849056,2.6666666666666665,0.06547619047619048,0
PRV52030,2275,4,2271,681360,299.4989010989011,28000,916.8658683565868,1179,20,1.3085714285714285,74.2210989010989,2.564835164835165,0.0013186813186813187,9732.0,1.9296013570822732,113.75,0.0017582417582417582,1
PRV52031,125,1,124,37770,302.16,11000,1056.922330591622,112,49,0.808,73.368,2.744,0.008,1108.0,1.1160714285714286,2.5510204081632653,0.008,0
PRV52032,627,56,571,698640,1114.2583732057417,26000,3321.6751447127517,568,103,1.4896331738437,74.57097288676236,3.0813397129186604,0.06060606060606061,60340.0,1.1038732394366197,6.087378640776699,0.08931419457735247,1
PRV52037,171,0,171,52660,307.953216374269,3300,632.6405150856442,159,86,1.5380116959064327,72.45029239766082,2.7660818713450293,0.0,320.0,1.0754716981132075,1.9883720930232558,0.0,0
PRV52038,259,22,237,240630,929.073359073359,18000,2470.672614697504,217,85,1.5096525096525097,73.41312741312741,3.0965250965250966,0.07722007722007722,23618.0,1.1935483870967742,3.0470588235294116,0.08494208494208494,0
PRV52039,50,0,50,10170,203.4,1400,308.9522121425174,46,9,0.52,70.64,2.56,0.0,0.0,1.0869565217391304,5.555555555555555,0.0,0
PRV52041,1885,0,1885,604980,320.9442970822281,6060,650.4193972590156,918,8,1.4450928381962864,74.57506631299735,2.6381962864721484,0.0,5490.0,2.053376906318083,235.625,0.0,1
PRV52042,52,1,51,27720,533.0769230769231,9000,1286.096904929321,50,16,0.25,75.21153846153847,2.8846153846153846,0.0,1068.0,1.04,3.25,0.019230769230769232,0
PRV52044,79,43,36,408830,5175.06329113924,48000,7935.561776022607,75,39,3.8734177215189876,75.9746835443038,5.443037974683544,0.35443037974683544,45924.0,1.0533333333333332,2.0256410256410255,0.5443037974683544,0
PRV52045,243,46,197,577030,2374.6090534979426,82000,7154.26383812741,231,128,2.0411522633744856,74.05761316872427,3.757201646090535,0.13580246913580246,49598.0,1.051948051948052,1.8984375,0.18930041152263374,1
PRV52046,101,0,101,28190,279.1089108910891,2400,477.8851305698912,98,42,1.5742574257425743,76.41584158415841,2.227722772277228,0.0,290.0,1.030612244897959,2.4047619047619047,0.0,0
PRV52047,24,15,9,148550,6189.583333333333,50000,10544.453097396205,21,3,4.75,68.29166666666667,5.541666666666667,0.4166666666666667,16020.0,1.1428571428571428,8.0,0.625,0
PRV52048,108,0,108,38820,359.44444444444446,3300,712.2293987971174,98,65,2.037037037037037,74.58333333333333,2.6574074074074074,0.0,250.0,1.1020408163265305,1.6615384615384616,0.0,0
PRV52049,192,0,192,55850,290.8854166666667,3300,584.3031804613147,189,75,1.8125,73.828125,2.6510416666666665,0.0,690.0,1.0158730158730158,2.56,0.0,0
PRV52051,89,0,89,35290,396.5168539325843,3300,734.0672825299455,88,41,1.0561797752808988,71.93258426966293,2.831460674157303,0.0,120.0,1.0113636363636365,2.1707317073170733,0.0,0
PRV52052,58,5,53,48580,837.5862068965517,17000,2516.3635070187165,56,12,1.0344827586206897,71.98275862068965,3.086206896551724,0.034482758620689655,5430.0,1.0357142857142858,4.833333333333333,0.08620689655172414,0
PRV52054,240,0,240,78490,327.0416666666667,3300,691.2864715183739,232,121,1.5666666666666667,75.0375,2.6875,0.0,670.0,1.0344827586206897,1.9834710743801653,0.0,0
PRV52055,203,0,203,51010,251.2807881773399,3300,505.19218475741485,148,35,1.6206896551724137,73.51231527093596,2.5270935960591134,0.0,640.0,1.3716216216216217,5.8,0.0,0
PRV52056,60,0,60,17280,288.0,1800,446.1693833557697,52,13,2.0,74.05,2.316666666666667,0.0,490.0,1.1538461538461537,4.615384615384615,0.0,0
PRV52057,185,10,175,173770,939.2972972972973,57000,5521.495351493899,164,48,1.372972972972973,72.22162162162162,2.8594594594594596,0.043243243243243246,9962.0,1.1280487804878048,3.8541666666666665,0.05405405405405406,0
PRV52058,204,0,204,55450,271.8137254901961,3300,572.485846068367,199,70,2.176470588235294,73.7843137254902,2.627450980392157,0.0,610.0,1.0251256281407035,2.914285714285714,0.0,0
PRV52059,1287,13,1274,540810,420.2097902097902,41000,1915.3029563859561,430,17,1.473970473970474,74.64335664335664,2.6456876456876457,0.006216006216006216,17854.0,2.9930232558139536,75.70588235294117,0.010101010101010102,1
PRV52061,131,0,131,31790,242.67175572519085,3300,454.52227571286465,121,50,1.3969465648854962,73.38931297709924,2.7099236641221376,0.0,330.0,1.0826446280991735,2.62,0.0,0
PRV52062,184,0,184,56860,309.0217391304348,3300,605.2025082793033,181,70,1.0706521739130435,74.48913043478261,2.5760869565217392,0.0,240.0,1.0165745856353592,2.6285714285714286,0.0,0
PRV52063,792,88,704,1116210,1409.3560606060605,50000,4486.64882325324,728,142,1.928030303030303,73.56313131313131,3.0694444444444446,0.07828282828282829,93488.0,1.0879120879120878,5.577464788732394,0.1111111111111111,0
PRV52064,2844,38,2806,1119680,393.69901547116734,31000,1417.983399403501,1536,65,1.5327004219409284,73.50351617440225,2.7049929676511955,0.008438818565400843,47956.0,1.8515625,43.753846153846155,0.013361462728551337,1
PRV52065,325,116,209,1250280,3847.0153846153844,69000,7687.253439772457,316,131,2.624615384615385,74.21846153846154,4.495384615384616,0.26153846153846155,123470.0,1.0284810126582278,2.480916030534351,0.3569230769230769,1
PRV52066,1455,0,1455,386530,265.65635738831617,4300,531.0299536534931,630,3,1.3402061855670102,74.12989690721649,2.679037800687285,0.0006872852233676976,4350.0,2.3095238095238093,485.0,0.0,1
PRV52068,48,0,48,13080,272.5,1700,373.588122276904,48,25,0.7708333333333334,76.10416666666667,2.875,0.041666666666666664,420.0,1.0,1.92,0.0,0
PRV52069,88,0,88,22280,253.1818181818182,3200,523.4622700552245,84,42,1.8977272727272727,75.52272727272727,2.534090909090909,0.0,280.0,1.0476190476190477,2.0952380952380953,0.0,0
PRV52071,749,0,749,259850,346.92923898531376,14030,845.7940429962854,328,29,1.520694259012016,74.10547396528705,2.663551401869159,0.0,1960.0,2.283536585365854,25.82758620689655,0.0,0
PRV52072,132,41,91,421030,3189.621212121212,43000,6420.993051220458,124,47,2.1666666666666665,74.09848484848484,4.553030303030303,0.25,40604.0,1.064516129032258,2.8085106382978724,0.3106060606060606,0
PRV52073,64,28,36,359250,5613.28125,56000,10827.25310027528,63,14,3.125,74.515625,5.21875,0.421875,29904.0,1.0158730158730158,4.571428571428571,0.4375,0
PRV52074,141,11,130,161600,1146.099290780142,33000,4279.781999296166,134,49,1.3617021276595744,72.73758865248227,3.1773049645390072,0.06382978723404255,11918.0,1.0522388059701493,2.877551020408163,0.07801418439716312,0
PRV52075,5,0,5,1220,244.0,600,283.24900705915985,5,4,4.0,62.6,3.4,0.0,0.0,1.0,1.25,0.0,0
PRV52076,221,56,165,554060,2507.0588235294117,46000,5739.425528837314,199,96,2.9004524886877827,74.52036199095022,3.8778280542986425,0.2171945701357466,59050.0,1.1105527638190955,2.3020833333333335,0.25339366515837103,0
PRV52077,1156,104,1052,1364150,1180.060553633218,112000,4959.014276419531,695,12,1.7396193771626298,75.15484429065744,3.108131487889273,0.07006920415224914,112534.0,1.6633093525179856,96.33333333333333,0.08996539792387544,1
PRV52079,33,7,26,45100,1366.6666666666667,15000,3076.849714670293,31,22,3.3636363636363638,73.0909090909091,4.424242424242424,0.18181818181818182,7476.0,1.064516129032258,1.5,0.21212121212121213,0
PRV52081,24,3,21,28270,1177.9166666666667,9000,2190.81676087028,24,17,1.625,76.625,3.4583333333333335,0.08333333333333333,3204.0,1.0,1.411764705882353,0.125,0
PRV52082,8,0,8,880,110.0,400,131.4751470267833,8,5,0.0,80.75,1.5,0.0,0.0,1.0,1.6,0.0,0
PRV52084,34,10,24,107750,3169.1176470588234,21000,5557.616323376504,32,22,1.9705882352941178,72.52941176470588,4.470588235294118,0.2647058823529412,10700.0,1.0625,1.5454545454545454,0.29411764705882354,0
PRV52085,824,0,824,240620,292.0145631067961,12060,801.3969090675309,747,144,1.4526699029126213,73.55461165048544,2.6395631067961167,0.0,2530.0,1.1030789825970548,5.722222222222222,0.0,0
PRV52087,56,2,54,20350,363.39285714285717,3000,636.6225563242156,44,23,1.4464285714285714,74.66071428571429,2.5357142857142856,0.0,2376.0,1.2727272727272727,2.4347826086956523,0.03571428571428571,0
PRV52088,44,1,43,24990,567.9545454545455,18000,2697.7885685643587,44,10,0.9545454545454546,76.0,2.1363636363636362,0.022727272727272728,1268.0,1.0,4.4,0.022727272727272728,0
PRV52089,145,15,130,221580,1528.1379310344828,49000,5352.218774879839,102,19,1.7517241379310344,76.69655172413793,3.1724137931034484,0.08275862068965517,16650.0,1.4215686274509804,7.631578947368421,0.10344827586206896,1
PRV52090,303,0,303,98250,324.25742574257424,5700,612.5405998729301,279,47,1.5577557755775577,75.03960396039604,2.5775577557755778,0.0,420.0,1.086021505376344,6.446808510638298,0.0,0
PRV52092,159,12,147,141470,889.7484276729559,18000,2754.9786807246824,144,62,1.2389937106918238,73.64150943396227,3.2767295597484276,0.0440251572327044,13156.0,1.1041666666666667,2.564516129032258,0.07547169811320754,0
PRV52094,53,8,45,161120,3040.0,57000,10557.498793238425,50,27,1.3773584905660377,73.98113207547169,3.5660377358490565,0.11320754716981132,7626.0,1.06,1.962962962962963,0.1509433962264151,0
PRV52095,38,1,37,15560,409.4736842105263,5000,982.0688239448589,37,30,1.236842105263158,72.73684210526316,2.5,0.02631578947368421,1068.0,1.027027027027027,1.2666666666666666,0.02631578947368421,0
PRV52097,55,1,54,19640,357.09090909090907,4200,847.6059372820749,51,20,2.036363636363636,73.74545454545455,2.9272727272727272,0.0,1168.0,1.0784313725490196,2.75,0.01818181818181818,0
PRV52098,469,0,469,122660,261.5351812366738,3300,522.8891113784043,435,130,1.5458422174840085,73.58208955223881,2.5458422174840085,0.0,1890.0,1.07816091954023,3.6076923076923078,0.0,0
PRV52099,90,2,88,31370,348.55555555555554,9000,1074.6805756016674,71,31,1.2222222222222223,69.72222222222223,2.8333333333333335,0.011111111111111112,2516.0,1.267605633802817,2.903225806451613,0.022222222222222223,0
PRV52100,201,164,37,1533150,7627.611940298508,57000,7858.933787013142,177,35,5.393034825870647,73.60199004975124,7.154228855721393,0.6368159203980099,173106.0,1.1355932203389831,5.742857142857143,0.8159203980099502,1
PRV52101,15,1,14,12500,833.3333333333334,10000,2546.7168406924757,15,9,1.6,75.73333333333333,2.1333333333333333,0.2,1068.0,1.0,1.6666666666666667,0.06666666666666667,0
PRV52102,15,0,15,1910,127.33333333333333,400,129.6956143474111,15,10,1.0666666666666667,78.8,2.066666666666667,0.0,80.0,1.0,1.5,0.0,0
PRV52104,1189,0,1189,347070,291.9007569386039,6060,593.0151117825386,663,9,1.6349873843566023,73.97476871320437,2.561816652649285,0.001682085786375105,3200.0,1.7933634992458523,132.11111111111111,0.0,0
PRV52105,26,0,26,12780,491.53846153846155,3300,837.8815778268063,25,6,2.8461538461538463,76.26923076923077,2.3846153846153846,0.0,0.0,1.04,4.333333333333333,0.0,0
PRV52107,119,10,109,124760,1048.4033613445379,24000,3196.752850170521,114,5,1.4285714285714286,73.18487394957984,2.7563025210084033,0.058823529411764705,10132.0,1.043859649122807,23.8,0.08403361344537816,0
PRV52109,248,0,248,75580,304.758064516129,3300,630.1628395804861,222,109,1.1774193548387097,74.96370967741936,2.7338709677419355,0.0,500.0,1.117117117117117,2.2752293577981653,0.0,0
PRV52111,85,9,76,89960,1058.3529411764705,37000,4143.95596796416,82,36,1.7529411764705882,74.15294117647059,2.8,0.058823529411764705,9812.0,1.0365853658536586,2.361111111111111,0.10588235294117647,0
PRV52112,85,24,61,259790,3056.3529411764707,29000,5896.291176311965,85,41,2.7176470588235295,72.94117647058823,4.235294117647059,0.16470588235294117,25942.0,1.0,2.073170731707317,0.2823529411764706,0
PRV52113,120,0,120,22170,184.75,3300,423.6217642657939,53,4,0.7083333333333334,73.61666666666666,2.45,0.0,610.0,2.2641509433962264,30.0,0.0,0
PRV52114,1269,105,1164,1418220,1117.5886524822695,57000,4164.835519725781,633,12,1.9156816390858944,73.31363278171789,3.045705279747833,0.06067769897557131,113584.0,2.004739336492891,105.75,0.08274231678486997,1
PRV52115,90,20,70,241500,2683.3333333333335,40000,6488.044839756938,74,37,2.2777777777777777,71.9,3.6,0.25555555555555554,20722.0,1.2162162162162162,2.4324324324324325,0.2222222222222222,1
PRV52118,52,4,48,113660,2185.769230769231,57000,8554.040748217882,49,20,0.6730769230769231,71.03846153846153,2.769230769230769,0.11538461538461539,4582.0,1.0612244897959184,2.6,0.07692307692307693,0
PRV52119,52,16,36,202380,3891.923076923077,35000,7105.012049902583,51,26,3.923076923076923,70.42307692307692,4.634615384615385,0.28846153846153844,17108.0,1.0196078431372548,2.0,0.3076923076923077,1
PRV52120,1231,165,1066,1950720,1584.6628757108042,57000,4967.731617841811,1098,54,2.0454914703493094,73.80503655564581,3.3590576766856213,0.09423233143785541,172092.0,1.121129326047359,22.796296296296298,0.13403736799350122,1
PRV52121,53,4,49,49610,936.0377358490566,12000,2619.885742974478,50,20,2.339622641509434,72.56603773584905,3.0,0.07547169811320754,4642.0,1.06,2.65,0.07547169811320754,0
PRV52122,41,0,41,18740,457.0731707317073,3300,817.7445930803793,41,21,1.7804878048780488,73.58536585365853,2.5121951219512195,0.0,170.0,1.0,1.9523809523809523,0.0,0
PRV52123,256,162,94,1447140,5652.890625,57000,7513.731550141914,219,35,4.4765625,74.60546875,5.98046875,0.44921875,170262.0,1.1689497716894977,7.314285714285714,0.6328125,1
PRV52124,115,7,108,189250,1645.6521739130435,43000,5809.022040837701,113,42,2.5739130434782607,73.95652173913044,2.9478260869565216,0.06956521739130435,7656.0,1.0176991150442478,2.738095238095238,0.06086956521739131,1
PRV52126,110,39,71,388830,3534.818181818182,20000,5490.203574344013,106,69,2.5090909090909093,72.76363636363637,4.6909090909090905,0.34545454545454546,41822.0,1.0377358490566038,1.5942028985507246,0.35454545454545455,0
PRV52127,15,5,10,73050,4870.0,51000,12984.824659138507,15,14,4.333333333333333,74.73333333333333,3.6,0.26666666666666666,5340.0,1.0,1.0714285714285714,0.3333333333333333,0
PRV52128,113,53,60,492550,4358.849557522124,37000,6538.33663756261,106,11,3.0353982300884956,72.23893805309734,5.345132743362832,0.4424778761061947,53550.0,1.0660377358490567,10.272727272727273,0.4690265486725664,0
PRV52129,223,0,223,55590,249.28251121076232,3300,461.03235704483274,75,22,0.9237668161434978,74.80717488789237,2.7847533632286994,0.0,710.0,2.973333333333333,10.136363636363637,0.0,0
PRV52130,93,10,83,141100,1517.2043010752689,57000,6337.040758695861,90,45,2.204301075268817,71.29032258064517,2.978494623655914,0.12903225806451613,11120.0,1.0333333333333334,2.066666666666667,0.10752688172043011,0
PRV52131,84,31,53,349760,4163.809523809524,57000,9290.307671868593,75,42,2.511904761904762,71.83333333333333,4.726190476190476,0.19047619047619047,30114.0,1.12,2.0,0.36904761904761907,0
PRV52133,305,2,303,105080,344.5245901639344,4000,674.6099166847371,270,42,1.4,73.33114754098361,2.7508196721311475,0.003278688524590164,3296.0,1.1296296296296295,7.261904761904762,0.006557377049180328,0
PRV52135,263,210,53,1825550,6941.254752851711,57000,7831.552809753157,239,40,4.1216730038022815,75.36882129277566,7.015209125475285,0.4524714828897338,220008.0,1.100418410041841,6.575,0.7984790874524715,1
PRV52136,104,40,64,380190,3655.673076923077,58000,7643.43017141437,100,56,2.3653846153846154,71.74038461538461,4.759615384615385,0.19230769230769232,43090.0,1.04,1.8571428571428572,0.38461538461538464,0
PRV52138,188,0,188,58880,313.1914893617021,3300,689.154659676563,179,75,1.6702127659574468,71.34042553191489,2.265957446808511,0.0,600.0,1.0502793296089385,2.506666666666667,0.0,0
PRV52140,19,0,19,5130,270.0,3200,715.1068296260202,18,8,0.47368421052631576,73.47368421052632,3.6315789473684212,0.0,80.0,1.0555555555555556,2.375,0.0,0
PRV52141,671,3,668,220290,328.301043219076,10000,762.5492038827351,341,39,1.804769001490313,72.73472429210135,2.648286140089419,0.0014903129657228018,5384.0,1.967741935483871,17.205128205128204,0.004470938897168405,0
PRV52142,59,28,31,248520,4212.203389830508,33000,6866.520744185745,59,35,4.067796610169491,76.86440677966101,4.9491525423728815,0.3389830508474576,30044.0,1.0,1.6857142857142857,0.4745762711864407,0
PRV52143,17,0,17,8290,487.6470588235294,2300,686.3538574576957,17,11,5.705882352941177,80.94117647058823,3.1176470588235294,0.0,50.0,1.0,1.5454545454545454,0.0,0
PRV52144,134,12,122,123130,918.8805970149253,12000,2377.4582562206674,133,64,1.708955223880597,72.33582089552239,2.873134328358209,0.07462686567164178,12966.0,1.0075187969924813,2.09375,0.08955223880597014,0
PRV52145,245,0,245,60910,248.6122448979592,3300,468.577933067323,236,50,1.3673469387755102,73.90612244897959,2.636734693877551,0.0,650.0,1.0381355932203389,4.9,0.0,0
PRV52146,40,24,16,240710,6017.75,39000,7626.070160295116,39,29,4.725,77.225,5.9,0.375,25632.0,1.0256410256410255,1.3793103448275863,0.6,0
PRV52147,211,18,193,291500,1381.516587677725,57000,5163.751549983948,211,68,1.90521327014218,73.76777251184834,3.1943127962085307,0.07582938388625593,19404.0,1.0,3.1029411764705883,0.08530805687203792,1
PRV52148,78,42,36,345150,4425.0,30000,6362.592943214187,76,35,3.858974358974359,75.94871794871794,5.5256410256410255,0.41025641025641024,45006.0,1.0263157894736843,2.2285714285714286,0.5384615384615384,0
PRV52149,180,16,164,191550,1064.1666666666667,44000,3971.6052050811804,174,65,1.9222222222222223,73.77777777777777,3.183333333333333,0.06666666666666667,15732.0,1.0344827586206897,2.769230769230769,0.08888888888888889,0
PRV52150,310,31,279,445240,1436.258064516129,57000,5006.11317532132,288,118,2.403225806451613,74.36451612903225,3.2806451612903227,0.09032258064516129,33668.0,1.0763888888888888,2.6271186440677967,0.1,0
PRV52151,121,47,74,474110,3918.2644628099174,64000,7939.358252579984,114,62,3.074380165289256,74.81818181818181,4.652892561983471,0.30578512396694213,49338.0,1.0614035087719298,1.9516129032258065,0.3884297520661157,1
PRV52152,88,47,41,454360,5163.181818181818,47000,8555.732708158826,84,52,2.909090909090909,76.42045454545455,5.136363636363637,0.38636363636363635,47052.0,1.0476190476190477,1.6923076923076923,0.5340909090909091,0
PRV52154,742,0,742,194350,261.92722371967653,4300,523.2488874381269,705,89,1.564690026954178,73.72371967654986,2.6711590296495955,0.0,2570.0,1.052482269503546,8.337078651685394,0.0,0
PRV52155,62,12,50,98490,1588.5483870967741,14000,3081.836713780792,56,35,3.7580645161290325,77.04838709677419,3.6451612903225805,0.14516129032258066,13086.0,1.1071428571428572,1.7714285714285714,0.1935483870967742,0
PRV52156,124,13,111,271910,2192.8225806451615,92000,9412.355878725515,123,53,1.3064516129032258,73.70967741935483,3.032258064516129,0.12903225806451613,13964.0,1.008130081300813,2.339622641509434,0.10483870967741936,0
PRV52157,227,43,184,494450,2178.193832599119,57000,6273.818811181672,178,105,2.7577092511013217,73.81938325991189,3.920704845814978,0.14096916299559473,45596.0,1.2752808988764044,2.1619047619047618,0.1894273127753304,0
PRV52159,271,24,247,288300,1063.8376383763837,32000,3208.5477324357876,263,87,1.3579335793357934,74.1070110701107,2.9667896678966788,0.03690036900369004,26262.0,1.0304182509505704,3.1149425287356323,0.08856088560885608,0
PRV52160,53,3,50,41460,782.2641509433962,12000,2406.2775604890658,53,29,2.2641509433962264,74.9622641509434,3.0,0.05660377358490566,3474.0,1.0,1.8275862068965518,0.05660377358490566,0
PRV52161,10,0,10,1660,166.0,600,176.7106863397533,10,7,0.0,79.8,2.2,0.0,0.0,1.0,1.4285714285714286,0.0,0
PRV52162,39,1,38,28000,717.9487179487179,14000,2286.262382473077,36,20,2.128205128205128,75.64102564102564,2.5641025641025643,0.05128205128205128,1258.0,1.0833333333333333,1.95,0.02564102564102564,0
PRV52163,62,2,60,37470,604.3548387096774,7000,1253.1398218111933,62,21,1.2741935483870968,73.14516129032258,2.9516129032258065,0.016129032258064516,2216.0,1.0,2.9523809523809526,0.03225806451612903,0
PRV52165,72,10,62,114060,1584.1666666666667,15000,3345.652950019148,62,39,1.625,72.63888888888889,3.3055555555555554,0.06944444444444445,10790.0,1.1612903225806452,1.8461538461538463,0.1388888888888889,1
PRV52166,100,7,93,69300,693.0,15000,2035.855117783695,85,37,1.62,75.79,2.97,0.05,7676.0,1.1764705882352942,2.7027027027027026,0.07,0
PRV52167,80,9,71,116390,1454.875,36000,4866.348927369614,74,39,2.2625,73.0125,2.6375,0.075,9832.0,1.0810810810810811,2.051282051282051,0.1125,0
PRV52168,78,0,78,17660,226.4102564102564,2700,436.7202865961332,77,36,0.9230769230769231,74.05128205128206,2.551282051282051,0.0,300.0,1.0129870129870129,2.1666666666666665,0.0,0
PRV52169,39,0,39,10000,256.4102564102564,2000,444.9097317048954,38,33,1.6666666666666667,71.64102564102564,2.4871794871794872,0.0,70.0,1.0263157894736843,1.1818181818181819,0.0,0
PRV52170,43,3,40,62090,1443.953488372093,44000,6716.454258558527,43,27,1.441860465116279,71.51162790697674,2.86046511627907,0.06976744186046512,3204.0,1.0,1.5925925925925926,0.06976744186046512,0
PRV52171,12,3,9,17820,1485.0,8000,2835.6192204942404,12,8,1.5833333333333333,77.58333333333333,4.666666666666667,0.16666666666666666,3204.0,1.0,1.5,0.25,0
PRV52173,119,119,0,1381400,11608.403361344537,73000,12087.678134504511,108,2,6.571428571428571,73.72268907563026,8.134453781512605,0.865546218487395,124956.0,1.1018518518518519,59.5,1.0,1
PRV52174,4,0,4,830,207.5,700,330.7944981404618,4,3,0.0,72.25,1.75,0.0,0.0,1.0,1.3333333333333333,0.0,0
PRV52175,221,0,221,58320,263.8914027149321,5000,584.8482841094353,215,63,1.16289592760181,74.6470588235294,2.6018099547511313,0.0,410.0,1.027906976744186,3.507936507936508,0.0,0
PRV52176,21,21,0,312000,14857.142857142857,44000,13293.929871507951,21,4,4.476190476190476,77.61904761904762,8.285714285714286,1.0476190476190477,22428.0,1.0,5.25,1.0,0
PRV52177,39,5,34,33850,867.9487179487179,14000,2412.4067252076834,39,20,1.794871794871795,76.7948717948718,3.58974358974359,0.1794871794871795,5490.0,1.0,1.95,0.1282051282051282,0
PRV52178,136,133,3,1379590,10144.04411764706,57000,9989.088371164213,121,6,6.492647058823529,74.09558823529412,8.051470588235293,0.7352941176470589,137772.0,1.1239669421487604,22.666666666666668,0.9779411764705882,1
PRV52179,44,2,42,39910,907.0454545454545,19000,2963.788100533265,19,4,1.8636363636363635,67.52272727272727,3.409090909090909,0.022727272727272728,2306.0,2.3157894736842106,11.0,0.045454545454545456,0
PRV52180,62,5,57,78720,1269.6774193548388,28000,4344.279059864084,58,25,1.6612903225806452,74.58064516129032,2.8548387096774195,0.08064516129032258,5720.0,1.0689655172413792,2.48,0.08064516129032258,0
PRV52181,27,10,17,108640,4023.703703703704,21000,6152.462388937737,25,19,4.481481481481482,70.74074074074075,5.185185185185185,0.37037037037037035,10680.0,1.08,1.4210526315789473,0.37037037037037035,1
PRV52182,109,5,104,63620,583.6697247706422,11000,1435.6239194358686,54,8,2.238532110091743,76.92660550458716,3.073394495412844,0.027522935779816515,5670.0,2.0185185185185186,13.625,0.045871559633027525,0
PRV52184,21,0,21,2960,140.95238095238096,1000,218.42400879721905,20,7,0.7619047619047619,72.42857142857143,3.0,0.0,0.0,1.05,3.0,0.0,0
PRV52185,68,0,68,15510,228.08823529411765,1700,345.9758310639942,54,1,1.4852941176470589,72.13235294117646,2.6176470588235294,0.0,230.0,1.2592592592592593,68.0,0.0,0
PRV52186,41,0,41,7160,174.6341463414634,1500,293.1390247047944,38,9,1.0731707317073171,75.04878048780488,2.341463414634146,0.0,110.0,1.0789473684210527,4.555555555555555,0.0,0
PRV52187,27,0,27,7440,275.55555555555554,2300,573.131300121959,25,6,2.7777777777777777,74.4074074074074,2.6666666666666665,0.0,0.0,1.08,4.5,0.0,0
PRV52188,33,14,19,171080,5184.242424242424,57000,11352.360996259498,32,11,4.212121212121212,74.06060606060606,4.818181818181818,0.2727272727272727,14992.0,1.03125,3.0,0.42424242424242425,0
PRV52189,23,0,23,5890,256.0869565217391,2600,528.3485345044912,20,4,2.1739130434782608,77.73913043478261,3.1739130434782608,0.0,60.0,1.15,5.75,0.0,0
PRV52191,28,0,28,8640,308.57142857142856,2700,614.1704087672175,25,17,1.7142857142857142,76.21428571428571,2.5357142857142856,0.0,0.0,1.12,1.6470588235294117,0.0,0
PRV52192,32,6,26,52060,1626.875,12000,3451.179730506377,29,13,1.53125,77.40625,3.53125,0.09375,6408.0,1.103448275862069,2.4615384615384617,0.1875,0
PRV52193,153,0,153,28620,187.05882352941177,2200,334.1404572948902,125,1,1.5359477124183007,74.2875816993464,2.7777777777777777,0.0,760.0,1.224,153.0,0.0,0
PRV52195,10,10,0,120000,12000.0,43000,13490.737563232042,10,8,6.5,72.3,8.4,0.6,10680.0,1.0,1.25,1.0,1
PRV52196,6,0,6,2710,451.6666666666667,1400,581.5639832956188,6,2,0.6666666666666666,74.83333333333333,2.8333333333333335,0.0,0.0,1.0,3.0,0.0,0
PRV52197,10,10,0,114000,11400.0,57000,16567.70620480967,10,4,7.7,78.1,9.0,1.3,10680.0,1.0,2.5,1.0,0
PRV52199,10,0,10,1080,108.0,400,115.0651989091402,10,4,0.9,69.7,2.8,0.0,80.0,1.0,2.5,0.0,0
PRV52200,1,0,1,40,40.0,40,0.0,1,1,0.0,85.0,2.0,0.0,0.0,1.0,1.0,0.0,0
PRV52201,9,0,9,450,50.0,100,37.080992435478315,9,1,4.111111111111111,71.88888888888889,5.777777777777778,0.0,0.0,1.0,9.0,0.0,0
PRV52202,50,0,50,8200,164.0,1100,231.35801393564245,49,2,0.42,75.54,2.14,0.0,0.0,1.0204081632653061,25.0,0.0,0
PRV52204,9,0,9,2590,287.77777777777777,1200,397.6737914980624,8,1,2.3333333333333335,81.66666666666667,2.4444444444444446,0.0,0.0,1.125,9.0,0.0,0
PRV52205,2,0,2,1120,560.0,1100,763.6753236814714,2,1,0.0,57.5,4.5,0.0,0.0,1.0,2.0,0.0,0
PRV52206,5,0,5,1810,362.0,1300,534.9953270823961,5,2,5.6,69.2,1.6,0.0,0.0,1.0,2.5,0.0,0
PRV52208,13,0,13,4560,350.7692307692308,2000,576.1576974298723,12,1,0.15384615384615385,77.23076923076923,2.769230769230769,0.0,50.0,1.0833333333333333,13.0,0.0,0
PRV52209,8,0,8,4960,620.0,2900,1005.2576073538847,8,3,5.0,80.125,2.375,0.0,0.0,1.0,2.6666666666666665,0.0,0
PRV52211,130,0,130,26860,206.6153846153846,3300,449.8036674999022,124,1,0.6076923076923076,75.04615384615384,2.6384615384615384,0.0,100.0,1.0483870967741935,130.0,0.0,0
PRV52212,64,0,64,13220,206.5625,3000,432.15304002170336,62,2,0.984375,75.5,2.5625,0.0,50.0,1.032258064516129,32.0,0.0,0
PRV52213,7,0,7,590,84.28571428571429,200,55.63486402641868,7,3,1.2857142857142858,83.0,2.5714285714285716,0.0,0.0,1.0,2.3333333333333335,0.0,0
PRV52214,47,0,47,12680,269.78723404255317,2600,523.2361232780596,43,1,1.702127659574468,76.65957446808511,2.276595744680851,0.0,260.0,1.0930232558139534,47.0,0.0,0
PRV52216,15,0,15,4940,329.3333333333333,3300,851.297049605287,14,2,2.6666666666666665,73.93333333333334,3.3333333333333335,0.0,140.0,1.0714285714285714,7.5,0.0,0
PRV52217,5,0,5,520,104.0,400,166.22274212634082,4,3,0.2,75.6,3.2,0.0,0.0,1.25,1.6666666666666667,0.0,0
PRV52218,8,0,8,1660,207.5,900,296.5877369587045,8,1,0.0,71.0,3.0,0.0,0.0,1.0,8.0,0.0,0
PRV52219,4,0,4,2780,695.0,2100,973.4646030202297,4,2,0.0,70.0,3.5,0.0,0.0,1.0,2.0,0.0,0
PRV52220,12,0,12,2200,183.33333333333334,900,267.151075179751,12,2,0.0,67.41666666666667,2.8333333333333335,0.0,0.0,1.0,6.0,0.0,0
PRV52221,1,0,1,10,10.0,10,0.0,1,1,0.0,51.0,1.0,0.0,0.0,1.0,1.0,0.0,0
PRV52222,54,0,54,16920,313.3333333333333,3100,594.9853335753844,52,1,2.3333333333333335,75.37037037037037,2.2777777777777777,0.0,60.0,1.0384615384615385,54.0,0.0,0
PRV52224,41,0,41,10100,246.34146341463415,3300,549.4167639304474,35,3,2.317073170731707,71.02439024390245,2.658536585365854,0.0,100.0,1.1714285714285715,13.666666666666666,0.0,0
PRV52225,6,0,6,840,140.0,400,139.2838827718412,6,2,0.0,75.0,2.3333333333333335,0.0,100.0,1.0,3.0,0.0,0
PRV52226,2,0,2,100,50.0,90,56.568542494923804,2,1,2.0,68.5,1.0,0.0,0.0,1.0,2.0,0.0,0
PRV52227,7,0,7,5560,794.2857142857143,2400,984.4432799448485,6,2,3.0,80.85714285714286,3.5714285714285716,0.0,100.0,1.1666666666666667,3.5,0.0,0
PRV52228,8,0,8,2400,300.0,1800,612.605676014934,8,2,3.375,83.25,2.5,0.0,0.0,1.0,4.0,0.0,0
PRV52229,11,0,11,370,33.63636363636363,80,26.181186861075368,11,1,1.8181818181818181,78.0909090909091,1.8181818181818181,0.0,60.0,1.0,11.0,0.0,0
PRV52230,43,0,43,15100,351.16279069767444,3200,730.0756950394011,15,2,0.9069767441860465,74.65116279069767,2.604651162790698,0.0,0.0,2.8666666666666667,21.5,0.0,0
PRV52231,6,0,6,3980,663.3333333333334,3300,1304.8013897397054,6,2,3.3333333333333335,78.0,3.5,0.0,100.0,1.0,3.0,0.0,0
PRV52232,4,0,4,640,160.0,500,227.3030282830976,4,1,0.0,76.5,1.5,0.0,100.0,1.0,4.0,0.0,0
PRV52233,216,0,216,63540,294.1666666666667,8050,773.6402925944209,156,2,1.6388888888888888,72.42129629629629,2.5555555555555554,0.0,430.0,1.3846153846153846,108.0,0.0,0
PRV52235,2,0,2,970,485.0,900,586.8986283848344,2,1,0.0,67.0,1.0,0.0,0.0,1.0,2.0,0.0,0
PRV52236,14,0,14,5780,412.85714285714283,1800,496.3935871932608,13,3,1.9285714285714286,74.64285714285714,3.5,0.0,0.0,1.0769230769230769,4.666666666666667,0.0,0
PRV52237,38,0,38,7400,194.73684210526315,1700,351.82717534135577,38,3,1.9473684210526316,74.84210526315789,2.8421052631578947,0.0,270.0,1.0,12.666666666666666,0.0,0
PRV52238,11,0,11,1530,139.0909090909091,400,136.92731980540228,10,3,0.45454545454545453,67.45454545454545,3.272727272727273,0.0,0.0,1.1,3.6666666666666665,0.0,0
PRV52240,62,0,62,25220,406.7741935483871,3300,776.1797455202603,61,5,2.306451612903226,75.29032258064517,2.3870967741935485,0.0,30.0,1.0163934426229508,12.4,0.0,0
PRV52241,23,0,23,5690,247.3913043478261,3300,686.660015061737,22,4,1.7391304347826086,74.56521739130434,2.0869565217391304,0.0,0.0,1.0454545454545454,5.75,0.0,0
PRV52242,31,0,31,13600,438.7096774193548,3300,873.4137695864576,30,2,3.3548387096774195,75.51612903225806,2.193548387096774,0.0,170.0,1.0333333333333334,15.5,0.0,0
PRV52246,67,0,67,26510,395.67164179104475,3300,801.3780250494221,47,2,2.626865671641791,70.16417910447761,2.8059701492537314,0.0,100.0,1.425531914893617,33.5,0.0,0
PRV52247,49,0,49,10890,222.24489795918367,2800,444.0451614894333,48,3,0.7346938775510204,73.18367346938776,3.306122448979592,0.0,80.0,1.0208333333333333,16.333333333333332,0.0,0
PRV52248,24,0,24,12750,531.25,3300,925.838339255176,21,2,4.208333333333333,76.20833333333333,2.7083333333333335,0.0,110.0,1.1428571428571428,12.0,0.0,0
PRV52249,47,0,47,25480,542.1276595744681,3300,911.632401531815,41,3,4.425531914893617,78.06382978723404,3.1914893617021276,0.0,80.0,1.146341463414634,15.666666666666666,0.0,0
PRV52251,4,0,4,270,67.5,100,40.311288741492746,4,2,0.0,59.75,1.75,0.0,0.0,1.0,2.0,0.0,0
PRV52252,26,0,26,2130,81.92307692307692,500,113.49076546641953,26,2,1.3076923076923077,76.6923076923077,2.269230769230769,0.0,70.0,1.0,13.0,0.0,0
PRV52253,1,0,1,80,80.0,80,0.0,1,1,0.0,77.0,3.0,0.0,0.0,1.0,1.0,0.0,0
PRV52254,31,0,31,3960,127.74193548387096,1100,227.38674363910422,30,1,2.806451612903226,73.7741935483871,2.6451612903225805,0.0,50.0,1.0333333333333334,31.0,0.0,0
PRV52255,10,0,10,720,72.0,200,51.164223611599716,7,1,0.1,76.0,2.4,0.0,0.0,1.4285714285714286,10.0,0.0,0
PRV52256,1,0,1,50,50.0,50,0.0,1,1,0.0,72.0,3.0,0.0,0.0,1.0,1.0,0.0,0
PRV52257,15,0,15,4440,296.0,2100,557.6455607539357,14,1,2.2666666666666666,72.13333333333334,2.2666666666666666,0.0,0.0,1.0714285714285714,15.0,0.0,0
PRV52260,63,0,63,12880,204.44444444444446,2500,408.4857077997987,62,3,1.3492063492063493,75.92063492063492,2.984126984126984,0.0,50.0,1.0161290322580645,21.0,0.0,0
PRV52261,1,0,1,200,200.0,200,0.0,1,1,0.0,73.0,1.0,0.0,0.0,1.0,1.0,0.0,0
PRV52262,112,0,112,27840,248.57142857142858,3300,507.3546605765553,92,2,0.8125,74.71428571428571,2.75,0.0,140.0,1.2173913043478262,56.0,0.0,0
PRV52263,3,0,3,630,210.0,400,185.20259177452135,3,2,0.0,73.66666666666667,7.0,0.0,0.0,1.0,1.5,0.0,0
PRV52264,25,0,25,4420,176.8,1100,241.67333324138187,21,2,0.04,77.64,2.36,0.0,20.0,1.1904761904761905,12.5,0.0,0
PRV52265,30,30,0,260000,8666.666666666666,31000,6348.137567406101,27,2,4.733333333333333,72.5,8.466666666666667,0.6666666666666666,30972.0,1.1111111111111112,15.0,1.0,0
PRV52266,37,37,0,460400,12443.243243243243,57000,12118.95990542048,30,2,7.45945945945946,70.45945945945945,8.135135135135135,0.7567567567567568,37380.0,1.2333333333333334,18.5,1.0,0
PRV52267,10,10,0,78900,7890.0,15000,4500.481455725969,10,4,4.9,79.4,7.9,1.1,10680.0,1.0,2.5,1.0,0
PRV52271,19,0,19,3760,197.89473684210526,1900,423.799991444712,19,1,1.105263157894737,73.0,2.263157894736842,0.0,50.0,1.0,19.0,0.0,0
PRV52272,8,0,8,4210,526.25,3300,1126.346020165587,8,1,0.0,80.0,3.0,0.0,0.0,1.0,8.0,0.0,0
PRV52273,11,0,11,4380,398.1818181818182,2700,791.2245974667142,11,8,0.0,69.0,1.3636363636363635,0.0,40.0,1.0,1.375,0.0,0
PRV52274,38,0,38,7800,205.26315789473685,1200,292.79396724424333,17,2,0.7368421052631579,78.23684210526316,2.8947368421052633,0.0,10.0,2.235294117647059,19.0,0.0,0
PRV52275,101,0,101,27220,269.5049504950495,3300,508.75215230527266,57,1,0.9603960396039604,74.32673267326733,2.8613861386138613,0.0,270.0,1.7719298245614035,101.0,0.0,0
PRV52276,68,0,68,17750,261.02941176470586,2300,448.2408058371741,62,1,1.4558823529411764,73.95588235294117,3.073529411764706,0.0,330.0,1.096774193548387,68.0,0.0,0
PRV52278,16,16,0,235000,14687.5,57000,15869.126209929349,16,4,5.6875,79.0625,7.4375,0.5625,17088.0,1.0,4.0,1.0,0
PRV52279,83,82,1,783300,9437.349397590362,57000,10745.852414217303,77,3,5.481927710843373,72.12048192771084,7.9156626506024095,0.5662650602409639,85440.0,1.077922077922078,27.666666666666668,0.9879518072289156,0
PRV52280,41,41,0,395000,9634.146341463415,34000,6417.772579177979,38,4,7.2682926829268295,74.92682926829268,8.170731707317072,0.7560975609756098,42720.0,1.0789473684210527,10.25,1.0,1
PRV52281,41,41,0,408000,9951.219512195123,44000,9772.285350705317,41,2,4.7560975609756095,75.51219512195122,7.585365853658536,0.8292682926829268,43788.0,1.0,20.5,1.0,0
PRV52282,6,6,0,77000,12833.333333333334,23000,8010.40989379861,6,1,6.0,74.0,8.333333333333334,1.1666666666666667,5340.0,1.0,6.0,1.0,0
PRV52283,66,66,0,594700,9010.60606060606,61000,10158.80260642318,54,4,4.9393939393939394,73.46969696969697,8.272727272727273,0.696969696969697,69420.0,1.2222222222222223,16.5,1.0,1
PRV52284,39,0,39,5320,136.4102564102564,500,148.96992242320133,32,1,1.7179487179487178,72.66666666666667,2.8974358974358974,0.0,180.0,1.21875,39.0,0.0,0
PRV52285,19,19,0,144000,7578.9473684210525,30000,8719.810073579485,19,4,5.894736842105263,79.84210526315789,7.7894736842105265,0.47368421052631576,19224.0,1.0,4.75,1.0,0
PRV52286,5,5,0,90000,18000.0,44000,16777.961735562516,5,2,3.4,72.8,7.6,1.0,5340.0,1.0,2.5,1.0,0
PRV52288,13,0,13,2810,216.15384615384616,1100,376.4867961725985,12,1,0.07692307692307693,78.53846153846153,2.5384615384615383,0.0,0.0,1.0833333333333333,13.0,0.0,0
PRV52289,4,4,0,18000,4500.0,7000,2380.4761428476168,4,1,3.25,76.5,7.5,0.25,4272.0,1.0,4.0,1.0,0
PRV52290,10,10,0,68000,6800.0,10000,2573.3678754158377,10,3,3.1,79.2,8.9,0.5,10680.0,1.0,3.3333333333333335,1.0,0
PRV52291,18,17,1,128000,7111.111111111111,23000,5097.737547635732,17,2,4.388888888888889,73.22222222222223,7.888888888888889,0.7222222222222222,18156.0,1.0588235294117647,9.0,0.9444444444444444,0
PRV52292,25,25,0,303000,12120.0,34000,9043.045209809949,25,3,7.2,75.36,7.64,0.88,26700.0,1.0,8.333333333333334,1.0,1
PRV52293,7,0,7,4170,595.7142857142857,3300,1200.5395612370457,7,2,3.0,81.42857142857143,2.857142857142857,0.0,0.0,1.0,3.5,0.0,0
PRV52294,7,7,0,54000,7714.285714285715,15000,4461.47530585589,7,1,4.571428571428571,79.42857142857143,8.0,1.0,7476.0,1.0,7.0,1.0,0
PRV52295,5,5,0,19000,3800.0,5000,836.6600265340755,5,3,5.2,81.6,8.0,0.4,5340.0,1.0,1.6666666666666667,1.0,0
PRV52296,2,2,0,12000,6000.0,10000,5656.85424949238,2,1,3.5,91.0,9.5,0.5,2136.0,1.0,2.0,1.0,0
PRV52298,218,9,209,153300,703.2110091743119,44000,3228.246982806312,144,20,1.7477064220183487,72.74770642201835,2.981651376146789,0.03211009174311927,8994.0,1.5138888888888888,10.9,0.04128440366972477,0
PRV52299,601,0,601,157140,261.46422628951746,11200,663.3758505815352,255,7,1.194675540765391,72.41098169717138,2.579034941763727,0.0,1470.0,2.3568627450980393,85.85714285714286,0.0,0
PRV52300,21,3,18,59160,2817.1428571428573,31000,7804.0881228091885,19,13,2.761904761904762,80.0952380952381,2.761904761904762,0.2857142857142857,3224.0,1.105263157894737,1.6153846153846154,0.14285714285714285,0
PRV52302,46,11,35,136280,2962.608695652174,57000,8731.39862406746,30,13,2.1739130434782608,73.0,3.5,0.2391304347826087,10680.0,1.5333333333333334,3.5384615384615383,0.2391304347826087,0
PRV52303,392,23,369,347340,886.0714285714286,57000,4119.806301780992,313,152,1.1683673469387754,73.8954081632653,2.933673469387755,0.02806122448979592,24646.0,1.2523961661341854,2.5789473684210527,0.058673469387755105,0
PRV52304,184,0,184,63120,343.04347826086956,6300,740.0069991257169,88,41,1.2554347826086956,71.8586956521739,2.5652173913043477,0.0,790.0,2.090909090909091,4.487804878048781,0.0,0
PRV52306,15,0,15,7030,468.6666666666667,2400,715.0111554241321,15,11,0.5333333333333333,72.06666666666666,2.533333333333333,0.0,0.0,1.0,1.3636363636363635,0.0,0
PRV52307,175,53,122,806460,4608.342857142857,63000,10733.510534187804,167,90,2.645714285714286,73.31428571428572,4.417142857142857,0.18857142857142858,54828.0,1.0479041916167664,1.9444444444444444,0.3028571428571429,1
PRV52308,87,40,47,374760,4307.586206896552,44000,7113.782228479176,72,41,2.954022988505747,70.29885057471265,5.2298850574712645,0.3218390804597701,42840.0,1.2083333333333333,2.1219512195121952,0.45977011494252873,1
PRV52309,170,0,170,45340,266.70588235294116,3300,536.6340157212348,88,4,1.9470588235294117,71.44705882352942,2.7411764705882353,0.0,210.0,1.9318181818181819,42.5,0.0,0
PRV52310,454,0,454,106790,235.2202643171806,5200,515.8039396281426,190,3,0.8524229074889867,71.77092511013215,2.55726872246696,0.0,1500.0,2.389473684210526,151.33333333333334,0.0,0
PRV52311,28,0,28,7770,277.5,1200,353.3922906786608,23,16,0.75,69.82142857142857,2.607142857142857,0.0,0.0,1.2173913043478262,1.75,0.0,0
PRV52312,214,0,214,79810,372.94392523364485,3200,703.4624138736035,112,5,1.144859813084112,74.22897196261682,2.621495327102804,0.0,550.0,1.9107142857142858,42.8,0.0,0
PRV52313,504,0,504,146700,291.07142857142856,4200,566.0922892755909,196,7,1.626984126984127,70.25198412698413,2.763888888888889,0.0,1480.0,2.5714285714285716,72.0,0.0,0
PRV52314,223,40,183,455180,2041.1659192825111,57000,5723.374507371161,192,95,2.3004484304932737,71.51569506726457,3.4887892376681613,0.14349775784753363,41094.0,1.1614583333333333,2.3473684210526318,0.17937219730941703,0
PRV52315,85,5,80,61930,728.5882352941177,15000,2218.947172562216,66,28,1.5529411764705883,72.2,3.376470588235294,0.023529411764705882,5480.0,1.2878787878787878,3.0357142857142856,0.058823529411764705,0
PRV52317,25,2,23,28590,1143.6,12000,3291.6762193954214,21,15,2.0,74.04,2.8,0.12,2346.0,1.1904761904761905,1.6666666666666667,0.08,0
PRV52318,39,0,39,10000,256.4102564102564,1600,401.86071938766884,37,24,1.5128205128205128,73.43589743589743,2.230769230769231,0.0,110.0,1.054054054054054,1.625,0.0,0
PRV52319,30,0,30,7740,258.0,2600,487.31778203719915,29,19,1.3666666666666667,73.1,2.433333333333333,0.0,60.0,1.0344827586206897,1.5789473684210527,0.0,0
PRV52320,366,69,297,874200,2388.5245901639346,57000,7098.389167698962,292,89,2.210382513661202,70.44808743169399,3.748633879781421,0.12021857923497267,73224.0,1.2534246575342465,4.112359550561798,0.1885245901639344,1
PRV52321,150,33,117,390230,2601.5333333333333,46000,6170.387143355062,135,47,2.1066666666666665,74.36,3.8866666666666667,0.22,34296.0,1.1111111111111112,3.1914893617021276,0.22,1
PRV52323,190,0,190,49770,261.94736842105266,3300,617.9946211033028,179,73,1.1157894736842104,73.62105263157895,2.642105263157895,0.0,440.0,1.0614525139664805,2.6027397260273974,0.0,0
PRV52325,130,27,103,281800,2167.6923076923076,32000,4951.913503530933,111,57,3.246153846153846,71.61538461538461,3.6615384615384614,0.13076923076923078,29016.0,1.1711711711711712,2.280701754385965,0.2076923076923077,1
PRV52326,14,8,6,70770,5055.0,16000,4829.019250642611,13,6,3.5714285714285716,76.57142857142857,5.214285714285714,0.14285714285714285,8544.0,1.0769230769230769,2.3333333333333335,0.5714285714285714,0
PRV52328,35,0,35,19560,558.8571428571429,3300,1047.5483182133398,28,15,0.9142857142857143,77.31428571428572,3.0,0.0,80.0,1.25,2.3333333333333335,0.0,0
PRV52331,61,9,52,68430,1121.8032786885246,13000,2451.1803334969877,49,26,1.3278688524590163,70.77049180327869,3.5245901639344264,0.19672131147540983,8784.0,1.2448979591836735,2.3461538461538463,0.14754098360655737,0
PRV52332,64,0,64,20650,322.65625,3500,670.6387435905876,62,46,1.484375,73.6875,2.921875,0.0,230.0,1.032258064516129,1.391304347826087,0.0,0
PRV52334,67,8,59,113980,1701.1940298507463,34000,4884.235780421713,49,33,0.8955223880597015,73.86567164179104,3.388059701492537,0.13432835820895522,8564.0,1.3673469387755102,2.0303030303030303,0.11940298507462686,0
PRV52335,242,2,240,109870,454.0082644628099,22000,1586.3060406816835,87,11,1.396694214876033,72.6198347107438,2.7355371900826446,0.008264462809917356,2536.0,2.781609195402299,22.0,0.008264462809917356,0
PRV52336,86,0,86,26960,313.48837209302326,3300,629.6605386879887,78,20,1.302325581395349,74.44186046511628,2.6627906976744184,0.0,370.0,1.1025641025641026,4.3,0.0,0
PRV52337,773,0,773,205790,266.22250970245796,8100,600.2004951373525,226,5,1.1746442432082795,72.53816300129365,2.570504527813713,0.0,1900.0,3.420353982300885,154.6,0.0,1
PRV52340,1743,224,1519,2540130,1457.3321858864028,57000,4488.482191676466,693,39,2.0854847963281697,71.93918531267929,3.342512908777969,0.08433734939759036,242594.0,2.515151515151515,44.69230769230769,0.1285140562248996,1
PRV52341,135,0,135,45450,336.6666666666667,3300,668.5750050020063,122,70,1.511111111111111,71.94814814814815,2.3777777777777778,0.0,270.0,1.1065573770491803,1.9285714285714286,0.0,0
PRV52342,218,51,167,652190,2991.697247706422,57000,8097.274466640176,184,76,2.55045871559633,73.88532110091744,3.756880733944954,0.20642201834862386,53880.0,1.184782608695652,2.8684210526315788,0.23394495412844038,0
PRV52343,261,42,219,481840,1846.1302681992338,34000,4701.864193132041,177,10,2.0,71.88122605363985,3.467432950191571,0.10727969348659004,45646.0,1.4745762711864407,26.1,0.16091954022988506,1
PRV52344,130,23,107,272150,2093.4615384615386,22000,4607.903340586005,54,22,0.8384615384615385,73.63076923076923,3.5615384615384613,0.17692307692307693,25084.0,2.4074074074074074,5.909090909090909,0.17692307692307693,0
PRV52346,68,19,49,217540,3199.1176470588234,28000,5765.400333097258,57,37,2.6029411764705883,73.01470588235294,3.985294117647059,0.29411764705882354,18386.0,1.1929824561403508,1.837837837837838,0.27941176470588236,0
PRV52347,397,50,347,715090,1801.2342569269522,100000,6708.75876595914,342,113,2.1486146095717884,74.22166246851386,3.3778337531486144,0.08060453400503778,54940.0,1.1608187134502923,3.5132743362831858,0.12594458438287154,1
PRV52348,67,9,58,102790,1534.1791044776119,22000,3874.7411054291374,36,10,3.044776119402985,74.55223880597015,3.4328358208955225,0.05970149253731343,9872.0,1.8611111111111112,6.7,0.13432835820895522,0
PRV52349,99,0,99,20410,206.16161616161617,2100,351.9673775198175,94,57,1.5151515151515151,75.21212121212122,2.494949494949495,0.0,190.0,1.053191489361702,1.736842105263158,0.0,0
PRV52350,40,7,33,38660,966.5,9000,1991.7812540795148,29,15,1.925,74.7,3.575,0.05,7656.0,1.3793103448275863,2.6666666666666665,0.175,0
PRV52351,425,0,425,103700,244.0,3300,503.7477468464056,362,113,1.275294117647059,71.99529411764706,2.6682352941176473,0.0,1440.0,1.1740331491712708,3.7610619469026547,0.0,0
PRV52352,32,0,32,9660,301.875,2700,533.4273690621022,32,17,1.4375,66.53125,2.40625,0.0,50.0,1.0,1.8823529411764706,0.0,0
PRV52353,48,6,42,150420,3133.75,100000,14543.632755381446,45,23,2.0208333333333335,69.95833333333333,3.2916666666666665,0.10416666666666667,6438.0,1.0666666666666667,2.0869565217391304,0.125,0
PRV52354,66,0,66,19400,293.93939393939394,3000,590.8504399797316,33,7,0.9848484848484849,76.22727272727273,2.621212121212121,0.0,330.0,2.0,9.428571428571429,0.0,0
PRV52355,63,0,63,24170,383.6507936507937,3300,789.1058671917582,26,5,1.1587301587301588,64.31746031746032,2.8095238095238093,0.0,400.0,2.423076923076923,12.6,0.0,0
PRV52356,98,0,98,22350,228.0612244897959,2700,456.71091753131947,63,12,1.8061224489795917,70.48979591836735,2.5408163265306123,0.0,300.0,1.5555555555555556,8.166666666666666,0.0,0
PRV52357,105,8,97,98830,941.2380952380952,15000,2496.293673874752,83,26,1.7809523809523808,71.63809523809523,2.8476190476190477,0.05714285714285714,8764.0,1.2650602409638554,4.038461538461538,0.0761904761904762,0
PRV52358,18,0,18,5180,287.77777777777777,800,282.5629665496869,17,9,3.0,69.22222222222223,2.9444444444444446,0.0,100.0,1.0588235294117647,2.0,0.0,0
PRV52359,107,42,65,426430,3985.3271028037384,30000,6203.863573697523,98,46,2.588785046728972,75.24299065420561,4.813084112149533,0.2897196261682243,45146.0,1.0918367346938775,2.3260869565217392,0.3925233644859813,0
PRV52361,158,0,158,44230,279.9367088607595,3300,512.9637834218662,145,71,0.9556962025316456,74.35443037974683,2.411392405063291,0.0,1070.0,1.089655172413793,2.2253521126760565,0.0,0
PRV52362,154,9,145,125630,815.7792207792207,35000,3343.299372780725,133,55,1.2337662337662338,73.71428571428571,2.896103896103896,0.03896103896103896,10132.0,1.1578947368421053,2.8,0.05844155844155844,0
PRV52365,739,0,739,202130,273.51826792963465,3300,549.1575865656715,381,9,1.3301759133964817,72.5764546684709,2.602165087956698,0.0,2250.0,1.9396325459317585,82.11111111111111,0.0,0
PRV52366,216,25,191,280880,1300.3703703703704,31000,4012.0710712539,140,62,1.7314814814814814,72.08796296296296,3.425925925925926,0.09722222222222222,27190.0,1.542857142857143,3.4838709677419355,0.11574074074074074,0
PRV52367,297,4,293,156620,527.3400673400673,29000,2270.5855586684643,180,49,1.2693602693602695,70.62962962962963,2.727272727272727,0.020202020202020204,4772.0,1.65,6.061224489795919,0.013468013468013467,0
PRV52369,547,0,547,163780,299.41499085923215,4400,626.6589891155563,358,27,1.4442413162705667,72.03290676416819,2.7989031078610602,0.0,1690.0,1.5279329608938548,20.25925925925926,0.0,0
PRV52371,72,0,72,17370,241.25,3300,628.9336772844456,50,18,1.2083333333333333,73.5,2.7222222222222223,0.0,510.0,1.44,4.0,0.0,0
PRV52372,124,27,97,292040,2355.1612903225805,27000,5010.951175285088,76,25,2.0806451612903225,74.46774193548387,3.8306451612903225,0.16129032258064516,28966.0,1.631578947368421,4.96,0.21774193548387097,0
PRV52373,23,3,20,43710,1900.4347826086957,24000,5223.487582989383,22,15,2.260869565217391,69.78260869565217,2.608695652173913,0.34782608695652173,3204.0,1.0454545454545454,1.5333333333333334,0.13043478260869565,0
PRV52374,228,0,228,68780,301.6666666666667,3300,632.4714360936013,102,11,1.8333333333333333,73.04385964912281,2.7719298245614037,0.0,890.0,2.235294117647059,20.727272727272727,0.0,0
PRV52377,44,0,44,13700,311.3636363636364,2500,629.5239652570671,44,26,0.6818181818181818,71.5,2.1818181818181817,0.0,70.0,1.0,1.6923076923076923,0.0,0
PRV52378,12,3,9,11920,993.3333333333334,7000,2204.183350455275,12,10,4.416666666666667,75.16666666666667,4.333333333333333,0.16666666666666666,3204.0,1.0,1.2,0.25,0
PRV52380,4,0,4,280,70.0,100,24.494897427831784,4,3,5.0,73.25,2.0,0.0,0.0,1.0,1.3333333333333333,0.0,0
PRV52381,80,0,80,33460,418.25,3300,778.2710064583357,31,9,2.2875,76.45,2.825,0.0,230.0,2.5806451612903225,8.88888888888889,0.0,0
PRV52383,74,0,74,15540,210.0,1700,346.65129927301757,51,20,1.3918918918918919,70.21621621621621,2.675675675675676,0.0,160.0,1.4509803921568627,3.7,0.0,1
PRV52384,33,0,33,7880,238.78787878787878,3300,564.4729708750322,32,21,0.0,75.39393939393939,3.0303030303030303,0.0,420.0,1.03125,1.5714285714285714,0.0,0
PRV52385,22,0,22,7140,324.54545454545456,3300,710.712099454968,19,15,0.7272727272727273,73.5,3.227272727272727,0.0,60.0,1.1578947368421053,1.4666666666666666,0.0,0
PRV52386,237,0,237,55300,233.33333333333334,3300,483.6805688213731,161,24,1.9451476793248945,72.43037974683544,2.6160337552742616,0.0,840.0,1.4720496894409938,9.875,0.0,0
PRV52387,63,13,50,121740,1932.3809523809523,21000,3993.9735708680687,39,30,2.3174603174603177,69.06349206349206,3.7301587301587302,0.14285714285714285,13944.0,1.6153846153846154,2.1,0.20634920634920634,0
PRV52389,171,0,171,44690,261.34502923976606,2500,493.850362209605,139,86,1.6608187134502923,71.37426900584795,2.5146198830409356,0.0,420.0,1.2302158273381294,1.9883720930232558,0.0,0
PRV52390,36,0,36,6400,177.77777777777777,800,205.28880160274713,34,15,2.25,70.22222222222223,2.8055555555555554,0.0,130.0,1.0588235294117647,2.4,0.0,0
PRV52391,22,0,22,9030,410.45454545454544,3300,858.289979151387,15,9,2.6363636363636362,73.22727272727273,2.4545454545454546,0.0,200.0,1.4666666666666666,2.4444444444444446,0.0,0
PRV52392,127,5,122,85980,677.007874015748,17000,2184.1609899675977,54,13,1.3858267716535433,69.86614173228347,2.811023622047244,0.015748031496062992,5560.0,2.3518518518518516,9.76923076923077,0.03937007874015748,0
PRV52393,91,16,75,197430,2169.5604395604396,37000,5700.412443574763,62,9,2.208791208791209,68.97802197802197,3.4945054945054945,0.14285714285714285,16200.0,1.467741935483871,10.11111111111111,0.17582417582417584,0
PRV52394,118,3,115,55530,470.59322033898303,8000,1053.6483563110903,96,45,2.2542372881355934,72.6864406779661,2.889830508474576,0.01694915254237288,3754.0,1.2291666666666667,2.6222222222222222,0.025423728813559324,0
PRV52395,912,0,912,268430,294.3311403508772,5100,595.104794796611,444,27,1.518640350877193,72.83004385964912,2.606359649122807,0.0,3080.0,2.054054054054054,33.77777777777778,0.0,0
PRV52396,40,17,23,156300,3907.5,17000,5259.588923197861,34,19,3.075,74.15,4.9,0.325,18156.0,1.1764705882352942,2.1052631578947367,0.425,1
PRV52397,8,0,8,1010,126.25,600,203.25476624177844,8,6,4.25,82.625,2.125,0.0,70.0,1.0,1.3333333333333333,0.0,0
PRV52398,48,12,36,197890,4122.708333333333,99000,14504.787285961587,41,24,2.5,75.91666666666667,3.875,0.1875,11868.0,1.170731707317073,2.0,0.25,0
PRV52399,434,0,434,118800,273.7327188940092,3300,541.7735672232287,277,6,0.543778801843318,71.21889400921658,2.5737327188940093,0.0,1150.0,1.5667870036101084,72.33333333333333,0.0,0
PRV52400,231,0,231,64710,280.12987012987014,3300,538.5677306075088,120,7,1.7705627705627707,73.41558441558442,2.6493506493506493,0.0,510.0,1.925,33.0,0.0,0
PRV52401,141,4,137,78400,556.0283687943263,36000,3163.102428094613,54,24,1.0425531914893618,73.70212765957447,2.702127659574468,0.02127659574468085,5002.0,2.611111111111111,5.875,0.028368794326241134,0
PRV52402,209,57,152,577120,2761.33971291866,52000,6659.932152316818,185,1,2.215311004784689,73.2822966507177,4.253588516746412,0.18181818181818182,60238.0,1.1297297297297297,209.0,0.2727272727272727,0
PRV52403,216,2,214,62760,290.55555555555554,10000,841.2486105820332,84,25,1.6018518518518519,67.88425925925925,2.8287037037037037,0.004629629629629629,2616.0,2.5714285714285716,8.64,0.009259259259259259,0
PRV52404,27,7,20,60610,2244.814814814815,18000,4824.988936113558,26,11,2.6296296296296298,75.4074074074074,3.3703703703703702,0.07407407407407407,7636.0,1.0384615384615385,2.4545454545454546,0.25925925925925924,0
PRV52405,89,22,67,189070,2124.38202247191,29000,4347.929485047552,71,17,3.067415730337079,71.10112359550561,4.0,0.14606741573033707,23606.0,1.2535211267605635,5.235294117647059,0.24719101123595505,0
PRV52406,63,0,63,13420,213.015873015873,2800,517.4928234522955,44,8,0.9841269841269841,70.65079365079364,2.8095238095238093,0.0,130.0,1.4318181818181819,7.875,0.0,0
PRV52407,43,0,43,15970,371.3953488372093,4080,851.4849253351991,18,5,0.5348837209302325,72.97674418604652,2.8372093023255816,0.0,410.0,2.388888888888889,8.6,0.0,0
PRV52408,29,0,29,4270,147.24137931034483,1000,225.62447549166,12,12,1.0344827586206897,69.86206896551724,2.5172413793103448,0.0,80.0,2.4166666666666665,2.4166666666666665,0.0,0
PRV52409,16,0,16,2630,164.375,700,227.21410607618535,15,11,0.0,72.125,2.25,0.0,100.0,1.0666666666666667,1.4545454545454546,0.0,0
PRV52410,58,0,58,24310,419.13793103448273,3300,716.8431879287511,23,4,0.06896551724137931,71.44827586206897,2.413793103448276,0.0,0.0,2.5217391304347827,14.5,0.0,0
PRV52411,92,0,92,32010,347.9347826086956,2900,621.7125197697193,51,1,1.576086956521739,72.15217391304348,2.467391304347826,0.0,420.0,1.803921568627451,92.0,0.0,0
PRV52412,63,0,63,20340,322.85714285714283,3300,756.0731074299638,40,3,1.5396825396825398,69.3015873015873,2.7936507936507935,0.0,70.0,1.575,21.0,0.0,0
PRV52414,132,0,132,43600,330.3030303030303,3300,634.8491909563426,59,7,1.446969696969697,70.21212121212122,2.522727272727273,0.0,550.0,2.23728813559322,18.857142857142858,0.0,0
PRV52415,41,0,41,7500,182.9268292682927,2000,362.25849819182315,13,6,1.0731707317073171,64.8048780487805,3.048780487804878,0.0,390.0,3.1538461538461537,6.833333333333333,0.0,0
PRV52416,42,0,42,9650,229.76190476190476,1000,265.4631304631733,22,2,0.14285714285714285,72.45238095238095,2.8095238095238093,0.0,230.0,1.9090909090909092,21.0,0.0,0
PRV52417,20,0,20,4210,210.5,1100,340.0537883149788,7,1,2.05,77.6,2.45,0.0,120.0,2.857142857142857,20.0,0.0,0
PRV52418,35,0,35,7730,220.85714285714286,1700,360.9413462907581,24,5,1.4285714285714286,71.31428571428572,2.3714285714285714,0.0,150.0,1.4583333333333333,7.0,0.0,0
PRV52419,112,5,107,113470,1013.125,32000,3574.526247510872,34,14,2.919642857142857,73.08928571428571,3.0982142857142856,0.08928571428571429,4542.0,3.2941176470588234,8.0,0.044642857142857144,0
PRV52420,141,0,141,78050,553.5460992907801,11080,1221.0300889891369,47,3,3.234042553191489,73.8936170212766,2.971631205673759,0.0,100.0,3.0,47.0,0.0,1
PRV52421,95,0,95,33550,353.1578947368421,3300,665.4581898689096,63,6,2.0105263157894737,70.88421052631578,2.5473684210526315,0.0,200.0,1.507936507936508,15.833333333333334,0.0,0
PRV52422,58,0,58,26400,455.17241379310343,7200,1147.958128369153,33,7,2.8448275862068964,71.62068965517241,2.7241379310344827,0.0,300.0,1.7575757575757576,8.285714285714286,0.0,0
PRV52423,54,0,54,11480,212.59259259259258,3000,465.82928764421195,30,7,1.2222222222222223,71.5,2.814814814814815,0.0,180.0,1.8,7.714285714285714,0.0,0
PRV52425,23,0,23,3570,155.2173913043478,1200,256.9023437597427,8,3,0.0,74.04347826086956,2.608695652173913,0.0,70.0,2.875,7.666666666666667,0.0,0
PRV52427,19,3,16,36850,1939.4736842105262,18000,4328.745614666127,12,9,1.5263157894736843,71.15789473684211,3.6315789473684212,0.0,3204.0,1.5833333333333333,2.111111111111111,0.15789473684210525,0
PRV52431,63,0,63,23850,378.57142857142856,2600,584.8403618492197,36,1,3.3968253968253967,70.65079365079364,2.619047619047619,0.0,150.0,1.75,63.0,0.0,0
PRV52432,58,0,58,12780,220.3448275862069,3300,476.9455650179804,27,2,1.2241379310344827,72.62068965517241,2.6206896551724137,0.0,220.0,2.1481481481481484,29.0,0.0,0
PRV52433,85,0,85,22060,259.52941176470586,2700,449.3299399750513,62,4,0.9058823529411765,77.69411764705882,2.3294117647058825,0.0,170.0,1.3709677419354838,21.25,0.0,0
PRV52434,2,0,2,90,45.0,90,63.63961030678928,2,1,0.0,91.5,2.5,0.0,0.0,1.0,2.0,0.0,0
PRV52435,70,0,70,20420,291.7142857142857,2500,546.0954193539234,25,10,2.1,72.65714285714286,2.4,0.0,380.0,2.8,7.0,0.0,0
PRV52436,44,0,44,9980,226.8181818181818,2400,434.097688755266,22,7,1.5909090909090908,63.04545454545455,2.590909090909091,0.0,60.0,2.0,6.285714285714286,0.0,0
PRV52437,43,0,43,11050,256.9767441860465,2400,504.52492922371533,26,11,0.2558139534883721,74.04651162790698,2.302325581395349,0.0,40.0,1.6538461538461537,3.909090909090909,0.0,0
PRV52439,121,0,121,29520,243.96694214876032,3300,408.9100947210014,64,1,0.5785123966942148,73.27272727272727,2.4297520661157024,0.0,320.0,1.890625,121.0,0.0,0
PRV52440,12,0,12,4980,415.0,1700,525.4175828459078,8,1,2.9166666666666665,77.83333333333333,3.4166666666666665,0.0,200.0,1.5,12.0,0.0,0
PRV52441,94,0,94,20410,217.12765957446808,3300,474.44052470756134,53,1,1.0425531914893618,72.75531914893617,2.627659574468085,0.0,670.0,1.7735849056603774,94.0,0.0,0
PRV52443,1,0,1,10,10.0,10,0.0,1,1,0.0,92.0,1.0,0.0,0.0,1.0,1.0,0.0,0
PRV52445,5,5,0,102000,20400.0,43000,17840.96409950987,5,3,8.2,71.4,7.6,1.0,5340.0,1.0,1.6666666666666667,1.0,1
PRV52446,10,10,0,129000,12900.0,57000,16237.473804614914,10,1,7.3,60.8,7.9,0.8,10680.0,1.0,10.0,1.0,0
PRV52448,2,0,2,170,85.0,100,21.213203435596427,2,2,0.0,91.0,1.5,0.0,0.0,1.0,1.0,0.0,0
PRV52449,6,6,0,126000,21000.0,61000,21661.024906499693,5,5,6.666666666666667,77.33333333333333,8.666666666666666,1.1666666666666667,6408.0,1.2,1.2,1.0,0
PRV52450,298,0,298,81540,273.6241610738255,4500,559.4209545569794,232,14,1.3657718120805369,70.86577181208054,2.7248322147651005,0.0,590.0,1.2844827586206897,21.285714285714285,0.0,0
PRV52451,20,0,20,11130,556.5,3300,878.9304205740784,17,1,2.4,71.75,3.1,0.0,20.0,1.1764705882352942,20.0,0.0,0
PRV52452,274,2,272,87650,319.8905109489051,12000,1007.9666121776754,136,6,1.3467153284671534,70.58759124087591,2.7262773722627736,0.0072992700729927005,3556.0,2.014705882352941,45.666666666666664,0.0072992700729927005,0
PRV52453,1,0,1,20,20.0,20,0.0,1,1,0.0,74.0,3.0,0.0,0.0,1.0,1.0,0.0,0
PRV52454,15,0,15,1450,96.66666666666667,300,79.88086367179802,14,1,0.2,72.93333333333334,2.2,0.0,90.0,1.0714285714285714,15.0,0.0,0
PRV52455,76,0,76,24200,318.42105263157896,2200,539.3651889189216,45,2,1.8026315789473684,72.98684210526316,2.9078947368421053,0.0,280.0,1.6888888888888889,38.0,0.0,0
PRV52456,7,0,7,1370,195.71428571428572,700,246.29637586027278,7,1,1.5714285714285714,67.0,3.0,0.0,0.0,1.0,7.0,0.0,0
PRV52457,9,9,0,117000,13000.0,30000,10012.492197250393,9,5,4.444444444444445,76.66666666666667,8.11111111111111,0.7777777777777778,8544.0,1.0,1.8,1.0,0
PRV52458,1,1,0,27000,27000.0,27000,0.0,1,1,5.0,67.0,4.0,1.0,1068.0,1.0,1.0,1.0,0
PRV52459,50,50,0,505900,10118.0,45000,10938.281214083287,49,3,5.28,72.12,7.88,0.74,52332.0,1.0204081632653061,16.666666666666668,1.0,0
PRV52460,13,13,0,90000,6923.076923076923,20000,5544.6902297233655,9,2,5.3076923076923075,73.53846153846153,8.0,0.5384615384615384,13884.0,1.4444444444444444,6.5,1.0,0
PRV52461,7,7,0,48000,6857.142857142857,11000,2410.295378065479,7,1,3.5714285714285716,70.71428571428571,7.714285714285714,0.2857142857142857,7476.0,1.0,7.0,1.0,0
PRV52462,2,2,0,16000,8000.0,11000,4242.640687119285,2,1,4.5,81.5,9.0,0.5,1068.0,1.0,2.0,1.0,0
PRV52463,1,1,0,5000,5000.0,5000,0.0,1,1,4.0,92.0,9.0,2.0,1068.0,1.0,1.0,1.0,0
PRV52464,2,2,0,12000,6000.0,8000,2828.42712474619,2,1,8.5,86.5,8.5,1.0,2136.0,1.0,2.0,1.0,0
PRV52466,13,13,0,139000,10692.307692307691,38000,9664.234884223164,11,1,8.538461538461538,69.0,7.230769230769231,0.8461538461538461,13884.0,1.1818181818181819,13.0,1.0,0
PRV52467,103,8,95,183660,1783.106796116505,123000,12218.72743198367,89,49,1.5048543689320388,74.30097087378641,2.9611650485436893,0.05825242718446602,8844.0,1.1573033707865168,2.1020408163265305,0.07766990291262135,1
PRV52468,21,3,18,32450,1545.2380952380952,18000,4175.2001377749775,21,14,1.9523809523809523,71.52380952380952,4.476190476190476,0.047619047619047616,3204.0,1.0,1.5,0.14285714285714285,0
PRV52469,184,6,178,104420,567.5,13000,1712.433876510496,150,36,1.4076086956521738,72.97282608695652,2.777173913043478,0.021739130434782608,6688.0,1.2266666666666666,5.111111111111111,0.03260869565217391,0
PRV52470,3,0,3,270,90.0,100,10.0,3,3,0.0,73.66666666666667,2.0,0.0,0.0,1.0,1.0,0.0,0
PRV52471,8,0,8,1640,205.0,700,233.23807579381202,8,6,0.125,74.375,2.0,0.0,100.0,1.0,1.3333333333333333,0.0,0
PRV52472,61,18,43,203810,3341.1475409836066,47000,7807.433017827875,57,37,3.3442622950819674,73.9672131147541,4.163934426229508,0.19672131147540983,18256.0,1.0701754385964912,1.6486486486486487,0.29508196721311475,0
PRV52473,4,0,4,3870,967.5,1700,808.4295475385182,4,4,5.0,79.5,3.5,0.0,0.0,1.0,1.0,0.0,0
PRV52474,37,22,15,228770,6182.972972972973,57000,10373.748884367498,35,19,4.351351351351352,70.08108108108108,5.8108108108108105,0.5945945945945946,22488.0,1.0571428571428572,1.9473684210526316,0.5945945945945946,0
PRV52476,26,6,20,87300,3357.6923076923076,47000,9458.669381130649,26,16,2.9615384615384617,73.84615384615384,3.6153846153846154,0.11538461538461539,6508.0,1.0,1.625,0.23076923076923078,0
PRV52478,55,5,50,31700,576.3636363636364,6000,1289.062771273311,52,27,2.272727272727273,71.34545454545454,3.2545454545454544,0.03636363636363636,5480.0,1.0576923076923077,2.037037037037037,0.09090909090909091,0
PRV52480,30,5,25,44350,1478.3333333333333,15000,3485.1973508988895,29,20,1.0333333333333334,71.4,3.2333333333333334,0.03333333333333333,5340.0,1.0344827586206897,1.5,0.16666666666666666,0
PRV52482,1,0,1,40,40.0,40,0.0,1,1,0.0,67.0,1.0,0.0,0.0,1.0,1.0,0.0,0
PRV52483,223,0,223,52110,233.67713004484304,5900,593.4385399439655,61,3,1.0179372197309418,77.32735426008969,2.304932735426009,0.0,550.0,3.6557377049180326,74.33333333333333,0.0,0
PRV52484,13,0,13,1570,120.76923076923077,600,166.1054654158786,10,7,0.9230769230769231,78.46153846153847,3.8461538461538463,0.0,290.0,1.3,1.8571428571428572,0.0,0
PRV52485,5,0,5,1580,316.0,700,307.0504844484047,4,2,0.0,84.4,2.4,0.0,60.0,1.25,2.5,0.0,0
PRV52486,69,0,69,22140,320.8695652173913,4800,734.0014007248111,58,7,1.8695652173913044,69.98550724637681,2.5217391304347827,0.0,110.0,1.1896551724137931,9.857142857142858,0.0,0
PRV52487,177,0,177,51030,288.3050847457627,3300,514.2375839610414,127,5,1.231638418079096,72.77401129943503,2.4237288135593222,0.0,1120.0,1.3937007874015748,35.4,0.0,0
PRV52488,183,0,183,44710,244.3169398907104,3300,454.50304715843055,130,5,1.1147540983606556,73.12021857923497,2.5355191256830603,0.0,640.0,1.4076923076923078,36.6,0.0,0
PRV52490,17,0,17,4990,293.52941176470586,1900,455.7266337464625,16,2,2.3529411764705883,79.05882352941177,2.235294117647059,0.0,0.0,1.0625,8.5,0.0,0
PRV52491,63,0,63,16580,263.1746031746032,2000,419.20749114838185,57,3,1.4761904761904763,73.52380952380952,2.7936507936507935,0.0,100.0,1.105263157894737,21.0,0.0,0
PRV52492,34,0,34,7810,229.7058823529412,1400,347.68049852595766,33,6,1.8235294117647058,74.11764705882354,2.5588235294117645,0.0,20.0,1.0303030303030303,5.666666666666667,0.0,0
PRV52493,16,0,16,3970,248.125,1600,393.29749130482213,16,3,0.0,75.1875,2.1875,0.0,0.0,1.0,5.333333333333333,0.0,0
PRV52494,1,0,1,20,20.0,20,0.0,1,1,0.0,75.0,1.0,0.0,0.0,1.0,1.0,0.0,0
PRV52495,15,12,3,98800,6586.666666666667,16000,5806.999061067437,14,6,3.533333333333333,73.06666666666666,6.933333333333334,0.4666666666666667,12816.0,1.0714285714285714,2.5,0.8,0
PRV52497,30,4,26,59240,1974.6666666666667,19000,4967.730858758098,30,13,1.5,74.4,3.6,0.13333333333333333,4272.0,1.0,2.3076923076923075,0.13333333333333333,1
PRV52499,157,8,149,164670,1048.8535031847134,47000,4264.999769764754,119,68,2.1910828025477707,72.36305732484077,2.8343949044585988,0.03821656050955414,7876.0,1.319327731092437,2.3088235294117645,0.050955414012738856,0
PRV52500,126,7,119,86310,685.0,17000,2160.008425909492,111,59,1.1666666666666667,72.1984126984127,2.5476190476190474,0.03968253968253968,7826.0,1.135135135135135,2.135593220338983,0.05555555555555555,0
PRV52501,19,0,19,4840,254.73684210526315,2200,526.6389066634708,16,13,1.263157894736842,71.05263157894737,3.3684210526315788,0.0,100.0,1.1875,1.4615384615384615,0.0,0
PRV52502,119,26,93,260900,2192.436974789916,57000,6391.267210279784,87,36,2.680672268907563,74.5546218487395,3.7983193277310923,0.12605042016806722,26720.0,1.367816091954023,3.3055555555555554,0.2184873949579832,1
PRV52503,78,5,73,72800,933.3333333333334,18000,2656.242667420488,63,35,2.0256410256410255,73.61538461538461,2.858974358974359,0.0641025641025641,5700.0,1.2380952380952381,2.2285714285714286,0.0641025641025641,0
PRV52504,40,14,26,114180,2854.5,17000,4702.270564476108,34,14,2.325,72.425,4.325,0.175,14952.0,1.1764705882352942,2.857142857142857,0.35,1
PRV52506,13,0,13,2190,168.46153846153845,900,247.0440633384442,12,9,1.6153846153846154,73.76923076923077,2.6153846153846154,0.0,0.0,1.0833333333333333,1.4444444444444444,0.0,0
PRV52507,29,0,29,7250,250.0,1100,304.45501661634205,24,15,0.20689655172413793,71.58620689655173,2.2758620689655173,0.0,100.0,1.2083333333333333,1.9333333333333333,0.0,0
PRV52508,37,2,35,30640,828.1081081081081,14000,2687.995781492471,36,26,1.162162162162162,72.02702702702703,2.4054054054054053,0.08108108108108109,2186.0,1.0277777777777777,1.4230769230769231,0.05405405405405406,0
PRV52509,63,6,57,113850,1807.142857142857,57000,7500.43835892522,26,19,1.126984126984127,72.73015873015873,2.634920634920635,0.07936507936507936,6568.0,2.423076923076923,3.3157894736842106,0.09523809523809523,0
PRV52510,26,0,26,4240,163.07692307692307,1200,297.92306699239293,22,12,0.0,72.88461538461539,2.3846153846153846,0.0,100.0,1.1818181818181819,2.1666666666666665,0.0,0
PRV52511,246,75,171,720280,2927.967479674797,57000,6676.5144834649855,196,81,2.7439024390243905,70.67886178861788,4.199186991869919,0.21544715447154472,79472.0,1.2551020408163265,3.037037037037037,0.3048780487804878,1
PRV52512,31,0,31,6090,196.4516129032258,1600,333.532091280552,19,2,1.935483870967742,66.35483870967742,3.129032258064516,0.0,0.0,1.631578947368421,15.5,0.0,0
PRV52513,20,0,20,3870,193.5,2000,449.1896211951848,18,9,0.0,75.5,2.45,0.0,0.0,1.1111111111111112,2.2222222222222223,0.0,0
PRV52514,15,0,15,6600,440.0,3300,840.0765271262919,13,8,1.3333333333333333,78.8,3.466666666666667,0.0,60.0,1.1538461538461537,1.875,0.0,0
PRV52515,17,0,17,2450,144.11764705882354,1700,403.79541267096835,17,5,0.0,70.17647058823529,2.7058823529411766,0.0,40.0,1.0,3.4,0.0,0
PRV52517,32,0,32,10910,340.9375,3000,659.6839877620779,26,14,0.0,74.78125,3.03125,0.0,120.0,1.2307692307692308,2.2857142857142856,0.0,0
PRV52518,51,1,50,72340,1418.4313725490197,57000,7976.166591176246,50,21,1.4313725490196079,69.74509803921569,2.7450980392156863,0.0392156862745098,1168.0,1.02,2.4285714285714284,0.0196078431372549,0
PRV52519,100,6,94,137180,1371.8,27000,4419.015242921404,72,7,2.27,71.19,3.18,0.06,6708.0,1.3888888888888888,14.285714285714286,0.06,0
PRV52520,121,0,121,39910,329.8347107438017,3300,624.4357232348184,51,6,1.8760330578512396,74.26446280991736,2.8677685950413223,0.0,390.0,2.372549019607843,20.166666666666668,0.0,0
PRV52521,113,0,113,25000,221.23893805309734,3000,473.93703006864826,88,26,1.2920353982300885,73.21238938053098,2.5309734513274336,0.0,160.0,1.2840909090909092,4.346153846153846,0.0,0
PRV52523,3,0,3,480,160.0,400,208.08652046684813,3,3,0.0,72.33333333333333,1.3333333333333333,0.0,0.0,1.0,1.0,0.0,0
PRV52525,2,0,2,150,75.0,90,21.213203435596427,2,1,0.0,79.5,2.0,0.0,0.0,1.0,2.0,0.0,0
PRV52526,1,0,1,90,90.0,90,0.0,1,1,0.0,74.0,5.0,0.0,0.0,1.0,1.0,0.0,0
PRV52527,160,0,160,48730,304.5625,3300,628.4300563243487,73,1,1.74375,74.55,2.4625,0.0,600.0,2.191780821917808,160.0,0.0,0
PRV52528,26,0,26,6460,248.46153846153845,2000,422.98645186523237,16,9,1.0769230769230769,68.1923076923077,2.230769230769231,0.0,0.0,1.625,2.888888888888889,0.0,0
PRV52529,12,0,12,2120,176.66666666666666,700,227.08962321008192,8,5,0.0,69.25,1.6666666666666667,0.0,0.0,1.5,2.4,0.0,0
PRV52530,10,1,9,5210,521.0,3000,906.721199340422,9,6,2.0,75.3,3.2,0.1,1068.0,1.1111111111111112,1.6666666666666667,0.1,0
PRV52531,5,0,5,2970,594.0,2400,1020.4802790843142,5,3,2.0,70.4,2.4,0.0,30.0,1.0,1.6666666666666667,0.0,0
PRV52532,16,0,16,2550,159.375,1300,310.98700401570915,15,12,0.4375,71.625,2.875,0.0,60.0,1.0666666666666667,1.3333333333333333,0.0,0
PRV52533,43,0,43,7380,171.62790697674419,900,221.90656798964636,27,14,0.3023255813953488,75.11627906976744,2.6744186046511627,0.0,410.0,1.5925925925925926,3.0714285714285716,0.0,0
PRV52535,18,0,18,7200,400.0,2300,616.508193734014,12,7,1.1666666666666667,76.16666666666667,3.4444444444444446,0.0,90.0,1.5,2.5714285714285716,0.0,0
PRV52536,1,1,0,14000,14000.0,14000,0.0,1,1,8.0,72.0,9.0,1.0,1068.0,1.0,1.0,1.0,0
PRV52537,1,1,0,57000,57000.0,57000,0.0,1,1,19.0,72.0,9.0,1.0,1068.0,1.0,1.0,1.0,0
PRV52539,14,0,14,4450,317.85714285714283,1200,418.6457759422466,12,2,4.142857142857143,65.71428571428571,3.0714285714285716,0.0,100.0,1.1666666666666667,7.0,0.0,0
PRV52540,7,0,7,3370,481.42857142857144,1400,438.2704101133824,4,1,0.0,69.57142857142857,4.0,0.0,0.0,1.75,7.0,0.0,0
PRV52541,5,5,0,41000,8200.0,16000,4816.637831516919,5,5,6.4,75.0,9.0,0.8,5340.0,1.0,1.0,1.0,0
PRV52542,62,0,62,15920,256.7741935483871,3300,546.8801954501265,44,2,1.2741935483870968,72.90322580645162,2.725806451612903,0.0,110.0,1.4090909090909092,31.0,0.0,0
PRV52543,171,0,171,47550,278.0701754385965,3300,505.50186569676487,89,8,1.2514619883040936,72.18128654970761,2.6666666666666665,0.0,580.0,1.9213483146067416,21.375,0.0,0
PRV52544,6,6,0,34000,5666.666666666667,18000,6153.589738247641,6,1,3.8333333333333335,77.83333333333333,8.166666666666666,0.5,6408.0,1.0,6.0,1.0,0
PRV52545,13,0,13,1460,112.3076923076923,400,112.48361704072333,13,3,1.6153846153846154,75.38461538461539,3.1538461538461537,0.0,110.0,1.0,4.333333333333333,0.0,0
PRV52547,2,0,2,3020,1510.0,3000,2107.178207935912,2,1,0.0,74.0,2.5,0.0,0.0,1.0,2.0,0.0,0
PRV52548,15,5,10,38750,2583.3333333333335,12000,3868.5410071252345,15,13,2.8,73.46666666666667,5.4,0.2,5340.0,1.0,1.1538461538461537,0.3333333333333333,0
PRV52549,156,6,150,97160,622.8205128205128,18000,1771.8278496701748,54,12,3.576923076923077,75.53846153846153,3.1346153846153846,0.019230769230769232,7118.0,2.888888888888889,13.0,0.038461538461538464,0
PRV52551,5,0,5,920,184.0,400,139.7497763862254,5,3,1.6,75.6,3.6,0.0,0.0,1.0,1.6666666666666667,0.0,0
PRV52552,55,11,44,119870,2179.4545454545455,27000,4813.739755918515,54,40,1.9636363636363636,71.74545454545455,3.690909090909091,0.10909090909090909,11938.0,1.0185185185185186,1.375,0.2,0
PRV52553,8,4,4,62320,7790.0,25000,9802.158654383957,8,8,4.25,72.0,6.5,0.5,4272.0,1.0,1.0,0.5,0
PRV52554,13,0,13,1970,151.53846153846155,500,172.86054850881746,13,9,1.7692307692307692,76.23076923076923,2.769230769230769,0.0,0.0,1.0,1.4444444444444444,0.0,0
PRV52555,7,0,7,3600,514.2857142857143,3300,1228.8050719141359,7,6,2.857142857142857,80.57142857142857,2.0,0.0,0.0,1.0,1.1666666666666667,0.0,0
PRV52556,115,46,69,464760,4041.391304347826,55000,7755.459863632522,100,81,2.4695652173913043,74.01739130434783,4.3478260869565215,0.33043478260869563,48330.0,1.15,1.4197530864197532,0.4,0
PRV52557,11,0,11,970,88.18181818181819,300,87.1571203996761,9,9,1.8181818181818181,71.45454545454545,2.272727272727273,0.0,0.0,1.2222222222222223,1.2222222222222223,0.0,0
PRV52558,494,0,494,140900,285.2226720647773,3300,556.8433297859691,440,2,1.4251012145748987,74.69838056680162,2.7044534412955468,0.008097165991902834,1220.0,1.1227272727272728,247.0,0.0,0
PRV52559,359,0,359,90740,252.75766016713092,3300,549.3774280272122,207,7,1.392757660167131,74.26462395543176,2.512534818941504,0.0,540.0,1.7342995169082125,51.285714285714285,0.0,0
PRV52560,503,0,503,145450,289.16500994035783,4060,601.1275085058244,174,1,1.2664015904572565,74.24850894632206,2.749502982107356,0.0,1870.0,2.8908045977011496,503.0,0.0,0
PRV52561,280,0,280,128900,460.35714285714283,14010,1219.05005070082,261,1,1.5178571428571428,74.87857142857143,2.6607142857142856,0.0,890.0,1.0727969348659003,280.0,0.0,0
PRV52562,87,6,81,90620,1041.6091954022988,27000,3636.6106356418313,61,22,2.057471264367816,75.57471264367815,3.0229885057471266,0.05747126436781609,5730.0,1.4262295081967213,3.9545454545454546,0.06896551724137931,0
PRV52563,473,0,473,173770,367.3784355179704,4300,748.4194493471603,246,6,1.7674418604651163,75.09936575052853,2.792811839323467,0.004228329809725159,1260.0,1.9227642276422765,78.83333333333333,0.0,0
PRV52564,21,5,16,39700,1890.4761904761904,11000,3143.7183019324048,21,16,2.7142857142857144,77.66666666666667,3.380952380952381,0.09523809523809523,5360.0,1.0,1.3125,0.23809523809523808,0
PRV52565,137,11,126,141640,1033.8686131386862,42000,4021.0552917214586,86,7,2.2992700729927007,74.87591240875912,3.072992700729927,0.11678832116788321,12138.0,1.5930232558139534,19.571428571428573,0.08029197080291971,0
PRV52566,139,22,117,252030,1813.1654676258993,31000,4732.169744093592,135,92,1.9064748201438848,76.02877697841727,3.58273381294964,0.1223021582733813,23856.0,1.0296296296296297,1.5108695652173914,0.15827338129496402,0
PRV52567,66,0,66,29670,449.54545454545456,3300,865.6210430724233,38,28,1.7121212121212122,76.22727272727273,2.0303030303030303,0.0,480.0,1.736842105263158,2.357142857142857,0.0,0
PRV52568,87,0,87,25730,295.7471264367816,4020,724.8971573952998,41,26,0.9195402298850575,73.9080459770115,2.5057471264367814,0.0,430.0,2.1219512195121952,3.3461538461538463,0.0,0
PRV52570,24,8,16,68190,2841.25,16000,4523.37533889481,23,17,3.25,75.83333333333333,4.208333333333333,0.3333333333333333,8544.0,1.0434782608695652,1.411764705882353,0.3333333333333333,0
PRV52571,508,0,508,161790,318.48425196850394,14900,891.9715689585657,429,3,1.68503937007874,73.3248031496063,2.702755905511811,0.0,1130.0,1.1841491841491842,169.33333333333334,0.0,0
PRV52572,3,0,3,4150,1383.3333333333333,2100,1155.7825631723874,3,3,13.333333333333334,81.33333333333333,5.0,0.0,0.0,1.0,1.0,0.0,0
PRV52573,587,0,587,158670,270.30664395229985,3300,532.3573449001086,520,2,1.616695059625213,74.02555366269165,2.6541737649063033,0.0034071550255536627,1010.0,1.1288461538461538,293.5,0.0,0
PRV52574,259,146,113,1533830,5922.123552123552,86000,9226.55615580936,208,84,3.694980694980695,77.6911196911197,5.841698841698841,0.42084942084942084,154072.0,1.2451923076923077,3.0833333333333335,0.5637065637065637,1
PRV52575,70,0,70,23780,339.7142857142857,3300,635.6258388701149,40,40,2.157142857142857,74.67142857142858,2.7285714285714286,0.0,100.0,1.75,1.75,0.0,0
PRV52576,26,3,23,49850,1917.3076923076924,24000,5131.108697108108,26,13,1.8076923076923077,75.65384615384616,3.269230769230769,0.07692307692307693,3204.0,1.0,2.0,0.11538461538461539,0
PRV52577,8,0,8,2550,318.75,1000,350.2830488129768,8,6,5.25,79.0,2.5,0.0,0.0,1.0,1.3333333333333333,0.0,0
PRV52578,49,37,12,353050,7205.102040816327,41000,7410.542918271062,40,35,4.63265306122449,72.34693877551021,7.020408163265306,0.6122448979591837,38448.0,1.225,1.4,0.7551020408163265,1
PRV52579,9,0,9,1060,117.77777777777777,400,139.26393806166922,9,9,0.0,75.77777777777777,2.3333333333333335,0.0,100.0,1.0,1.0,0.0,0
PRV52580,39,0,39,7090,181.7948717948718,1200,291.87120262262573,37,7,0.8717948717948718,72.61538461538461,2.717948717948718,0.0,60.0,1.054054054054054,5.571428571428571,0.0,0
PRV52581,142,0,142,40050,282.0422535211268,3300,624.6026126537517,135,3,1.6408450704225352,72.91549295774648,2.5211267605633805,0.0,240.0,1.0518518518518518,47.333333333333336,0.0,0
PRV52582,23,19,4,191020,8305.217391304348,57000,11500.904655945042,23,14,5.173913043478261,70.30434782608695,6.826086956521739,0.5217391304347826,20292.0,1.0,1.6428571428571428,0.8260869565217391,0
PRV52583,208,26,182,237790,1143.2211538461538,23000,3027.8679396620732,193,126,2.230769230769231,72.71153846153847,3.4038461538461537,0.10096153846153846,27420.0,1.077720207253886,1.6507936507936507,0.125,0
PRV52584,54,3,51,57460,1064.0740740740741,18000,3513.2624834231183,51,27,2.7037037037037037,75.74074074074075,2.5925925925925926,0.07407407407407407,3274.0,1.0588235294117647,2.0,0.05555555555555555,0
PRV52586,1,0,1,300,300.0,300,0.0,1,1,0.0,70.0,9.0,0.0,0.0,1.0,1.0,0.0,0
PRV52587,137,0,137,38900,283.94160583941607,3300,600.2859094095395,68,3,1.5912408759124088,74.04379562043796,2.423357664233577,0.0,160.0,2.014705882352941,45.666666666666664,0.0,0
PRV52588,50,17,33,176620,3532.4,22000,5744.158900081696,37,16,3.34,73.46,4.58,0.22,18156.0,1.3513513513513513,3.125,0.34,0
PRV52589,426,81,345,832920,1955.2112676056338,54000,4794.622387385048,368,205,2.075117370892019,73.69014084507042,3.57981220657277,0.1572769953051643,86530.0,1.1576086956521738,2.078048780487805,0.19014084507042253,1
PRV52590,208,115,93,1227580,5901.826923076923,89000,10399.427963125558,190,3,3.451923076923077,73.63942307692308,5.528846153846154,0.3942307692307692,121972.0,1.0947368421052632,69.33333333333333,0.5528846153846154,1
PRV52591,46,0,46,12510,271.95652173913044,3300,624.726142900382,45,13,0.782608695652174,74.1304347826087,2.5,0.0,440.0,1.0222222222222221,3.5384615384615383,0.0,0
PRV52592,19,7,12,59620,3137.8947368421054,19000,4904.159888352573,18,12,4.631578947368421,83.05263157894737,5.105263157894737,0.3157894736842105,7476.0,1.0555555555555556,1.5833333333333333,0.3684210526315789,0
PRV52593,582,0,582,142020,244.02061855670104,3300,500.06504181530624,252,1,1.3986254295532645,74.26116838487972,2.5996563573883162,0.0,1360.0,2.3095238095238093,582.0,0.0,1
PRV52596,2,0,2,400,200.0,400,282.842712474619,2,2,1.0,74.5,3.0,0.0,0.0,1.0,1.0,0.0,0
PRV52598,31,0,31,10490,338.38709677419354,3300,677.9680266511765,30,23,0.03225806451612903,78.87096774193549,2.4516129032258065,0.0,30.0,1.0333333333333334,1.3478260869565217,0.0,0
PRV52599,272,0,272,87890,323.125,3300,627.5596846110155,144,2,2.327205882352941,74.70220588235294,2.797794117647059,0.0,950.0,1.8888888888888888,136.0,0.0,0
PRV52602,79,9,70,108520,1373.6708860759493,34000,4318.337517602855,73,58,1.5696202531645569,73.73417721518987,3.088607594936709,0.0759493670886076,8694.0,1.082191780821918,1.3620689655172413,0.11392405063291139,0
PRV52604,7,0,7,3490,498.57142857142856,3300,1235.521867760456,7,6,0.0,66.0,2.142857142857143,0.0,0.0,1.0,1.1666666666666667,0.0,0
PRV52605,1000,0,1000,253880,253.88,3300,515.8141233136313,401,2,1.466,74.964,2.646,0.001,3020.0,2.493765586034913,500.0,0.0,0
PRV52606,30,0,30,10020,334.0,2300,561.2952999919947,22,19,1.0,67.03333333333333,2.8,0.0,240.0,1.3636363636363635,1.5789473684210527,0.0,0
PRV52607,2,0,2,3400,1700.0,3300,2262.741699796952,2,2,0.0,76.0,1.0,0.0,0.0,1.0,1.0,0.0,0
PRV52608,1,1,0,3000,3000.0,3000,0.0,1,1,3.0,83.0,7.0,0.0,1068.0,1.0,1.0,1.0,0
PRV52609,133,5,128,98690,742.0300751879699,15000,2309.1615162607263,45,5,1.1954887218045114,74.45864661654136,2.774436090225564,0.03007518796992481,5750.0,2.9555555555555557,26.6,0.03759398496240601,1
PRV52610,17,1,16,10040,590.5882352941177,3000,971.8826484473016,16,12,1.2352941176470589,74.76470588235294,2.823529411764706,0.0,1198.0,1.0625,1.4166666666666667,0.058823529411764705,0
PRV52611,16,9,7,82760,5172.5,30000,7508.732249854165,16,14,3.0625,73.75,6.0625,0.5,9612.0,1.0,1.1428571428571428,0.5625,0
PRV52614,156,0,156,42480,272.3076923076923,3300,564.4727441676775,94,3,1.4743589743589745,73.33974358974359,2.7628205128205128,0.0,160.0,1.6595744680851063,52.0,0.0,0
PRV52615,9,2,7,18770,2085.5555555555557,12000,4197.687193893535,9,4,3.111111111111111,72.66666666666667,4.555555555555555,0.1111111111111111,2136.0,1.0,2.25,0.2222222222222222,0
PRV52616,15,0,15,8640,576.0,2500,835.5819186992636,15,7,1.9333333333333333,71.4,2.8666666666666667,0.0,0.0,1.0,2.142857142857143,0.0,0
PRV52617,238,42,196,407900,1713.8655462184875,57000,4954.303351972393,135,9,2.180672268907563,74.16806722689076,3.638655462184874,0.14705882352941177,44408.0,1.762962962962963,26.444444444444443,0.17647058823529413,0
PRV52621,45,24,21,180280,4006.222222222222,19000,5011.155867792692,42,26,3.8444444444444446,70.91111111111111,5.288888888888889,0.35555555555555557,24724.0,1.0714285714285714,1.7307692307692308,0.5333333333333333,0
PRV52622,7,4,3,17010,2430.0,7000,2427.1313657621968,7,6,3.857142857142857,75.71428571428571,5.285714285714286,0.2857142857142857,4272.0,1.0,1.1666666666666667,0.5714285714285714,0
PRV52623,235,10,225,202290,860.8085106382979,57000,4263.076186779475,125,23,1.3191489361702127,72.95744680851064,2.8468085106382977,0.02127659574468085,11440.0,1.88,10.217391304347826,0.0425531914893617,0
PRV52626,3,0,3,560,186.66666666666666,400,185.8314648635514,3,3,0.0,76.66666666666667,4.666666666666667,0.0,0.0,1.0,1.0,0.0,0
PRV52627,5,3,2,46070,9214.0,37000,15696.448005838773,5,3,5.0,79.2,4.4,0.2,3204.0,1.0,1.6666666666666667,0.6,0
PRV52628,2098,0,2098,604120,287.9504289799809,5400,583.1159565729806,1354,2,1.644423260247855,74.13727359389895,2.6029551954242134,0.0,5780.0,1.549483013293944,1049.0,0.0,1
PRV52629,61,0,61,12320,201.9672131147541,2200,380.34554321095595,58,8,1.0327868852459017,74.57377049180327,2.639344262295082,0.0,140.0,1.0517241379310345,7.625,0.0,0
PRV52630,434,87,347,873470,2012.6036866359448,28000,4516.820438894492,260,12,2.391705069124424,75.38248847926268,3.728110599078341,0.16129032258064516,92978.0,1.6692307692307693,36.166666666666664,0.20046082949308755,1
PRV52631,1057,0,1057,321750,304.399243140965,17300,779.4273851920431,804,6,1.3159886471144748,73.68211920529801,2.6187322611163673,0.0,2190.0,1.314676616915423,176.16666666666666,0.0,0
PRV52633,379,0,379,100770,265.8839050131926,3300,542.5892726191977,224,3,1.3509234828496042,73.65435356200528,2.6701846965699207,0.0,1190.0,1.6919642857142858,126.33333333333333,0.0,0
PRV52634,87,58,29,424950,4884.482758620689,20000,5352.135144168491,79,26,5.264367816091954,73.06896551724138,6.310344827586207,0.40229885057471265,60876.0,1.1012658227848102,3.3461538461538463,0.6666666666666666,0
PRV52636,21,0,21,6820,324.76190476190476,2500,670.273220766122,21,14,1.380952380952381,71.23809523809524,1.9047619047619047,0.0,160.0,1.0,1.5,0.0,0
PRV52638,1,0,1,400,400.0,400,0.0,1,1,0.0,56.0,2.0,0.0,0.0,1.0,1.0,0.0,0
PRV52639,37,0,37,10150,274.3243243243243,2100,464.1332455983623,33,20,2.972972972972973,76.62162162162163,2.810810810810811,0.0,90.0,1.121212121212121,1.85,0.0,0
PRV52640,66,0,66,11050,167.42424242424244,2600,405.89998997881474,65,23,1.2121212121212122,75.03030303030303,2.3181818181818183,0.0,90.0,1.0153846153846153,2.869565217391304,0.0,0
PRV52641,97,21,76,186330,1920.9278350515465,29000,4195.7751773049,91,55,2.4329896907216493,72.22680412371135,3.6082474226804124,0.12371134020618557,22478.0,1.065934065934066,1.7636363636363637,0.21649484536082475,0
PRV52642,436,146,290,1328240,3046.422018348624,57000,5544.342175328225,263,10,2.9013761467889907,74.60550458715596,4.394495412844036,0.23853211009174313,153514.0,1.6577946768060836,43.6,0.3348623853211009,1
PRV52643,11,0,11,5090,462.72727272727275,3300,955.3752237638456,11,10,1.2727272727272727,78.0909090909091,2.727272727272727,0.0,0.0,1.0,1.1,0.0,0
PRV52644,31,9,22,70530,2275.1612903225805,13000,3853.2253770642087,29,21,3.6774193548387095,75.09677419354838,4.161290322580645,0.1935483870967742,9682.0,1.0689655172413792,1.4761904761904763,0.2903225806451613,0
PRV52645,408,0,408,109630,268.70098039215685,14060,862.5979437599476,367,3,1.3602941176470589,74.51225490196079,2.6348039215686274,0.0,1480.0,1.111716621253406,136.0,0.0,0
PRV52646,104,34,70,306310,2945.2884615384614,33000,5416.611264054768,87,55,2.9326923076923075,75.48076923076923,4.461538461538462,0.22115384615384615,35304.0,1.1954022988505748,1.8909090909090909,0.3269230769230769,0
PRV52647,75,7,68,71070,947.6,14000,2363.069373688565,73,44,1.1466666666666667,74.09333333333333,3.36,0.05333333333333334,7596.0,1.0273972602739727,1.7045454545454546,0.09333333333333334,0
PRV52648,842,0,842,255250,303.14726840855104,3300,606.0406972151259,259,21,1.5807600950118765,74.76603325415677,2.534441805225653,0.0035629453681710215,1490.0,3.250965250965251,40.095238095238095,0.0,1
PRV52649,2156,0,2156,602190,279.30890538033395,8000,590.6499900937,1421,21,1.4837662337662338,73.62662337662337,2.6303339517625233,0.0,5170.0,1.5172413793103448,102.66666666666667,0.0,1
PRV52651,4,3,1,33090,8272.5,23000,10218.791105931596,4,3,2.75,85.0,6.5,0.75,3204.0,1.0,1.3333333333333333,0.75,0
PRV52652,743,0,743,190560,256.47375504710635,3300,511.9717200197989,503,1,1.5450874831763122,73.3835800807537,2.582772543741588,0.0,2290.0,1.4771371769383699,743.0,0.0,1
PRV52653,14,4,10,68950,4925.0,30000,8998.229526711608,13,10,3.2142857142857144,67.57142857142857,4.142857142857143,0.2857142857142857,4272.0,1.0769230769230769,1.4,0.2857142857142857,0
PRV52654,177,58,119,483550,2731.9209039548023,26000,4654.7509618061795,171,101,2.615819209039548,73.28813559322033,4.4124293785310735,0.2598870056497175,60168.0,1.0350877192982457,1.7524752475247525,0.327683615819209,0
PRV52656,775,0,775,239770,309.3806451612903,3300,635.8679420104346,631,3,1.423225806451613,73.85806451612903,2.661935483870968,0.0,1950.0,1.2282091917591125,258.3333333333333,0.0,0
PRV52657,121,0,121,29250,241.73553719008265,3100,519.3131323937264,61,3,0.6115702479338843,72.22314049586777,2.4545454545454546,0.0,350.0,1.9836065573770492,40.333333333333336,0.0,0
PRV52658,39,0,39,14840,380.5128205128205,2700,655.1012325063273,36,8,2.230769230769231,77.02564102564102,2.923076923076923,0.0,120.0,1.0833333333333333,4.875,0.0,0
PRV52659,24,0,24,3310,137.91666666666666,1100,230.66970865883894,24,13,0.8333333333333334,77.0,1.75,0.0,20.0,1.0,1.8461538461538463,0.0,0
PRV52660,558,0,558,145400,260.57347670250897,3300,503.35716122337675,329,4,1.075268817204301,74.86021505376344,2.550179211469534,0.0,2250.0,1.696048632218845,139.5,0.0,0
PRV52661,247,0,247,75690,306.43724696356276,3300,550.2182300877037,233,1,1.3157894736842106,73.95951417004049,2.5182186234817814,0.0,660.0,1.0600858369098713,247.0,0.0,0
PRV52662,19,2,17,12790,673.1578947368421,7000,1777.4390210874212,18,13,1.631578947368421,74.52631578947368,3.1052631578947367,0.05263157894736842,2136.0,1.0555555555555556,1.4615384615384615,0.10526315789473684,0
PRV52663,576,0,576,180650,313.62847222222223,3300,649.8276915333593,272,19,1.2013888888888888,73.38020833333333,2.6597222222222223,0.0,1770.0,2.1176470588235294,30.31578947368421,0.0,0
PRV52665,607,0,607,146130,240.74135090609556,3300,464.9350825761089,416,13,1.2487644151565074,74.01153212520593,2.617792421746293,0.0,1930.0,1.4591346153846154,46.69230769230769,0.0,0
PRV52666,39,0,39,8930,228.97435897435898,2000,417.1128515212443,38,1,1.9230769230769231,73.35897435897436,3.076923076923077,0.0,70.0,1.0263157894736843,39.0,0.0,0
PRV52667,3,0,3,150,50.0,80,26.457513110645905,3,3,0.0,86.66666666666667,2.6666666666666665,0.0,0.0,1.0,1.0,0.0,0
PRV52668,7,0,7,1850,264.2857142857143,1300,459.813626840888,6,2,4.142857142857143,77.14285714285714,2.5714285714285716,0.0,0.0,1.1666666666666667,3.5,0.0,0
PRV52669,1,0,1,300,300.0,300,0.0,1,1,0.0,87.0,1.0,0.0,0.0,1.0,1.0,0.0,0
PRV52670,13,0,13,760,58.46153846153846,200,53.82783571197989,13,2,0.0,72.23076923076923,2.3846153846153846,0.0,100.0,1.0,6.5,0.0,0
PRV52671,2,0,2,240,120.0,200,113.13708498984761,2,2,0.0,82.0,4.0,0.0,0.0,1.0,1.0,0.0,0
PRV52672,3,0,3,390,130.0,300,149.33184523068078,2,1,0.0,73.0,2.3333333333333335,0.0,0.0,1.5,3.0,0.0,0
PRV52673,87,0,87,19470,223.79310344827587,2100,444.854931617536,52,1,1.2413793103448276,76.96551724137932,2.689655172413793,0.0,520.0,1.6730769230769231,87.0,0.0,0
PRV52674,3,0,3,730,243.33333333333334,700,395.7692930652065,3,1,0.0,76.33333333333333,1.6666666666666667,0.0,0.0,1.0,3.0,0.0,0
PRV52676,39,0,39,9800,251.28205128205127,3010,557.5660427588706,34,2,0.4358974358974359,76.38461538461539,2.358974358974359,0.0,40.0,1.1470588235294117,19.5,0.0,0
PRV52677,2,0,2,140,70.0,80,14.142135623730951,2,1,0.0,81.0,1.5,0.0,0.0,1.0,2.0,0.0,0
PRV52678,74,0,74,24930,336.8918918918919,2200,581.8838693997322,51,19,2.4594594594594597,73.87837837837837,3.135135135135135,0.0,70.0,1.4509803921568627,3.8947368421052633,0.0,0
PRV52679,53,0,53,16100,303.77358490566036,2500,566.5558103240149,36,2,1.9433962264150944,74.62264150943396,2.641509433962264,0.0,50.0,1.4722222222222223,26.5,0.0,0
PRV52681,3,0,3,460,153.33333333333334,300,128.58201014657274,3,2,0.0,60.666666666666664,1.0,0.0,0.0,1.0,1.5,0.0,0
PRV52683,131,0,131,33240,253.74045801526717,3300,529.6171852281791,66,3,1.2213740458015268,73.93129770992367,2.549618320610687,0.0,220.0,1.9848484848484849,43.666666666666664,0.0,0
PRV52684,210,5,205,130040,619.2380952380952,36000,2837.2851419151084,108,3,1.7047619047619047,74.0047619047619,2.7142857142857144,0.01904761904761905,5960.0,1.9444444444444444,70.0,0.023809523809523808,0
PRV52686,9,0,9,1120,124.44444444444444,200,78.7577156714044,8,4,4.444444444444445,74.88888888888889,3.2222222222222223,0.0,0.0,1.125,2.25,0.0,0
PRV52687,41,6,35,61920,1510.2439024390244,21000,4085.757266287902,25,18,2.2439024390243905,71.1951219512195,3.4878048780487805,0.14634146341463414,6408.0,1.64,2.2777777777777777,0.14634146341463414,0
PRV52688,59,6,53,115670,1960.5084745762713,57000,8037.348040871401,30,9,2.5084745762711864,72.98305084745763,3.3728813559322033,0.05084745762711865,6558.0,1.9666666666666666,6.555555555555555,0.1016949152542373,0
PRV52689,12,0,12,1330,110.83333333333333,400,103.52499332250277,12,7,0.0,76.0,1.9166666666666667,0.0,100.0,1.0,1.7142857142857142,0.0,0
PRV52690,117,0,117,52510,448.8034188034188,3300,832.7759586044677,37,2,2.0085470085470085,78.67521367521367,2.58974358974359,0.0,690.0,3.1621621621621623,58.5,0.0,1
PRV52691,17,3,14,22380,1316.4705882352941,11000,2886.4271625499027,15,9,2.9411764705882355,72.52941176470588,3.3529411764705883,0.11764705882352941,3314.0,1.1333333333333333,1.8888888888888888,0.17647058823529413,0
PRV52692,36,0,36,9640,267.77777777777777,1800,433.2146357579815,18,1,2.8333333333333335,63.138888888888886,2.7777777777777777,0.0,290.0,2.0,36.0,0.0,0
PRV52693,8,0,8,3920,490.0,2100,756.5145641124735,8,5,2.5,70.625,2.625,0.0,0.0,1.0,1.6,0.0,0
PRV52694,2,0,2,110,55.0,100,63.63961030678928,2,2,10.0,64.0,2.0,0.0,0.0,1.0,1.0,0.0,0
PRV52695,5,0,5,200,40.0,50,12.24744871391589,5,2,0.0,75.0,3.2,0.0,0.0,1.0,2.5,0.0,0
PRV52696,3,3,0,96000,32000.0,51000,21931.712199461308,3,2,7.0,75.33333333333333,9.0,1.6666666666666667,3204.0,1.0,1.5,1.0,0
PRV52697,5,0,5,650,130.0,200,95.91663046625439,5,4,0.0,82.2,2.2,0.0,0.0,1.0,1.25,0.0,0
PRV52698,123,1,122,41770,339.5934959349593,7000,790.1954503750421,56,4,2.040650406504065,77.4959349593496,2.6016260162601625,0.016260162601626018,1548.0,2.1964285714285716,30.75,0.008130081300813009,0
PRV52699,12,1,11,13150,1095.8333333333333,9000,2645.6841642512245,11,8,2.0833333333333335,72.08333333333333,3.1666666666666665,0.0,1068.0,1.0909090909090908,1.5,0.08333333333333333,0
PRV52700,30,0,30,12300,410.0,3300,713.6791513239564,16,4,2.3666666666666667,78.83333333333333,2.933333333333333,0.03333333333333333,100.0,1.875,7.5,0.0,0
PRV52701,96,0,96,25610,266.7708333333333,3300,556.1436671479519,55,3,1.0729166666666667,74.02083333333333,2.5729166666666665,0.0,340.0,1.7454545454545454,32.0,0.0,0
PRV52702,28,0,28,6750,241.07142857142858,1800,484.31960128666714,24,11,2.4642857142857144,76.60714285714286,2.607142857142857,0.0,40.0,1.1666666666666667,2.5454545454545454,0.0,0
PRV52703,4,0,4,2700,675.0,2100,953.5023160258535,4,4,1.0,80.75,2.75,0.0,190.0,1.0,1.0,0.0,0
PRV52704,159,0,159,51790,325.72327044025155,3300,644.6316376447309,73,2,1.421383647798742,73.93081761006289,2.6540880503144653,0.0,530.0,2.1780821917808217,79.5,0.0,0
PRV52706,26,2,24,33190,1276.5384615384614,20000,3964.869674839457,25,16,4.461538461538462,75.0,2.4615384615384617,0.11538461538461539,2136.0,1.04,1.625,0.07692307692307693,0
PRV52708,31,5,26,40400,1303.225806451613,14000,2838.2276008062663,12,10,1.3548387096774193,74.70967741935483,3.6129032258064515,0.06451612903225806,5410.0,2.5833333333333335,3.1,0.16129032258064516,0
PRV52709,13,0,13,2220,170.76923076923077,1100,303.2727468374944,4,2,3.076923076923077,79.15384615384616,2.1538461538461537,0.0,0.0,3.25,6.5,0.0,0
PRV52710,28,0,28,4410,157.5,700,154.38348117353507,26,10,0.6428571428571429,68.75,1.8571428571428572,0.0,10.0,1.0769230769230769,2.8,0.0,0
PRV52711,28,0,28,9110,325.35714285714283,3300,764.2884957670792,18,5,1.5714285714285714,67.03571428571429,2.892857142857143,0.0,0.0,1.5555555555555556,5.6,0.0,0
PRV52713,60,0,60,14260,237.66666666666666,2300,446.771342823554,21,2,1.9333333333333333,80.2,1.9666666666666666,0.0,130.0,2.857142857142857,30.0,0.0,0
PRV52714,5,0,5,710,142.0,500,202.53394777172542,5,4,0.4,65.4,2.0,0.0,0.0,1.0,1.25,0.0,0
PRV52715,3,0,3,200,66.66666666666667,80,23.094010767585033,3,3,0.0,77.33333333333333,3.0,0.0,0.0,1.0,1.0,0.0,0
PRV52717,129,20,109,211130,1636.6666666666667,41000,4791.092375005237,87,5,1.813953488372093,71.87596899224806,3.310077519379845,0.10852713178294573,22210.0,1.4827586206896552,25.8,0.15503875968992248,0
PRV52719,63,0,63,10840,172.06349206349208,2700,387.50716426325687,33,1,0.8571428571428571,74.34920634920636,2.492063492063492,0.0,310.0,1.9090909090909092,63.0,0.0,0
PRV52720,50,0,50,15050,301.0,2700,550.8925966658334,24,8,2.02,73.96,2.3,0.0,80.0,2.0833333333333335,6.25,0.0,0
PRV52721,7,0,7,1810,258.57142857142856,1400,508.08229554632095,7,5,6.285714285714286,72.71428571428571,2.5714285714285716,0.0,0.0,1.0,1.4,0.0,0
PRV52722,283,9,274,147380,520.7773851590106,15000,1752.0855141369266,119,6,1.3780918727915195,75.53710247349824,2.6713780918727914,0.028268551236749116,10072.0,2.3781512605042017,47.166666666666664,0.03180212014134275,0
PRV52723,181,18,163,219760,1214.1436464088397,42000,3987.092781202581,93,4,1.9226519337016574,73.50828729281768,3.1215469613259668,0.06077348066298342,19444.0,1.946236559139785,45.25,0.09944751381215469,0
PRV52724,24,0,24,5040,210.0,2400,488.03955648661537,17,1,1.5,73.375,2.2916666666666665,0.041666666666666664,0.0,1.411764705882353,24.0,0.0,0
PRV52725,42,0,42,18850,448.8095238095238,9600,1514.4027276027007,40,1,1.2142857142857142,74.23809523809524,2.5476190476190474,0.0,110.0,1.05,42.0,0.0,0
PRV52726,2,0,2,380,190.0,300,155.56349186104046,2,1,10.0,79.5,4.0,0.0,0.0,1.0,2.0,0.0,0
PRV52727,12,0,12,2650,220.83333333333334,900,281.76258004772654,10,2,1.5833333333333333,81.83333333333333,3.5,0.0,50.0,1.2,6.0,0.0,0
PRV52728,15,0,15,3140,209.33333333333334,500,208.06821225833838,12,6,0.6,71.0,1.3333333333333333,0.0,0.0,1.25,2.5,0.0,0
PRV52729,2,0,2,500,250.0,400,212.13203435596427,2,1,2.0,82.0,6.0,0.0,0.0,1.0,2.0,0.0,0
PRV52731,23,0,23,4410,191.7391304347826,2000,408.5412205074966,13,2,2.6956521739130435,75.43478260869566,2.391304347826087,0.0,110.0,1.7692307692307692,11.5,0.0,0
PRV52732,10,0,10,2490,249.0,1900,582.49368141542,6,1,4.0,71.7,2.6,0.0,0.0,1.6666666666666667,10.0,0.0,0
PRV52733,1,0,1,30,30.0,30,0.0,1,1,12.0,76.0,3.0,0.0,0.0,1.0,1.0,0.0,0
PRV52736,1,0,1,50,50.0,50,0.0,1,1,0.0,87.0,3.0,0.0,0.0,1.0,1.0,0.0,0
PRV52738,62,0,62,17660,284.83870967741933,3200,608.5530862668147,49,1,1.3709677419354838,72.59677419354838,2.629032258064516,0.0,50.0,1.2653061224489797,62.0,0.0,0
PRV52739,53,0,53,11400,215.0943396226415,1800,366.0423611546233,39,2,1.6226415094339623,74.66037735849056,2.8679245283018866,0.0,320.0,1.358974358974359,26.5,0.0,0
PRV52740,34,0,34,6310,185.58823529411765,1300,296.5783781782685,18,2,3.235294117647059,75.38235294117646,2.176470588235294,0.0,100.0,1.8888888888888888,17.0,0.0,0
PRV52741,2,0,2,80,40.0,60,28.284271247461902,2,1,0.0,71.5,3.0,0.0,0.0,1.0,2.0,0.0,0
PRV52742,6,0,6,1270,211.66666666666666,500,196.00170067289383,3,4,3.3333333333333335,77.5,3.6666666666666665,0.0,0.0,2.0,1.5,0.0,0
PRV52743,6,0,6,2070,345.0,700,264.40499238857046,6,2,0.0,74.5,4.5,0.0,0.0,1.0,3.0,0.0,0
PRV52744,2,0,2,400,200.0,200,0.0,2,2,0.0,74.5,2.0,0.0,0.0,1.0,1.0,0.0,0
PRV52745,156,0,156,47020,301.4102564102564,14010,1173.2669848336218,152,2,1.0897435897435896,74.35897435897436,2.3653846153846154,0.0,560.0,1.0263157894736843,78.0,0.0,0
PRV52746,1,0,1,50,50.0,50,0.0,1,1,0.0,77.0,1.0,0.0,0.0,1.0,1.0,0.0,0
PRV52747,21,0,21,7520,358.0952380952381,1900,544.0369385218163,21,1,1.7619047619047619,76.42857142857143,3.0,0.0,160.0,1.0,21.0,0.0,0
PRV52748,10,0,10,610,61.0,200,59.15140648276158,10,2,0.0,73.7,2.1,0.0,0.0,1.0,5.0,0.0,0
PRV52750,26,0,26,10700,411.53846153846155,2300,633.8308437284655,26,1,4.461538461538462,71.3076923076923,2.5,0.0,160.0,1.0,26.0,0.0,0
PRV52751,3,0,3,300,100.0,200,91.6515138991168,3,2,0.0,77.0,2.3333333333333335,0.0,0.0,1.0,1.5,0.0,0
PRV52752,2,0,2,560,280.0,500,311.1269837220809,2,1,10.0,83.5,3.0,0.0,0.0,1.0,2.0,0.0,0
PRV52753,2,0,2,130,65.0,100,49.49747468305833,2,2,0.0,63.5,1.5,0.0,0.0,1.0,1.0,0.0,0
PRV52754,1,0,1,10,10.0,10,0.0,1,1,0.0,78.0,3.0,0.0,0.0,1.0,1.0,0.0,0
PRV52755,11,0,11,5930,539.0909090909091,1900,628.3224418314938,9,2,1.8181818181818181,70.63636363636364,3.3636363636363638,0.0,0.0,1.2222222222222223,5.5,0.0,0
PRV52756,4,0,4,220,55.0,90,35.11884584284246,4,3,0.25,67.75,2.5,0.0,0.0,1.0,1.3333333333333333,0.0,0
PRV52757,1,0,1,50,50.0,50,0.0,1,1,0.0,80.0,0.0,0.0,0.0,1.0,1.0,0.0,0
PRV52758,4,0,4,130,32.5,80,39.475730941090035,4,4,0.0,73.75,3.75,0.0,0.0,1.0,1.0,0.0,0
PRV52760,5,0,5,4070,814.0,2900,1199.0329436675208,5,2,0.4,73.4,2.6,0.0,0.0,1.0,2.5,0.0,0
PRV52761,11,0,11,4740,430.90909090909093,2500,885.2169739160512,11,4,1.9090909090909092,76.81818181818181,2.1818181818181817,0.0,0.0,1.0,2.75,0.0,0
PRV52763,1,0,1,50,50.0,50,0.0,1,1,0.0,69.0,1.0,0.0,70.0,1.0,1.0,0.0,0
PRV52764,3,0,3,450,150.0,400,217.02534414210706,3,2,6.666666666666667,73.0,1.3333333333333333,0.0,0.0,1.0,1.5,0.0,0
PRV52766,11,0,11,2010,182.72727272727272,900,300.23627059670554,11,3,0.0,72.45454545454545,2.6363636363636362,0.0,0.0,1.0,3.6666666666666665,0.0,0
PRV52767,4,0,4,690,172.5,500,218.68927728629038,4,1,0.25,82.25,4.0,0.0,40.0,1.0,4.0,0.0,0
PRV52768,25,0,25,7310,292.4,3300,682.7168764087594,25,1,0.8,79.68,1.84,0.0,90.0,1.0,25.0,0.0,0
PRV52769,1,0,1,40,40.0,40,0.0,1,1,0.0,84.0,2.0,0.0,0.0,1.0,1.0,0.0,0
PRV52770,7,0,7,1090,155.71428571428572,500,178.12515664153514,7,2,0.0,66.14285714285714,1.7142857142857142,0.0,0.0,1.0,3.5,0.0,0
PRV52771,4,0,4,250,62.5,100,41.12987559751022,4,2,0.0,76.5,1.75,0.0,0.0,1.0,2.0,0.0,0
PRV52772,12,0,12,2050,170.83333333333334,500,201.3797106929789,12,1,0.4166666666666667,73.33333333333333,2.5,0.0,0.0,1.0,12.0,0.0,0
PRV52773,2,0,2,150,75.0,100,35.35533905932738,2,1,7.0,81.0,2.0,0.0,0.0,1.0,2.0,0.0,0
PRV52774,4,0,4,300,75.0,100,19.148542155126762,4,3,0.0,84.25,2.75,0.0,0.0,1.0,1.3333333333333333,0.0,0
PRV52775,7,0,7,3790,541.4285714285714,2000,754.7279547719733,7,1,2.857142857142857,72.14285714285714,3.0,0.0,0.0,1.0,7.0,0.0,0
PRV52777,2,0,2,260,130.0,200,98.99494936611666,2,1,0.0,72.5,1.5,0.0,0.0,1.0,2.0,0.0,0
PRV52778,1,0,1,100,100.0,100,0.0,1,1,0.0,74.0,3.0,0.0,0.0,1.0,1.0,0.0,0
PRV52781,1,0,1,100,100.0,100,0.0,1,1,0.0,69.0,2.0,0.0,0.0,1.0,1.0,0.0,0
PRV52782,10,0,10,1730,173.0,1100,330.59038098529123,7,1,0.5,73.2,1.6,0.0,0.0,1.4285714285714286,10.0,0.0,0
PRV52783,1,0,1,70,70.0,70,0.0,1,1,0.0,76.0,2.0,0.0,0.0,1.0,1.0,0.0,0
PRV52784,2,0,2,270,135.0,200,91.92388155425118,2,1,0.0,78.5,1.5,0.0,0.0,1.0,2.0,0.0,0
PRV52785,1,0,1,60,60.0,60,0.0,1,1,0.0,86.0,1.0,0.0,0.0,1.0,1.0,0.0,0
PRV52786,2,0,2,120,60.0,100,56.568542494923804,2,1,0.0,70.5,1.5,0.0,0.0,1.0,2.0,0.0,0
PRV52787,11,11,0,67000,6090.909090909091,11000,2343.2688900143517,11,3,2.8181818181818183,71.0,7.2727272727272725,0.6363636363636364,11748.0,1.0,3.6666666666666665,1.0,0
PRV52788,401,0,401,115280,287.48129675810475,3300,560.4657797531569,373,2,1.139650872817955,73.67331670822942,2.6683291770573567,0.0,1490.0,1.0750670241286864,200.5,0.0,0
PRV52789,38,0,38,12500,328.94736842105266,2500,602.7270884081747,38,1,2.4210526315789473,76.07894736842105,2.763157894736842,0.0,170.0,1.0,38.0,0.0,0
PRV52790,28,0,28,6860,245.0,1100,301.0906102082155,15,1,0.7142857142857143,76.57142857142857,2.7142857142857144,0.0,200.0,1.8666666666666667,28.0,0.0,0
PRV52791,1,0,1,200,200.0,200,0.0,1,1,0.0,78.0,1.0,0.0,0.0,1.0,1.0,0.0,0
PRV52792,5,0,5,320,64.0,100,28.809720581775867,5,1,0.0,78.0,3.4,0.0,80.0,1.0,5.0,0.0,0
PRV52793,17,0,17,4230,248.8235294117647,1500,394.6973896693069,17,1,2.176470588235294,80.52941176470588,2.823529411764706,0.0,60.0,1.0,17.0,0.0,0
PRV52794,1,0,1,30,30.0,30,0.0,1,1,0.0,66.0,6.0,0.0,0.0,1.0,1.0,0.0,0
PRV52795,19,0,19,6150,323.6842105263158,2700,657.7420173620573,13,11,2.8947368421052633,72.05263157894737,2.0526315789473686,0.0,80.0,1.4615384615384615,1.7272727272727273,0.0,0
PRV52796,48,0,48,16690,347.7083333333333,3300,663.4155322569077,16,2,0.7083333333333334,66.375,3.0625,0.0,140.0,3.0,24.0,0.0,0
PRV52797,1,0,1,300,300.0,300,0.0,1,1,0.0,67.0,2.0,0.0,0.0,1.0,1.0,0.0,0
PRV52798,56,0,56,18160,324.2857142857143,2500,514.5019026128161,38,1,1.6607142857142858,76.83928571428571,2.3392857142857144,0.0,200.0,1.4736842105263157,56.0,0.0,0
PRV52799,2,0,2,150,75.0,100,35.35533905932738,2,1,0.0,73.0,2.0,0.0,0.0,1.0,2.0,0.0,0
PRV52800,8,0,8,1890,236.25,900,309.8818899424194,6,3,0.0,68.0,2.0,0.0,90.0,1.3333333333333333,2.6666666666666665,0.0,0
PRV52801,31,0,31,10510,339.03225806451616,3200,686.5146506749858,22,8,2.2580645161290325,78.06451612903226,2.2580645161290325,0.0,260.0,1.4090909090909092,3.875,0.0,0
PRV52803,2,2,0,9000,4500.0,6000,2121.3203435596424,2,2,2.0,72.5,7.0,0.0,2136.0,1.0,1.0,1.0,0
PRV52804,1,1,0,36000,36000.0,36000,0.0,1,1,13.0,84.0,4.0,2.0,1068.0,1.0,1.0,1.0,0
PRV52806,2,2,0,16000,8000.0,10000,2828.42712474619,2,1,2.5,72.5,8.0,1.0,2136.0,1.0,2.0,1.0,0
PRV52807,2,2,0,17000,8500.0,9000,707.1067811865476,2,1,5.5,83.5,9.0,1.0,2136.0,1.0,2.0,1.0,0
PRV52808,5,4,1,31080,6216.0,11000,4466.909446138347,5,2,4.8,73.8,6.4,0.6,4272.0,1.0,2.5,0.8,0
PRV52810,6,6,0,76000,12666.666666666666,32000,9973.297682645729,6,1,5.166666666666667,72.66666666666667,8.166666666666666,1.1666666666666667,6408.0,1.0,6.0,1.0,0
PRV52813,17,17,0,142000,8352.941176470587,30000,6412.304348580433,15,4,4.588235294117647,76.52941176470588,8.470588235294118,0.7647058823529411,14952.0,1.1333333333333333,4.25,1.0,0
PRV52814,2,2,0,6000,3000.0,3000,0.0,2,1,4.0,74.5,8.5,0.5,2136.0,1.0,2.0,1.0,0
PRV52815,26,26,0,390000,15000.0,125000,25623.426780975256,24,4,5.6923076923076925,79.84615384615384,7.538461538461538,0.6153846153846154,27768.0,1.0833333333333333,6.5,1.0,1
PRV52816,1,1,0,3000,3000.0,3000,0.0,1,1,1.0,40.0,9.0,0.0,1068.0,1.0,1.0,1.0,0
PRV52818,39,0,39,9730,249.48717948717947,2500,449.6896515665508,35,19,0.9743589743589743,72.46153846153847,2.871794871794872,0.0,10.0,1.1142857142857143,2.0526315789473686,0.0,0
PRV52820,32,0,32,6510,203.4375,1200,304.1604985381365,30,24,0.125,75.125,2.625,0.0,220.0,1.0666666666666667,1.3333333333333333,0.0,0
PRV52821,713,173,540,1822970,2556.760168302945,57000,5817.1685813078375,389,14,2.8162692847124826,72.82748948106592,3.935483870967742,0.1753155680224404,180974.0,1.832904884318766,50.92857142857143,0.2426367461430575,1
PRV52822,135,0,135,43480,322.0740740740741,3300,630.7352926525178,97,1,1.385185185185185,72.9037037037037,2.674074074074074,0.0,910.0,1.3917525773195876,135.0,0.0,0
PRV52823,87,7,80,65100,748.2758620689655,14000,2194.0358940570195,70,43,2.4022988505747125,71.34482758620689,3.0114942528735633,0.05747126436781609,7956.0,1.2428571428571429,2.0232558139534884,0.08045977011494253,0
PRV52824,42,0,42,8740,208.0952380952381,3300,520.5777189240679,39,25,0.5238095238095238,69.5952380952381,2.4523809523809526,0.0,300.0,1.0769230769230769,1.68,0.0,0
PRV52825,22,0,22,5870,266.8181818181818,1100,309.02899176115784,21,18,1.8636363636363635,76.68181818181819,3.1818181818181817,0.0,0.0,1.0476190476190477,1.2222222222222223,0.0,0
PRV52826,292,0,292,101600,347.94520547945206,3300,649.6728415987187,103,4,1.5410958904109588,69.82191780821918,2.702054794520548,0.0,1020.0,2.8349514563106797,73.0,0.0,1
PRV52827,804,0,804,282060,350.82089552238807,3300,641.7553160588992,296,6,2.2412935323383083,75.07587064676616,2.6791044776119404,0.0012437810945273632,1630.0,2.7162162162162162,134.0,0.0,0
PRV52828,44,23,21,221050,5023.863636363636,39000,7587.075980538279,38,10,4.181818181818182,70.0909090909091,5.363636363636363,0.2727272727272727,24784.0,1.1578947368421053,4.4,0.5227272727272727,1
PRV52829,533,6,527,226800,425.515947467167,11300,1172.8996450177638,326,33,1.6904315196998123,72.31519699812382,2.6979362101313322,0.005628517823639775,8198.0,1.6349693251533743,16.151515151515152,0.01125703564727955,0
PRV52830,34,0,34,7250,213.23529411764707,2300,539.65601046006,28,15,0.29411764705882354,71.17647058823529,2.8823529411764706,0.0,220.0,1.2142857142857142,2.2666666666666666,0.0,0
PRV52831,31,20,11,247920,7997.419354838709,57000,11835.288186251017,29,9,4.0,74.64516129032258,6.032258064516129,0.7741935483870968,19224.0,1.0689655172413792,3.4444444444444446,0.6451612903225806,0
PRV52832,31,0,31,10180,328.38709677419354,3000,686.1491420684648,30,21,0.3548387096774194,74.12903225806451,2.3870967741935485,0.0,100.0,1.0333333333333334,1.4761904761904763,0.0,0
PRV52833,14,4,10,27460,1961.4285714285713,10000,3403.314803004807,12,8,6.428571428571429,74.71428571428571,4.785714285714286,0.2857142857142857,4472.0,1.1666666666666667,1.75,0.2857142857142857,0
PRV52835,57,11,46,140360,2462.4561403508774,26000,5739.500750034721,57,39,1.912280701754386,76.26315789473684,3.754385964912281,0.12280701754385964,11948.0,1.0,1.4615384615384615,0.19298245614035087,0
PRV52836,21,5,16,53680,2556.190476190476,29000,6530.292854222142,20,17,1.8095238095238095,72.52380952380952,3.7142857142857144,0.14285714285714285,4342.0,1.05,1.2352941176470589,0.23809523809523808,0
PRV52837,71,2,69,31930,449.71830985915494,15000,1944.02452353064,59,42,0.5211267605633803,71.66197183098592,2.816901408450704,0.014084507042253521,2216.0,1.2033898305084745,1.6904761904761905,0.028169014084507043,0
PRV52838,83,0,83,25230,303.9759036144578,3300,637.3648871818116,61,8,0.9156626506024096,73.78313253012048,2.746987951807229,0.0,370.0,1.360655737704918,10.375,0.0,0
PRV52839,33,0,33,12290,372.42424242424244,3300,676.2905731961222,30,27,1.9696969696969697,73.15151515151516,3.0,0.0,390.0,1.1,1.2222222222222223,0.0,0
PRV52841,3,1,2,13320,4440.0,13000,7414.499308786804,3,3,0.3333333333333333,79.0,5.333333333333333,0.3333333333333333,1068.0,1.0,1.0,0.3333333333333333,0
PRV52842,445,24,421,396510,891.0337078651686,68000,4085.85930084954,263,14,1.4764044943820225,72.44494382022472,2.7865168539325844,0.0449438202247191,26692.0,1.6920152091254752,31.785714285714285,0.05393258426966292,0
PRV52843,251,47,204,592160,2359.203187250996,57000,6348.207066766946,190,134,1.7729083665338645,70.41035856573706,3.681274900398406,0.13147410358565736,50656.0,1.3210526315789475,1.873134328358209,0.18725099601593626,1
PRV52844,129,2,127,46950,363.95348837209303,8000,958.8953757161247,112,58,1.5426356589147288,71.75968992248062,2.5968992248062017,0.0,2366.0,1.1517857142857142,2.2241379310344827,0.015503875968992248,0
PRV52845,231,8,223,268340,1161.6450216450216,118000,8723.68464605853,137,24,1.5974025974025974,72.5021645021645,2.632034632034632,0.030303030303030304,9004.0,1.686131386861314,9.625,0.03463203463203463,0
PRV52846,241,175,66,2117010,8784.273858921162,57000,11649.309653710048,222,48,4.7012448132780085,72.850622406639,6.589211618257261,0.5352697095435685,185872.0,1.0855855855855856,5.020833333333333,0.7261410788381742,1
PRV52847,92,62,30,617430,6711.195652173913,57000,9510.378696472113,75,20,4.032608695652174,74.95652173913044,6.445652173913044,0.45652173913043476,58920.0,1.2266666666666666,4.6,0.6739130434782609,1
PRV52848,25,0,25,5280,211.2,1200,279.22989333761046,25,21,1.4,77.48,2.92,0.0,110.0,1.0,1.1904761904761905,0.0,0
PRV52849,14,2,12,45780,3270.0,29000,8271.7656937505,13,11,1.1428571428571428,71.92857142857143,3.357142857142857,0.21428571428571427,2146.0,1.0769230769230769,1.2727272727272727,0.14285714285714285,0
PRV52850,146,1,145,48470,331.986301369863,16000,1396.5423409821422,52,6,1.5890410958904109,73.98630136986301,2.9383561643835616,0.00684931506849315,1768.0,2.8076923076923075,24.333333333333332,0.00684931506849315,0
PRV52851,37,8,29,67460,1823.2432432432433,16000,3730.8116886082385,35,21,2.189189189189189,71.08108108108108,4.4324324324324325,0.1891891891891892,8714.0,1.0571428571428572,1.7619047619047619,0.21621621621621623,0
PRV52853,29,0,29,11050,381.0344827586207,3300,751.7329732386274,24,12,2.2413793103448274,76.3103448275862,2.9310344827586206,0.0,180.0,1.2083333333333333,2.4166666666666665,0.0,0
PRV52855,22,3,19,31800,1445.4545454545455,11000,3038.633350816225,22,13,2.590909090909091,77.63636363636364,2.8636363636363638,0.09090909090909091,3204.0,1.0,1.6923076923076923,0.13636363636363635,0
PRV52857,459,6,453,196310,427.69063180827885,24000,1454.705924805125,178,21,1.4901960784313726,70.94335511982571,2.6209150326797386,0.004357298474945534,6400.0,2.5786516853932584,21.857142857142858,0.013071895424836602,0
PRV52858,80,14,66,164760,2059.5,33000,5006.711672560334,77,46,3.1125,75.425,4.225,0.1625,15132.0,1.0389610389610389,1.7391304347826086,0.175,0
PRV52859,911,0,911,287930,316.059275521405,5200,609.7637380680908,441,24,1.5093304061470911,74.2436882546652,2.642151481888035,0.0,1940.0,2.0657596371882088,37.958333333333336,0.0,0
PRV52860,393,0,393,107830,274.3765903307888,3300,546.2349616494173,149,7,2.1348600508905853,74.01526717557252,2.491094147582697,0.0,1290.0,2.6375838926174495,56.142857142857146,0.0,1
PRV52861,14,0,14,1770,126.42857142857143,500,136.246786432513,14,14,1.5714285714285714,64.92857142857143,2.2142857142857144,0.0,220.0,1.0,1.0,0.0,0
PRV52862,76,56,20,432660,5692.894736842105,36000,6874.386433864863,67,28,3.960526315789474,72.78947368421052,6.421052631578948,0.42105263157894735,58740.0,1.1343283582089552,2.7142857142857144,0.7368421052631579,0
PRV52863,52,0,52,14650,281.7307692307692,3300,589.8877299424456,29,15,1.9807692307692308,71.1923076923077,2.2884615384615383,0.0,80.0,1.793103448275862,3.466666666666667,0.0,0
PRV52864,28,0,28,12870,459.64285714285717,3300,813.2444493456653,22,16,0.8214285714285714,70.75,2.75,0.0,120.0,1.2727272727272727,1.75,0.0,0
PRV52865,66,6,60,82790,1254.3939393939395,38000,5040.746015846305,57,23,1.4090909090909092,71.78787878787878,2.9393939393939394,0.045454545454545456,6428.0,1.1578947368421053,2.869565217391304,0.09090909090909091,0
PRV52868,110,42,68,434120,3946.5454545454545,37000,7041.493200219721,93,30,3.309090909090909,71.13636363636364,4.7,0.2545454545454545,44926.0,1.1827956989247312,3.6666666666666665,0.38181818181818183,1
PRV52869,62,7,55,94120,1518.0645161290322,39000,5355.943485392677,50,40,1.4838709677419355,73.48387096774194,2.870967741935484,0.11290322580645161,7506.0,1.24,1.55,0.11290322580645161,0
PRV52870,589,35,554,453380,769.7453310696095,52000,2879.1681001009442,220,8,1.767402376910017,71.66893039049236,2.8862478777589136,0.042444821731748725,37982.0,2.6772727272727272,73.625,0.059422750424448216,1
PRV52872,108,0,108,47710,441.75925925925924,11100,1239.5385248496157,102,36,1.9351851851851851,72.86111111111111,2.6018518518518516,0.0,250.0,1.0588235294117647,3.0,0.0,0
PRV52873,69,0,69,16500,239.1304347826087,5300,662.7188631388897,56,12,0.5072463768115942,77.20289855072464,2.4057971014492754,0.0,110.0,1.2321428571428572,5.75,0.0,0
PRV52875,12,0,12,1540,128.33333333333334,600,180.99891176635856,12,1,1.5,77.91666666666667,2.3333333333333335,0.0,0.0,1.0,12.0,0.0,0
PRV52876,73,18,55,195980,2684.6575342465753,42000,6474.830774749547,66,26,2.8767123287671232,73.9041095890411,4.068493150684931,0.2465753424657534,18396.0,1.106060606060606,2.8076923076923075,0.2465753424657534,0
PRV52877,19,0,19,2450,128.94736842105263,1000,228.32468929725943,19,13,1.4210526315789473,78.3157894736842,2.263157894736842,0.0,0.0,1.0,1.4615384615384615,0.0,0
PRV52878,27,0,27,11700,433.3333333333333,3000,735.6838785992045,25,2,1.4814814814814814,74.85185185185185,3.3703703703703702,0.0,0.0,1.08,13.5,0.0,0
PRV52879,120,0,120,26880,224.0,3300,449.35509343947575,56,2,0.7333333333333333,73.25833333333334,2.5,0.0,370.0,2.142857142857143,60.0,0.0,0
PRV52880,20,3,17,19560,978.0,11000,2586.42529168613,19,8,0.6,76.5,2.85,0.05,3264.0,1.0526315789473684,2.5,0.15,0
PRV52881,302,20,282,211510,700.364238410596,31000,2434.039244336325,225,12,1.5,73.45033112582782,2.771523178807947,0.04966887417218543,21082.0,1.3422222222222222,25.166666666666668,0.06622516556291391,0
PRV52882,41,0,41,14960,364.8780487804878,3300,762.7913277929277,32,5,1.7804878048780488,74.02439024390245,2.902439024390244,0.0,130.0,1.28125,8.2,0.0,0
PRV52884,707,0,707,237930,336.53465346534654,3300,648.0397658349257,213,4,1.7383309759547383,73.58415841584159,2.555869872701556,0.0,1720.0,3.31924882629108,176.75,0.0,1
PRV52886,70,0,70,24030,343.2857142857143,3070,645.7076141578063,41,2,1.6428571428571428,75.02857142857142,2.342857142857143,0.0,370.0,1.7073170731707317,35.0,0.0,0
PRV52887,530,23,507,383590,723.7547169811321,39000,2993.173780136531,202,13,1.5943396226415094,72.94716981132075,2.7339622641509433,0.04150943396226415,26504.0,2.623762376237624,40.76923076923077,0.04339622641509434,1
PRV52889,640,31,609,407500,636.71875,29000,2091.787095788665,363,35,1.2171875,74.225,2.95,0.0375,33920.0,1.7630853994490359,18.285714285714285,0.0484375,0
PRV52890,22,4,18,34950,1588.6363636363637,12000,3155.47942995996,22,8,1.8181818181818181,68.0909090909091,4.045454545454546,0.18181818181818182,4372.0,1.0,2.75,0.18181818181818182,0
PRV52891,19,0,19,2580,135.78947368421052,700,192.24740395512595,19,17,1.0526315789473684,71.89473684210526,1.7894736842105263,0.0,90.0,1.0,1.1176470588235294,0.0,0
PRV52892,36,7,29,108690,3019.1666666666665,46000,9123.54266249058,29,24,2.8055555555555554,75.16666666666667,4.027777777777778,0.2222222222222222,7476.0,1.2413793103448276,1.5,0.19444444444444445,0
PRV52893,362,0,362,131850,364.22651933701655,3300,730.6287532937998,227,9,1.5138121546961325,69.94198895027624,2.6243093922651934,0.0,1390.0,1.5947136563876652,40.22222222222222,0.0,0
PRV52895,81,0,81,26180,323.2098765432099,3300,667.700956941979,72,4,2.3950617283950617,71.1604938271605,2.6296296296296298,0.0,190.0,1.125,20.25,0.0,0
PRV52896,142,17,125,300920,2119.154929577465,57000,7200.228275829422,97,17,2.028169014084507,70.74647887323944,3.1901408450704225,0.09154929577464789,18356.0,1.4639175257731958,8.352941176470589,0.11971830985915492,0
PRV52897,45,0,45,9140,203.11111111111111,1100,282.50359790325297,39,24,0.6666666666666666,73.6,2.6,0.0,300.0,1.1538461538461537,1.875,0.0,0
PRV52898,114,48,66,535930,4701.140350877193,57000,9226.451561819702,108,35,3.543859649122807,73.71052631578948,4.842105263157895,0.2982456140350877,51414.0,1.0555555555555556,3.257142857142857,0.42105263157894735,0
PRV52899,1,0,1,30,30.0,30,0.0,1,1,0.0,66.0,1.0,0.0,0.0,1.0,1.0,0.0,0
PRV52901,85,0,85,23030,270.94117647058823,2300,548.9245405886899,50,2,0.7647058823529411,75.09411764705882,2.2588235294117647,0.0,80.0,1.7,42.5,0.0,0
PRV52902,46,21,25,132250,2875.0,12000,3735.352281467796,44,14,1.6521739130434783,72.34782608695652,4.826086956521739,0.30434782608695654,21520.0,1.0454545454545454,3.2857142857142856,0.45652173913043476,0
PRV52903,200,167,33,1568110,7840.55,57000,8736.022875192084,191,26,5.085,76.665,7.075,0.665,174144.0,1.0471204188481675,7.6923076923076925,0.835,1
PRV52904,3,1,2,10230,3410.0,10000,5707.7403584956455,3,2,2.3333333333333335,68.33333333333333,3.6666666666666665,0.0,1068.0,1.0,1.5,0.3333333333333333,0
PRV52905,130,0,130,25440,195.69230769230768,3300,418.8188234990326,58,4,1.5076923076923077,77.46153846153847,2.5076923076923077,0.0,250.0,2.2413793103448274,32.5,0.0,0
PRV52907,183,0,183,53600,292.89617486338796,3300,586.5252729034945,79,2,1.8907103825136613,72.3224043715847,2.5846994535519126,0.0,560.0,2.3164556962025316,91.5,0.0,0
PRV52910,18,10,8,151600,8422.222222222223,57000,14879.409996033626,16,7,3.888888888888889,77.72222222222223,4.722222222222222,0.16666666666666666,10680.0,1.125,2.5714285714285716,0.5555555555555556,0
PRV52911,5,0,5,2060,412.0,1900,832.1478234063945,5,2,4.4,79.8,2.0,0.0,0.0,1.0,2.5,0.0,0
PRV52912,16,1,15,14640,915.0,13000,3225.6265541235034,14,8,0.375,75.0625,2.0625,0.0625,1178.0,1.1428571428571428,2.0,0.0625,0
PRV52913,35,0,35,11600,331.42857142857144,2400,596.3030361522317,32,20,0.4,70.22857142857143,2.1142857142857143,0.0,220.0,1.09375,1.75,0.0,0
PRV52914,61,0,61,17170,281.4754098360656,2400,460.60770027422745,44,15,0.8852459016393442,71.24590163934427,2.6065573770491803,0.0,330.0,1.3863636363636365,4.066666666666666,0.0,0
PRV52916,26,6,20,73130,2812.6923076923076,26000,5774.742631627703,25,14,1.9615384615384615,70.07692307692308,4.423076923076923,0.15384615384615385,6408.0,1.04,1.8571428571428572,0.23076923076923078,0
PRV52917,32,0,32,8870,277.1875,2100,506.4820754399266,21,11,0.71875,74.5,2.6875,0.0,70.0,1.5238095238095237,2.909090909090909,0.0,0
PRV52918,22,13,9,114010,5182.272727272727,16000,5236.229952222698,20,5,3.5454545454545454,73.27272727272727,5.545454545454546,0.36363636363636365,13884.0,1.1,4.4,0.5909090909090909,0
PRV52919,66,0,66,14070,213.1818181818182,3300,456.49554413836483,37,8,1.2878787878787878,63.18181818181818,2.1818181818181817,0.0,130.0,1.7837837837837838,8.25,0.0,0
PRV52920,17,2,15,14530,854.7058823529412,8000,2192.4761049070144,17,9,0.5294117647058824,71.6470588235294,3.235294117647059,0.058823529411764705,2296.0,1.0,1.8888888888888888,0.11764705882352941,0
PRV52921,46,3,43,27450,596.7391304347826,5000,1197.4492415089412,43,17,1.8478260869565217,73.43478260869566,2.9565217391304346,0.021739130434782608,3364.0,1.069767441860465,2.7058823529411766,0.06521739130434782,0
PRV52922,33,7,26,49510,1500.3030303030303,10000,2615.354283897888,24,14,2.0303030303030303,72.42424242424242,3.5454545454545454,0.12121212121212122,7476.0,1.375,2.357142857142857,0.21212121212121213,0
PRV52924,13,3,10,38730,2979.230769230769,18000,5648.705547200558,11,10,0.7692307692307693,74.46153846153847,4.153846153846154,0.07692307692307693,3204.0,1.1818181818181819,1.3,0.23076923076923078,0
PRV52925,4,4,0,29000,7250.0,9000,2217.355782608345,4,1,5.0,81.0,9.0,1.25,4272.0,1.0,4.0,1.0,0
PRV52926,17,4,13,53760,3162.3529411764707,35000,8611.081907498445,16,10,3.411764705882353,75.11764705882354,3.8823529411764706,0.11764705882352941,4322.0,1.0625,1.7,0.23529411764705882,0
PRV52928,41,0,41,9260,225.85365853658536,1300,315.42808696877404,23,2,1.170731707317073,74.41463414634147,3.048780487804878,0.0,290.0,1.7826086956521738,20.5,0.0,0
PRV52929,35,0,35,6770,193.42857142857142,2300,445.94871016837845,20,15,0.7714285714285715,78.8,2.1142857142857143,0.0,30.0,1.75,2.3333333333333335,0.0,0
PRV52930,127,0,127,39290,309.37007874015745,3300,610.4418748658027,61,1,1.3858267716535433,71.4251968503937,2.8976377952755907,0.0,300.0,2.081967213114754,127.0,0.0,0
PRV52931,14,0,14,3010,215.0,1700,438.5421653264721,14,7,0.7857142857142857,69.35714285714286,2.4285714285714284,0.0,150.0,1.0,2.0,0.0,0
PRV52932,40,0,40,13830,345.75,2800,647.3848278918925,34,11,2.275,72.525,2.6,0.0,90.0,1.1764705882352942,3.6363636363636362,0.0,0
PRV52933,8,4,4,69390,8673.75,32000,11512.880907301798,6,3,6.0,71.125,5.125,0.5,3204.0,1.3333333333333333,2.6666666666666665,0.5,1
PRV52934,32,0,32,8730,272.8125,2500,562.0023784532381,18,8,1.59375,70.8125,3.09375,0.0,230.0,1.7777777777777777,4.0,0.0,0
PRV52935,280,0,280,101800,363.57142857142856,3300,752.8150957282769,85,1,1.7857142857142858,74.275,2.5785714285714287,0.0,250.0,3.2941176470588234,280.0,0.0,0
PRV52936,108,4,104,44340,410.55555555555554,10000,1274.1849755922103,34,20,0.5,78.32407407407408,3.0833333333333335,0.027777777777777776,4582.0,3.176470588235294,5.4,0.037037037037037035,0
PRV52937,24,0,24,6030,251.25,3300,679.6566428527813,21,13,1.4583333333333333,73.95833333333333,2.2083333333333335,0.0,100.0,1.1428571428571428,1.8461538461538463,0.0,0
PRV52938,3,0,3,4270,1423.3333333333333,3300,1677.3888438085348,3,2,6.666666666666667,85.66666666666667,3.0,0.0,0.0,1.0,1.5,0.0,0
PRV52940,9,0,9,950,105.55555555555556,600,188.68698359393468,7,1,4.444444444444445,75.0,1.6666666666666667,0.0,40.0,1.2857142857142858,9.0,0.0,0
PRV52941,43,0,43,13950,324.4186046511628,2700,620.2660808670721,39,3,0.8372093023255814,71.81395348837209,2.9767441860465116,0.0,170.0,1.1025641025641026,14.333333333333334,0.0,0
PRV52942,43,0,43,10910,253.72093023255815,2800,562.3421397783939,39,2,2.116279069767442,77.46511627906976,2.4186046511627906,0.0,40.0,1.1025641025641026,21.5,0.0,0
PRV52943,35,0,35,6760,193.14285714285714,1200,304.17459603646984,33,1,3.5428571428571427,74.91428571428571,2.4857142857142858,0.0,80.0,1.0606060606060606,35.0,0.0,0
PRV52944,4,0,4,4120,1030.0,3000,1386.169782770735,4,1,0.0,63.25,2.5,0.0,0.0,1.0,4.0,0.0,0
PRV52945,46,0,46,6870,149.34782608695653,1100,220.59920594108164,24,1,1.3043478260869565,75.32608695652173,2.5652173913043477,0.0,160.0,1.9166666666666667,46.0,0.0,0
PRV52948,106,0,106,25320,238.8679245283019,2600,440.6646943721809,47,4,1.2547169811320755,70.22641509433963,2.4150943396226414,0.0,510.0,2.25531914893617,26.5,0.0,0
PRV52949,79,0,79,27080,342.7848101265823,3300,641.3765978573978,51,1,1.2658227848101267,70.72151898734177,2.5063291139240507,0.0,370.0,1.5490196078431373,79.0,0.0,0
PRV52950,116,0,116,33830,291.63793103448273,3300,647.6995330841464,64,2,1.043103448275862,74.13793103448276,2.646551724137931,0.0,470.0,1.8125,58.0,0.0,0
PRV52951,20,0,20,9980,499.0,3300,885.5619684697394,20,2,2.0,75.75,2.5,0.0,110.0,1.0,10.0,0.0,0
PRV52952,1,0,1,600,600.0,600,0.0,1,1,7.0,84.0,2.0,0.0,0.0,1.0,1.0,0.0,0
PRV52953,85,0,85,23580,277.4117647058824,3300,564.2655423122134,61,2,1.8588235294117648,73.7764705882353,2.7411764705882353,0.0,130.0,1.3934426229508197,42.5,0.0,0
PRV52954,1,0,1,2100,2100.0,2100,0.0,1,1,0.0,89.0,3.0,0.0,0.0,1.0,1.0,0.0,0
PRV52955,73,0,73,14160,193.97260273972603,1700,291.9747883238256,63,1,1.273972602739726,75.10958904109589,2.5342465753424657,0.0,450.0,1.1587301587301588,73.0,0.0,0
PRV52956,18,0,18,2110,117.22222222222223,400,124.32431760404889,9,1,0.7222222222222222,75.22222222222223,2.888888888888889,0.0,100.0,2.0,18.0,0.0,0
PRV52957,1,0,1,0,0.0,0,0.0,1,1,0.0,68.0,1.0,0.0,70.0,1.0,1.0,0.0,0
PRV52958,16,0,16,2020,126.25,300,95.97742790191174,15,4,0.0,76.375,1.8125,0.0,0.0,1.0666666666666667,4.0,0.0,0
PRV52961,5,0,5,320,64.0,100,40.98780306383839,5,2,0.0,64.0,1.6,0.0,0.0,1.0,2.5,0.0,0
PRV52962,14,0,14,3520,251.42857142857142,2200,575.8586517655065,9,2,0.5,78.35714285714286,2.9285714285714284,0.0,50.0,1.5555555555555556,7.0,0.0,0
PRV52963,9,0,9,850,94.44444444444444,400,147.8268506658306,7,1,2.2222222222222223,78.44444444444444,2.111111111111111,0.0,0.0,1.2857142857142858,9.0,0.0,0
PRV52964,91,0,91,27140,298.24175824175825,3300,600.8967251008065,37,1,1.120879120879121,69.85714285714286,2.758241758241758,0.0,170.0,2.4594594594594597,91.0,0.0,0
PRV52966,3,0,3,710,236.66666666666666,600,317.8574103797697,3,1,0.6666666666666666,74.0,1.3333333333333333,0.0,0.0,1.0,3.0,0.0,0
PRV52970,1,1,0,4000,4000.0,4000,0.0,1,1,3.0,76.0,9.0,0.0,1068.0,1.0,1.0,1.0,0
PRV52971,3,3,0,15000,5000.0,8000,2645.7513110645905,3,2,4.0,74.33333333333333,7.666666666666667,0.3333333333333333,3204.0,1.0,1.5,1.0,0
PRV52972,17,17,0,220000,12941.176470588236,57000,13566.828057044571,14,2,4.647058823529412,70.88235294117646,7.0588235294117645,0.8235294117647058,18156.0,1.2142857142857142,8.5,1.0,0
PRV52976,4,4,0,29000,7250.0,15000,5188.127472091127,4,1,2.75,76.0,6.25,0.5,4272.0,1.0,4.0,1.0,0
PRV52978,5,5,0,59000,11800.0,23000,7661.592523751182,5,1,8.0,73.4,8.6,0.8,5340.0,1.0,5.0,1.0,0
PRV52979,6,6,0,68000,11333.333333333334,21000,6742.897497861485,6,2,3.8333333333333335,75.0,7.833333333333333,0.6666666666666666,6408.0,1.0,3.0,1.0,0
PRV52980,601,0,601,142660,237.3710482529118,3300,477.8379192715171,229,1,1.1863560732113145,74.42595673876872,2.579034941763727,0.0,1330.0,2.6244541484716155,601.0,0.0,0
PRV52981,369,0,369,85830,232.60162601626016,3300,476.3125527761487,149,3,0.9376693766937669,74.19241192411924,2.3631436314363143,0.0,790.0,2.476510067114094,123.0,0.0,0
PRV52982,643,0,643,216220,336.2674961119751,7000,704.6181020718931,231,15,1.8709175738724728,74.85847589424573,2.505443234836703,0.0015552099533437014,2160.0,2.7835497835497836,42.86666666666667,0.0,1
PRV52985,1403,121,1282,1720120,1226.0299358517464,71000,4563.397074316063,500,99,1.9942979330007127,74.84818246614398,3.009265858873842,0.06771204561653599,128764.0,2.806,14.171717171717171,0.08624376336421953,1
PRV52986,36,9,27,132490,3680.277777777778,30000,7057.707635166824,31,18,2.7777777777777777,75.63888888888889,3.9722222222222223,0.2777777777777778,9772.0,1.1612903225806452,2.0,0.25,0
PRV52988,312,0,312,76070,243.81410256410257,3300,504.1842962244268,124,3,1.1378205128205128,74.0801282051282,2.5288461538461537,0.0,880.0,2.5161290322580645,104.0,0.0,0
PRV52989,177,70,107,882590,4986.38418079096,57000,10272.883570427855,138,90,2.937853107344633,75.47457627118644,4.779661016949152,0.288135593220339,75120.0,1.2826086956521738,1.9666666666666666,0.3954802259887006,1
PRV52990,79,22,57,208160,2634.9367088607596,29000,5117.0787122365955,55,31,2.1392405063291138,75.75949367088607,4.30379746835443,0.21518987341772153,23496.0,1.4363636363636363,2.5483870967741935,0.27848101265822783,1
PRV52991,59,8,51,103970,1762.2033898305085,32000,5317.062667130716,54,30,1.5423728813559323,75.64406779661017,3.3728813559322033,0.0847457627118644,8544.0,1.0925925925925926,1.9666666666666666,0.13559322033898305,0
PRV52993,10,0,10,3120,312.0,2100,661.7955374081433,9,8,0.1,74.3,3.8,0.0,20.0,1.1111111111111112,1.25,0.0,0
PRV52996,37,0,37,11510,311.0810810810811,3300,619.748084053261,30,18,0.8108108108108109,76.10810810810811,2.6216216216216215,0.0,0.0,1.2333333333333334,2.0555555555555554,0.0,0
PRV52998,33,15,18,151190,4581.515151515152,46000,8919.113647531116,28,22,3.1818181818181817,74.81818181818181,5.363636363636363,0.30303030303030304,15122.0,1.1785714285714286,1.5,0.45454545454545453,0
PRV52999,56,8,48,73210,1307.3214285714287,19000,3257.6469427941547,51,12,3.017857142857143,76.33928571428571,3.0,0.125,8644.0,1.0980392156862746,4.666666666666667,0.14285714285714285,0
PRV53000,703,0,703,200250,284.850640113798,3600,565.0292573888806,469,260,1.7041251778093884,74.80085348506401,2.5746799431009957,0.0,2030.0,1.4989339019189765,2.703846153846154,0.0,0
PRV53001,150,0,150,45460,303.06666666666666,3300,567.5047782865587,105,6,1.5933333333333333,72.78,2.68,0.0,0.0,1.4285714285714286,25.0,0.0,0
PRV53002,397,0,397,116040,292.29219143576825,6040,658.0887810178037,134,3,1.093198992443325,74.33753148614609,2.6146095717884132,0.0,1110.0,2.962686567164179,132.33333333333334,0.0,0
PRV53004,18,0,18,4310,239.44444444444446,2000,468.11853981685175,16,10,2.2222222222222223,70.05555555555556,2.2777777777777777,0.0,0.0,1.125,1.8,0.0,0
PRV53005,50,16,34,168860,3377.2,37000,7448.573905419064,37,27,2.64,76.84,4.5,0.24,16020.0,1.3513513513513513,1.8518518518518519,0.32,1
PRV53007,96,37,59,400540,4172.291666666667,57000,9135.329047070261,68,50,2.4166666666666665,74.95833333333333,4.989583333333333,0.34375,38818.0,1.411764705882353,1.92,0.3854166666666667,1
PRV53008,52,39,13,353600,6800.0,25000,6534.381768617381,48,17,4.576923076923077,73.48076923076923,6.384615384615385,0.4807692307692308,39566.0,1.0833333333333333,3.0588235294117645,0.75,1
PRV53009,37,5,32,35620,962.7027027027027,15000,2868.8186192700073,23,10,1.1081081081081081,72.94594594594595,3.1621621621621623,0.02702702702702703,5340.0,1.608695652173913,3.7,0.13513513513513514,0
PRV53013,4,0,4,5030,1257.5,2600,1437.0890717001505,4,3,5.0,74.25,3.25,0.0,0.0,1.0,1.3333333333333333,0.0,0
PRV53014,8,0,8,1180,147.5,700,232.1791180471294,8,6,2.25,72.125,1.25,0.0,0.0,1.0,1.3333333333333333,0.0,0
PRV53015,8,0,8,1120,140.0,500,171.6308330607961,6,6,1.875,58.0,3.375,0.0,0.0,1.3333333333333333,1.3333333333333333,0.0,0
PRV53016,31,0,31,16900,545.1612903225806,6100,1245.4179244139748,18,6,1.032258064516129,65.74193548387096,1.967741935483871,0.0,140.0,1.7222222222222223,5.166666666666667,0.0,0
PRV53017,9,0,9,1000,111.11111111111111,400,124.44320435890064,4,7,0.0,80.11111111111111,2.3333333333333335,0.0,10.0,2.25,1.2857142857142858,0.0,0
PRV53018,41,0,41,11260,274.6341463414634,2700,524.6241395560044,22,7,1.170731707317073,75.48780487804878,2.317073170731707,0.024390243902439025,190.0,1.8636363636363635,5.857142857142857,0.0,0
PRV53019,15,0,15,4920,328.0,2600,651.7580620357307,13,3,0.4666666666666667,67.4,1.8,0.0,0.0,1.1538461538461537,5.0,0.0,0
PRV53020,2,0,2,4500,2250.0,2500,353.5533905932738,2,1,10.0,93.0,2.0,0.0,0.0,1.0,2.0,0.0,0
PRV53021,28,18,10,216950,7748.214285714285,30000,9279.630441863841,21,4,3.857142857142857,72.17857142857143,6.071428571428571,0.42857142857142855,19224.0,1.3333333333333333,7.0,0.6428571428571429,1
PRV53024,26,2,24,13800,530.7692307692307,6000,1363.914727765407,19,12,1.8076923076923077,80.07692307692308,3.1923076923076925,0.038461538461538464,2136.0,1.368421052631579,2.1666666666666665,0.07692307692307693,0
PRV53025,50,0,50,9460,189.2,1700,284.5034342176429,19,5,0.1,79.92,2.36,0.0,330.0,2.6315789473684212,10.0,0.0,0
PRV53026,26,0,26,6140,236.15384615384616,3300,648.4385980064847,16,10,1.5384615384615385,74.07692307692308,3.3461538461538463,0.0,0.0,1.625,2.6,0.0,0
PRV53027,5,0,5,500,100.0,200,93.8083151964686,3,5,0.0,74.8,3.2,0.0,0.0,1.6666666666666667,1.0,0.0,0
PRV53028,3,0,3,300,100.0,200,88.88194417315589,3,2,0.0,80.0,4.333333333333333,0.0,0.0,1.0,1.5,0.0,0
PRV53029,16,4,12,40050,2503.125,21000,5519.428374690022,11,6,1.8125,70.875,4.4375,0.3125,4272.0,1.4545454545454546,2.6666666666666665,0.25,0
PRV53031,6,0,6,1390,231.66666666666666,700,293.9671183426246,6,6,0.0,79.16666666666667,1.6666666666666667,0.0,0.0,1.0,1.0,0.0,0
PRV53032,23,5,18,48310,2100.4347826086955,17000,4457.384555442666,19,11,1.434782608695652,75.1304347826087,4.565217391304348,0.13043478260869565,4272.0,1.2105263157894737,2.090909090909091,0.21739130434782608,0
PRV53033,2,2,0,75000,37500.0,73000,50204.581464244875,1,1,3.5,76.0,8.0,0.0,2136.0,2.0,2.0,1.0,0
PRV53034,2,0,2,3400,1700.0,3300,2262.741699796952,2,2,10.0,73.0,2.5,0.0,0.0,1.0,1.0,0.0,0
PRV53035,34,0,34,5140,151.1764705882353,1600,285.1981204609148,27,14,1.6470588235294117,69.47058823529412,2.235294117647059,0.0,80.0,1.2592592592592593,2.4285714285714284,0.0,0
PRV53036,122,0,122,39530,324.0163934426229,3300,624.6660725606706,69,6,1.5655737704918034,74.26229508196721,2.9098360655737703,0.0,180.0,1.7681159420289856,20.333333333333332,0.0,0
PRV53037,9,0,9,4340,482.22222222222223,3300,1062.4709146345817,9,6,0.0,75.77777777777777,2.111111111111111,0.0,0.0,1.0,1.5,0.0,0
PRV53038,24,0,24,13310,554.5833333333334,2700,899.9226013418026,7,3,2.5,80.58333333333333,2.7083333333333335,0.0,160.0,3.4285714285714284,8.0,0.0,0
PRV53040,14,5,9,51800,3700.0,12000,5169.9531317619685,13,9,1.1428571428571428,78.85714285714286,5.571428571428571,0.2857142857142857,5410.0,1.0769230769230769,1.5555555555555556,0.35714285714285715,0
PRV53042,39,0,39,10090,258.71794871794873,3300,579.0790305448248,36,19,0.5384615384615384,73.64102564102564,3.0256410256410255,0.0,140.0,1.0833333333333333,2.0526315789473686,0.0,0
PRV53043,61,0,61,37740,618.688524590164,3300,964.4177438742267,24,3,3.2295081967213113,70.14754098360656,2.5737704918032787,0.0,190.0,2.5416666666666665,20.333333333333332,0.0,0
PRV53044,67,0,67,14460,215.82089552238807,2000,421.9584542730708,49,12,1.5671641791044777,70.05970149253731,2.7313432835820897,0.0,170.0,1.3673469387755102,5.583333333333333,0.0,0
PRV53045,216,0,216,62730,290.4166666666667,3300,535.2898041422093,78,3,2.0185185185185186,75.92592592592592,2.787037037037037,0.0,770.0,2.769230769230769,72.0,0.0,0
PRV53047,79,0,79,13060,165.31645569620252,1400,246.84592642457173,32,1,1.5063291139240507,78.58227848101266,2.721518987341772,0.0,80.0,2.46875,79.0,0.0,0
PRV53048,7,0,7,5620,802.8571428571429,2800,1297.596679580039,6,6,4.571428571428571,71.28571428571429,2.5714285714285716,0.0,70.0,1.1666666666666667,1.1666666666666667,0.0,0
PRV53049,2,0,2,10,5.0,10,7.0710678118654755,2,2,0.0,68.5,2.5,0.0,0.0,1.0,1.0,0.0,0
PRV53050,8,2,6,3730,466.25,3000,1028.6876174455072,7,6,0.375,78.125,3.75,0.125,2136.0,1.1428571428571428,1.3333333333333333,0.25,0
PRV53052,9,1,8,5530,614.4444444444445,4000,1281.9917229755338,8,4,2.5555555555555554,65.11111111111111,3.6666666666666665,0.1111111111111111,1068.0,1.125,2.25,0.1111111111111111,0
PRV53054,49,0,49,10690,218.16326530612244,3300,504.99452748432407,27,6,1.6326530612244898,70.85714285714286,2.5714285714285716,0.0,90.0,1.8148148148148149,8.166666666666666,0.0,0
PRV53055,80,0,80,22570,282.125,3300,564.5468525589148,28,2,0.9375,80.7125,2.6,0.0,200.0,2.857142857142857,40.0,0.0,0
PRV53056,35,0,35,10110,288.85714285714283,2400,543.6573933503875,22,12,2.657142857142857,74.4,2.4857142857142858,0.0,130.0,1.5909090909090908,2.9166666666666665,0.0,0
PRV53057,53,0,53,20640,389.4339622641509,3300,720.3348983267853,29,3,2.6792452830188678,75.18867924528301,2.830188679245283,0.0,260.0,1.8275862068965518,17.666666666666668,0.0,0
PRV53059,33,0,33,16320,494.54545454545456,2600,717.4394177781272,21,2,1.6363636363636365,77.87878787878788,3.0606060606060606,0.0,30.0,1.5714285714285714,16.5,0.0,0
PRV53061,1,1,0,9000,9000.0,9000,0.0,1,1,1.0,98.0,9.0,2.0,1068.0,1.0,1.0,1.0,0
PRV53062,4,0,4,190,47.5,100,41.129875597510214,4,3,0.0,71.75,2.25,0.0,0.0,1.0,1.3333333333333333,0.0,0
PRV53063,4,2,2,7450,1862.5,4000,1939.6627713771968,4,3,1.0,75.5,5.5,0.25,2206.0,1.0,1.3333333333333333,0.5,0
PRV53064,35,0,35,6640,189.71428571428572,1700,319.18541277930046,28,8,0.17142857142857143,74.54285714285714,2.7714285714285714,0.0,130.0,1.25,4.375,0.0,0
PRV53065,38,0,38,6230,163.94736842105263,1100,261.59117550291285,30,7,0.7631578947368421,71.97368421052632,3.026315789473684,0.0,100.0,1.2666666666666666,5.428571428571429,0.0,0
PRV53066,7,0,7,1220,174.28571428571428,500,223.59614955369446,5,4,0.0,77.14285714285714,3.5714285714285716,0.0,0.0,1.4,1.75,0.0,0
PRV53067,16,0,16,4540,283.75,3300,810.3980503431632,14,8,0.8125,78.75,1.6875,0.0,70.0,1.1428571428571428,2.0,0.0,0
PRV53069,11,0,11,2630,239.0909090909091,700,250.57751477155907,9,9,0.0,68.63636363636364,2.6363636363636362,0.0,10.0,1.2222222222222223,1.2222222222222223,0.0,0
PRV53070,20,12,8,111530,5576.5,39000,9747.058004179626,17,6,3.95,78.4,5.3,0.25,12816.0,1.1764705882352942,3.3333333333333335,0.6,0
PRV53071,28,0,28,12310,439.64285714285717,3300,827.6270503019668,20,4,0.21428571428571427,73.92857142857143,2.642857142857143,0.0,80.0,1.4,7.0,0.0,0
PRV53072,18,0,18,4990,277.22222222222223,2600,609.4337348097683,18,9,0.05555555555555555,76.11111111111111,2.2777777777777777,0.0,0.0,1.0,2.0,0.0,0
PRV53073,14,0,14,1270,90.71428571428571,600,155.38855941028734,7,9,0.0,72.07142857142857,2.642857142857143,0.0,0.0,2.0,1.5555555555555556,0.0,0
PRV53074,178,0,178,48950,275.0,2400,509.4821232372193,66,1,1.3314606741573034,77.92134831460675,2.668539325842697,0.0,420.0,2.696969696969697,178.0,0.0,0
PRV53075,2,0,2,1780,890.0,1700,1145.512985522207,2,2,0.0,73.0,1.5,0.0,0.0,1.0,1.0,0.0,0
PRV53076,105,0,105,30840,293.7142857142857,3300,593.0272032008851,47,1,1.1238095238095238,77.31428571428572,2.5904761904761906,0.0,560.0,2.234042553191489,105.0,0.0,0
PRV53077,124,0,124,38270,308.6290322580645,3300,625.2886613753558,81,2,2.1774193548387095,75.41129032258064,2.1451612903225805,0.0,60.0,1.5308641975308641,62.0,0.0,0
PRV53078,45,0,45,10880,241.77777777777777,2800,444.3600551195601,37,3,0.8888888888888888,71.33333333333333,2.6444444444444444,0.0,200.0,1.2162162162162162,15.0,0.0,0
PRV53079,1,0,1,50,50.0,50,0.0,1,1,0.0,67.0,2.0,0.0,0.0,1.0,1.0,0.0,0
PRV53081,9,0,9,1800,200.0,900,285.3506614676055,8,1,0.0,72.77777777777777,2.0,0.0,0.0,1.125,9.0,0.0,0
PRV53083,1,0,1,10,10.0,10,0.0,1,1,0.0,85.0,1.0,0.0,0.0,1.0,1.0,0.0,0
PRV53084,1,0,1,100,100.0,100,0.0,1,1,4.0,72.0,2.0,0.0,100.0,1.0,1.0,0.0,0
PRV53085,2,0,2,640,320.0,600,395.9797974644666,2,1,3.5,76.5,2.5,0.0,0.0,1.0,2.0,0.0,0
PRV53086,4,0,4,1060,265.0,900,424.6174749112429,4,1,5.0,83.25,2.25,0.0,0.0,1.0,4.0,0.0,0
PRV53087,31,0,31,9580,309.03225806451616,3300,716.1487500918118,16,2,1.6451612903225807,69.41935483870968,2.7096774193548385,0.0,0.0,1.9375,15.5,0.0,0
PRV53090,179,0,179,58850,328.7709497206704,3300,660.4166611635046,71,1,1.4357541899441342,77.68715083798882,2.536312849162011,0.0,580.0,2.5211267605633805,179.0,0.0,0
PRV53091,4,4,0,19000,4750.0,7000,2061.5528128088304,4,2,6.75,79.5,8.5,0.0,4272.0,1.0,2.0,1.0,0
PRV53095,4,2,2,36100,9025.0,29000,13713.831217667317,4,3,3.75,66.75,7.25,0.25,2136.0,1.0,1.3333333333333333,0.5,0
PRV53096,130,0,130,53000,407.6923076923077,3300,774.8923790857514,103,72,1.3307692307692307,72.5923076923077,2.4384615384615387,0.0,440.0,1.2621359223300972,1.8055555555555556,0.0,0
PRV53099,2,0,2,220,110.0,200,127.27922061357856,2,1,0.0,90.0,2.5,0.0,0.0,1.0,2.0,0.0,0
PRV53100,130,5,125,86880,668.3076923076923,34000,3097.594750435387,74,15,1.9230769230769231,72.70769230769231,2.746153846153846,0.023076923076923078,5720.0,1.7567567567567568,8.666666666666666,0.038461538461538464,0
PRV53101,8,2,6,9410,1176.25,6000,2202.699236975268,8,6,0.75,68.25,3.25,0.125,2136.0,1.0,1.3333333333333333,0.25,0
PRV53102,19,0,19,5910,311.05263157894734,2500,605.2996937866776,16,4,1.6842105263157894,73.3157894736842,3.0,0.0,40.0,1.1875,4.75,0.0,0
PRV53103,79,7,72,88440,1119.493670886076,33000,4256.505397844868,62,42,2.1012658227848102,72.46835443037975,2.911392405063291,0.05063291139240506,7676.0,1.2741935483870968,1.880952380952381,0.08860759493670886,0
PRV53104,80,28,52,252770,3159.625,57000,7317.805827983956,55,37,3.4125,75.5125,4.6375,0.25,27928.0,1.4545454545454546,2.1621621621621623,0.35,0
PRV53106,44,4,40,27140,616.8181818181819,8000,1470.9604088189785,28,23,0.6590909090909091,78.20454545454545,2.909090909090909,0.045454545454545456,4422.0,1.5714285714285714,1.9130434782608696,0.09090909090909091,1
PRV53107,15,9,6,103390,6892.666666666667,31000,8727.606828471418,15,9,3.933333333333333,76.73333333333333,5.933333333333334,0.7333333333333333,9742.0,1.0,1.6666666666666667,0.6,0
PRV53108,48,5,43,69450,1446.875,32000,4826.793198365477,37,15,2.625,74.29166666666667,3.6666666666666665,0.14583333333333334,5500.0,1.2972972972972974,3.2,0.10416666666666667,0
PRV53109,28,3,25,22290,796.0714285714286,10000,2109.213192402629,22,14,1.75,75.42857142857143,2.9285714285714284,0.07142857142857142,3284.0,1.2727272727272727,2.0,0.10714285714285714,0
PRV53110,30,1,29,23280,776.0,15000,2782.067700408308,21,14,2.033333333333333,73.3,2.6,0.03333333333333333,1108.0,1.4285714285714286,2.142857142857143,0.03333333333333333,0
PRV53111,33,7,26,68750,2083.3333333333335,13000,3614.481866971622,29,25,3.8484848484848486,75.3030303030303,4.0,0.24242424242424243,7496.0,1.1379310344827587,1.32,0.21212121212121213,0
PRV53113,81,0,81,19320,238.5185185185185,3000,547.9281684470856,61,23,1.6790123456790123,73.62962962962963,2.345679012345679,0.0,370.0,1.3278688524590163,3.5217391304347827,0.0,0
PRV53114,29,14,15,364680,12575.172413793103,102000,24303.470448931137,22,13,4.172413793103448,74.10344827586206,5.0344827586206895,0.5172413793103449,13843.0,1.3181818181818181,2.230769230769231,0.4827586206896552,1
PRV53116,44,0,44,8230,187.04545454545453,1000,251.41071322249653,25,11,0.9318181818181818,75.36363636363636,3.3181818181818183,0.0,50.0,1.76,4.0,0.0,0
PRV53117,251,18,233,215370,858.0478087649402,16500,2308.959197063729,167,16,1.8844621513944224,74.93625498007968,3.1075697211155378,0.03187250996015936,18636.0,1.5029940119760479,15.6875,0.07171314741035857,0
PRV53119,18,3,15,26410,1467.2222222222222,18000,4283.4933593361775,14,9,2.2222222222222223,69.77777777777777,2.3333333333333335,0.1111111111111111,3204.0,1.2857142857142858,2.0,0.16666666666666666,1
PRV53120,65,10,55,115950,1783.8461538461538,44000,6033.960839569771,59,45,1.5384615384615385,76.67692307692307,3.1538461538461537,0.12307692307692308,10680.0,1.1016949152542372,1.4444444444444444,0.15384615384615385,0
PRV53121,579,48,531,562270,971.1053540587219,56000,3424.7303059966816,279,39,1.7841105354058722,74.06044905008636,2.9844559585492227,0.05699481865284974,50728.0,2.075268817204301,14.846153846153847,0.08290155440414508,1
PRV53122,24,0,24,8070,336.25,3300,719.1952779503539,18,4,0.8333333333333334,69.33333333333333,2.5,0.0,200.0,1.3333333333333333,6.0,0.0,0
PRV53123,132,0,132,45750,346.59090909090907,3300,669.9616367568257,82,54,1.7803030303030303,72.37878787878788,2.75,0.0,460.0,1.6097560975609757,2.4444444444444446,0.0,0
PRV53124,65,20,45,178380,2744.3076923076924,30000,5602.759635112517,53,26,3.8461538461538463,72.0923076923077,4.184615384615385,0.26153846153846155,20292.0,1.2264150943396226,2.5,0.3076923076923077,0
PRV53125,2,0,2,500,250.0,500,353.5533905932738,2,2,0.0,59.5,2.0,0.0,0.0,1.0,1.0,0.0,0
PRV53126,34,0,34,11820,347.6470588235294,2700,631.9045709672222,25,12,3.911764705882353,77.70588235294117,2.4705882352941178,0.0,80.0,1.36,2.8333333333333335,0.0,0
PRV53127,99,1,98,29730,300.3030303030303,10000,1060.6153917780175,55,17,0.6464646464646465,74.28282828282828,2.6161616161616164,0.010101010101010102,1348.0,1.8,5.823529411764706,0.010101010101010102,0
PRV53128,33,1,32,24220,733.939393939394,6000,1307.6408609446712,19,8,1.303030303030303,67.57575757575758,3.0,0.030303030303030304,260.0,1.736842105263158,4.125,0.030303030303030304,0
PRV53129,46,3,43,82550,1794.5652173913043,57000,8613.615244747183,39,21,1.391304347826087,75.5,2.9347826086956523,0.08695652173913043,3204.0,1.1794871794871795,2.1904761904761907,0.06521739130434782,0
PRV53131,13,6,7,48330,3717.6923076923076,15000,4999.585239207605,13,7,2.6923076923076925,70.53846153846153,5.076923076923077,0.3076923076923077,6408.0,1.0,1.8571428571428572,0.46153846153846156,0
PRV53133,159,0,159,46660,293.45911949685535,3300,580.2509141037239,106,61,1.6918238993710693,73.44654088050315,2.7044025157232703,0.0,490.0,1.5,2.6065573770491803,0.0,0
PRV53134,10,0,10,4030,403.0,1600,493.5596327811981,8,3,1.4,69.5,2.6,0.0,0.0,1.25,3.3333333333333335,0.0,0
PRV53135,7,7,0,68000,9714.285714285714,18000,5089.672082242814,6,1,5.714285714285714,78.57142857142857,9.0,0.8571428571428571,7476.0,1.1666666666666667,7.0,1.0,0
PRV53136,43,7,36,161020,3744.6511627906975,57000,10947.18170925354,40,24,2.627906976744186,73.18604651162791,3.116279069767442,0.11627906976744186,7576.0,1.075,1.7916666666666667,0.16279069767441862,1
PRV53137,30,0,30,8900,296.6666666666667,2400,539.3120351562421,23,18,1.9333333333333333,76.6,2.566666666666667,0.0,210.0,1.3043478260869565,1.6666666666666667,0.0,0
PRV53138,10,0,10,1570,157.0,500,148.40260554765652,10,7,0.0,72.7,2.5,0.0,0.0,1.0,1.4285714285714286,0.0,0
PRV53139,9,0,9,780,86.66666666666667,200,73.3143914930759,7,3,3.5555555555555554,80.0,2.0,0.0,0.0,1.2857142857142858,3.0,0.0,0
PRV53140,21,0,21,2180,103.80952380952381,500,115.95154981612755,19,13,1.8095238095238095,68.33333333333333,2.1904761904761907,0.0,0.0,1.105263157894737,1.6153846153846154,0.0,0
PRV53141,105,32,73,332720,3168.7619047619046,57000,7085.091972590986,93,22,2.961904761904762,74.2,4.238095238095238,0.24761904761904763,32380.0,1.1290322580645162,4.7727272727272725,0.3047619047619048,0
PRV53142,111,39,72,394050,3550.0,33000,6398.394827113777,98,78,3.2972972972972974,72.8018018018018,4.873873873873874,0.23423423423423423,40684.0,1.1326530612244898,1.4230769230769231,0.35135135135135137,1
PRV53143,12,4,8,65670,5472.5,24000,8265.254904500141,7,4,3.1666666666666665,83.5,5.0,0.4166666666666667,3204.0,1.7142857142857142,3.0,0.3333333333333333,0
PRV53144,39,4,35,36460,934.8717948717949,15000,2953.4394506056947,34,30,2.8205128205128207,75.87179487179488,3.7948717948717947,0.1282051282051282,3234.0,1.1470588235294117,1.3,0.10256410256410256,0
PRV53145,132,0,132,34760,263.3333333333333,3300,557.4638134514994,111,1,1.6666666666666667,73.13636363636364,2.3863636363636362,0.0,300.0,1.1891891891891893,132.0,0.0,0
PRV53147,18,0,18,6760,375.55555555555554,3300,821.6641808815757,16,12,2.2222222222222223,65.27777777777777,3.0,0.0,140.0,1.125,1.5,0.0,0
PRV53148,15,0,15,2580,172.0,600,199.8999749874922,13,11,0.13333333333333333,75.73333333333333,1.5333333333333334,0.0,0.0,1.1538461538461537,1.3636363636363635,0.0,0
PRV53149,61,0,61,14860,243.60655737704917,4050,592.0276817483149,21,2,2.3278688524590163,75.67213114754098,2.8688524590163933,0.0,40.0,2.9047619047619047,30.5,0.0,0
PRV53150,13,0,13,3130,240.76923076923077,1000,308.58444383079166,5,6,0.38461538461538464,72.92307692307692,3.0,0.0,0.0,2.6,2.1666666666666665,0.0,0
PRV53151,25,0,25,6360,254.4,2100,478.2004461171765,19,11,2.2,78.72,2.56,0.0,120.0,1.3157894736842106,2.272727272727273,0.0,0
PRV53153,24,6,18,121630,5067.916666666667,40000,11300.538263119677,21,7,3.25,79.625,4.0,0.3333333333333333,5400.0,1.1428571428571428,3.4285714285714284,0.25,0
PRV53154,52,0,52,23670,455.1923076923077,3300,841.1045268203634,15,4,2.3461538461538463,77.67307692307692,2.8653846153846154,0.0,140.0,3.466666666666667,13.0,0.0,0
PRV53156,16,0,16,6570,410.625,3300,909.3988398936959,10,6,0.4375,70.6875,2.8125,0.0,40.0,1.6,2.6666666666666665,0.0,0
PRV53157,2,0,2,2190,1095.0,2100,1421.2846301849606,2,2,0.0,83.0,2.5,0.0,0.0,1.0,1.0,0.0,0
PRV53158,7,0,7,710,101.42857142857143,300,107.92413561210044,7,4,0.14285714285714285,76.28571428571429,2.5714285714285716,0.0,50.0,1.0,1.75,0.0,0
PRV53159,27,2,25,36160,1339.2592592592594,22000,4546.606448707674,10,13,0.18518518518518517,88.55555555555556,3.3333333333333335,0.037037037037037035,2136.0,2.7,2.076923076923077,0.07407407407407407,0
PRV53161,7,0,7,6810,972.8571428571429,3000,1240.2246340309255,7,6,5.714285714285714,69.57142857142857,2.857142857142857,0.0,0.0,1.0,1.1666666666666667,0.0,0
PRV53162,5,0,5,1350,270.0,800,334.21549934136806,5,3,0.2,74.2,1.2,0.0,0.0,1.0,1.6666666666666667,0.0,0
PRV53163,12,0,12,800,66.66666666666667,200,51.5810630038395,3,2,0.0,66.58333333333333,1.6666666666666667,0.0,0.0,4.0,6.0,0.0,0
PRV53164,25,0,25,4180,167.2,1500,317.16872481378107,21,13,0.76,75.08,2.28,0.0,40.0,1.1904761904761905,1.9230769230769231,0.0,0
PRV53166,23,1,22,8960,389.5652173913044,5000,1037.0915549172275,21,14,1.0,76.26086956521739,2.782608695652174,0.0,1068.0,1.0952380952380953,1.6428571428571428,0.043478260869565216,0
PRV53167,3,0,3,1770,590.0,1700,961.6132278624291,3,2,0.3333333333333333,71.33333333333333,2.6666666666666665,0.0,0.0,1.0,1.5,0.0,0
PRV53168,2,0,2,2070,1035.0,2000,1364.7160876900368,2,2,0.0,54.0,1.5,0.0,0.0,1.0,1.0,0.0,0
PRV53169,4,0,4,170,42.5,60,23.62907813126304,4,2,0.0,83.5,2.75,0.0,0.0,1.0,2.0,0.0,0
PRV53171,17,0,17,8330,490.0,2600,796.0213564974246,5,5,1.4705882352941178,66.29411764705883,3.4705882352941178,0.0,0.0,3.4,3.4,0.0,0
PRV53172,3,0,3,2450,816.6666666666666,2300,1284.6140795325784,3,2,0.0,83.66666666666667,3.3333333333333335,0.0,0.0,1.0,1.5,0.0,0
PRV53173,43,0,43,16610,386.27906976744185,3300,748.9294685330584,23,16,2.488372093023256,77.65116279069767,3.0,0.0,40.0,1.8695652173913044,2.6875,0.0,0
PRV53174,5,0,5,260,52.0,80,25.88435821108957,4,1,0.4,77.2,3.6,0.0,0.0,1.25,5.0,0.0,0
PRV53175,9,0,9,710,78.88888888888889,300,89.22505876216115,9,6,0.8888888888888888,77.11111111111111,2.5555555555555554,0.0,0.0,1.0,1.5,0.0,0
PRV53176,34,0,34,6000,176.47058823529412,1800,368.5424390918429,13,9,0.6176470588235294,71.1470588235294,2.5,0.0,130.0,2.6153846153846154,3.7777777777777777,0.0,0
PRV53177,16,0,16,1520,95.0,500,123.0176139149729,11,7,1.1875,81.6875,2.625,0.0,10.0,1.4545454545454546,2.2857142857142856,0.0,0
PRV53178,7,0,7,730,104.28571428571429,300,105.17559014288801,5,4,0.0,60.0,2.857142857142857,0.0,0.0,1.4,1.75,0.0,0
PRV53179,28,2,26,20190,721.0714285714286,8000,1896.10387917828,27,3,1.3571428571428572,70.32142857142857,3.2142857142857144,0.03571428571428571,2246.0,1.037037037037037,9.333333333333334,0.07142857142857142,0
PRV53180,5,0,5,3010,602.0,1600,678.9845359063784,4,4,1.8,80.6,3.0,0.0,0.0,1.25,1.25,0.0,0
PRV53182,3,0,3,100,33.333333333333336,60,30.550504633038933,3,3,0.0,76.0,1.0,0.0,0.0,1.0,1.0,0.0,0
PRV53183,1,0,1,80,80.0,80,0.0,1,1,0.0,87.0,2.0,0.0,0.0,1.0,1.0,0.0,0
PRV53186,8,0,8,4710,588.75,3300,1143.4838683352104,7,7,0.25,73.0,3.875,0.0,0.0,1.1428571428571428,1.1428571428571428,0.0,0
PRV53187,4,0,4,180,45.0,100,44.347115652166906,4,2,0.0,75.0,3.0,0.0,0.0,1.0,2.0,0.0,0
PRV53188,10,0,10,1220,122.0,400,106.9579356569675,8,7,0.0,71.5,1.8,0.0,0.0,1.25,1.4285714285714286,0.0,0
PRV53189,28,4,24,53030,1893.9285714285713,17000,4031.216468627208,23,13,1.9285714285714286,75.14285714285714,3.857142857142857,0.07142857142857142,4272.0,1.2173913043478262,2.1538461538461537,0.14285714285714285,0
PRV53191,15,0,15,3310,220.66666666666666,1500,376.15473006780195,3,4,0.0,77.66666666666667,2.466666666666667,0.0,0.0,5.0,3.75,0.0,0
PRV53192,149,0,149,40610,272.5503355704698,3300,565.4084320951943,51,9,1.6979865771812082,76.91275167785236,2.778523489932886,0.0,300.0,2.9215686274509802,16.555555555555557,0.0,0
PRV53194,32,0,32,22330,697.8125,14070,2609.9829864418907,12,1,0.6875,70.71875,2.90625,0.0,40.0,2.6666666666666665,32.0,0.0,0
PRV53196,16,0,16,4480,280.0,2000,530.0817547007883,9,7,2.125,71.3125,3.5625,0.0,0.0,1.7777777777777777,2.2857142857142856,0.0,0
PRV53197,4,0,4,500,125.0,300,116.7618659209133,4,2,0.0,66.75,1.75,0.0,0.0,1.0,2.0,0.0,0
PRV53198,6,0,6,250,41.666666666666664,60,18.348478592697177,5,5,1.1666666666666667,70.33333333333333,2.0,0.0,0.0,1.2,1.2,0.0,0
PRV53201,13,0,13,14220,1093.8461538461538,2800,1027.2498759758055,8,5,8.384615384615385,75.46153846153847,2.3846153846153846,0.0,0.0,1.625,2.6,0.0,0
PRV53202,11,0,11,670,60.90909090909091,400,117.76710452877283,8,7,2.0,77.45454545454545,2.727272727272727,0.0,0.0,1.375,1.5714285714285714,0.0,0
PRV53203,7,0,7,420,60.0,100,39.15780041490243,5,6,0.0,86.28571428571429,2.0,0.0,0.0,1.4,1.1666666666666667,0.0,0
PRV53204,7,0,7,3020,431.42857142857144,2200,797.1287761173134,6,4,0.5714285714285714,70.57142857142857,3.142857142857143,0.0,0.0,1.1666666666666667,1.75,0.0,0
PRV53205,14,0,14,1280,91.42857142857143,600,154.8625764425272,10,4,1.5,62.714285714285715,3.0714285714285716,0.0,100.0,1.4,3.5,0.0,0
PRV53206,3,0,3,570,190.0,500,270.7397274136177,2,3,1.0,75.0,5.333333333333333,0.0,0.0,1.5,1.0,0.0,0
PRV53207,10,0,10,500,50.0,100,28.284271247461902,7,5,0.7,68.0,2.5,0.0,0.0,1.4285714285714286,2.0,0.0,0
PRV53208,23,4,19,58500,2543.478260869565,20000,5933.3446099876555,17,8,4.565217391304348,72.6086956521739,3.0869565217391304,0.08695652173913043,4272.0,1.3529411764705883,2.875,0.17391304347826086,1
PRV53210,32,3,29,27050,845.3125,13000,2419.368065152018,30,15,1.40625,76.28125,2.78125,0.15625,3204.0,1.0666666666666667,2.1333333333333333,0.09375,0
PRV53211,4,0,4,3460,865.0,2500,1112.160060422959,3,1,5.0,76.75,3.25,0.0,0.0,1.3333333333333333,4.0,0.0,0
PRV53212,2,0,2,100,50.0,90,56.568542494923804,2,2,8.0,53.5,4.5,0.0,40.0,1.0,1.0,0.0,0
PRV53213,22,0,22,6910,314.09090909090907,1900,483.2692150335403,19,6,0.7272727272727273,73.5,3.590909090909091,0.0,0.0,1.1578947368421053,3.6666666666666665,0.0,0
PRV53214,18,0,18,4280,237.77777777777777,2000,459.9559512868412,14,9,1.1111111111111112,82.27777777777777,3.3333333333333335,0.0,210.0,1.2857142857142858,2.0,0.0,0
PRV53215,11,0,11,1560,141.8181818181818,300,81.58654077949154,11,5,1.1818181818181819,76.36363636363636,2.3636363636363638,0.0,0.0,1.0,2.2,0.0,0
PRV53216,115,0,115,20930,182.0,3300,395.8450875447785,46,5,1.1130434782608696,73.54782608695652,2.652173913043478,0.0,290.0,2.5,23.0,0.0,0
PRV53217,5,0,5,1570,314.0,500,221.3142562059661,5,5,4.0,74.2,3.0,0.0,100.0,1.0,1.0,0.0,0
PRV53218,13,0,13,2780,213.84615384615384,1500,399.1770380323845,9,7,0.15384615384615385,75.76923076923077,1.9230769230769231,0.0,100.0,1.4444444444444444,1.8571428571428572,0.0,0
PRV53220,5,5,0,110000,22000.0,42000,13874.436925511607,5,1,7.0,74.0,8.2,1.4,5340.0,1.0,5.0,1.0,0
PRV53221,16,0,16,6510,406.875,2800,736.0952723662883,9,1,0.9375,73.25,2.625,0.0,70.0,1.7777777777777777,16.0,0.0,0
PRV53222,45,0,45,10770,239.33333333333334,3300,565.8878783903142,24,3,0.8444444444444444,75.5111111111111,2.422222222222222,0.0,350.0,1.875,15.0,0.0,0
PRV53223,23,0,23,11790,512.6086956521739,3500,876.3312853819211,18,1,0.8695652173913043,69.04347826086956,2.739130434782609,0.0,90.0,1.2777777777777777,23.0,0.0,0
PRV53224,12,0,12,1680,140.0,1000,271.86226459200054,12,1,1.6666666666666667,70.83333333333333,2.0,0.0,0.0,1.0,12.0,0.0,0
PRV53225,49,49,0,415300,8475.510204081633,30000,6414.843808576744,47,4,5.918367346938775,75.6938775510204,7.795918367346939,0.6938775510204082,51264.0,1.0425531914893618,12.25,1.0,0
PRV53226,19,19,0,150000,7894.736842105263,16000,4188.5390829169555,19,2,8.0,79.84210526315789,8.368421052631579,0.5789473684210527,20292.0,1.0,9.5,1.0,0
PRV53227,74,0,74,18610,251.48648648648648,3300,576.1841468209275,59,2,1.4864864864864864,74.13513513513513,2.27027027027027,0.0,140.0,1.2542372881355932,37.0,0.0,0
PRV53228,1,0,1,600,600.0,600,0.0,1,1,0.0,81.0,3.0,0.0,0.0,1.0,1.0,0.0,0
PRV53229,139,0,139,29840,214.67625899280574,3300,434.45334993858665,65,4,1.2949640287769784,72.56834532374101,2.5467625899280577,0.0,350.0,2.1384615384615384,34.75,0.0,0
PRV53230,56,0,56,16260,290.35714285714283,2500,479.34790662358756,40,11,2.017857142857143,72.55357142857143,3.0535714285714284,0.0,400.0,1.4,5.090909090909091,0.0,0
PRV53232,64,0,64,25300,395.3125,3300,703.5983900240566,28,4,2.28125,76.125,2.515625,0.0,170.0,2.2857142857142856,16.0,0.0,0
PRV53233,13,13,0,96000,7384.615384615385,13000,3863.039855227606,12,4,4.3076923076923075,74.84615384615384,8.307692307692308,0.9230769230769231,11748.0,1.0833333333333333,3.25,1.0,0
PRV53235,2,0,2,170,85.0,100,21.213203435596427,2,1,0.0,87.0,3.0,0.0,0.0,1.0,2.0,0.0,0
PRV53236,9,9,0,96000,10666.666666666666,27000,8602.325267042626,8,1,5.444444444444445,78.88888888888889,7.333333333333333,0.6666666666666666,9612.0,1.125,9.0,1.0,0
PRV53237,8,0,8,1230,153.75,600,186.54279478370182,7,1,0.75,69.75,2.875,0.0,0.0,1.1428571428571428,8.0,0.0,0
PRV53238,195,9,186,143590,736.3589743589744,32000,3080.238739970563,165,55,1.6923076923076923,71.18974358974359,2.4205128205128204,0.03076923076923077,10062.0,1.1818181818181819,3.5454545454545454,0.046153846153846156,0
PRV53239,113,19,94,232580,2058.2300884955753,34000,5085.579442700229,88,37,2.9911504424778763,71.80530973451327,3.3893805309734515,0.05309734513274336,20762.0,1.2840909090909092,3.054054054054054,0.168141592920354,0
PRV53240,6,1,5,4860,810.0,3000,1135.5175031676085,4,5,0.5,67.33333333333333,4.5,0.0,1068.0,1.5,1.2,0.16666666666666666,0
PRV53242,259,105,154,1176290,4541.660231660232,57000,8594.136992380329,209,65,3.247104247104247,72.88416988416988,5.057915057915058,0.305019305019305,112580.0,1.2392344497607655,3.9846153846153847,0.40540540540540543,1
PRV53243,75,9,66,111760,1490.1333333333334,24000,4206.620744741566,61,22,1.3333333333333333,71.4,3.12,0.09333333333333334,9652.0,1.2295081967213115,3.409090909090909,0.12,0
PRV53244,508,42,466,465750,916.8307086614174,35000,3183.2639884557316,162,24,1.4409448818897639,66.00984251968504,2.9625984251968505,0.05511811023622047,45946.0,3.1358024691358026,21.166666666666668,0.08267716535433071,0
PRV53245,146,16,130,214800,1471.2328767123288,41000,4573.234558996654,106,44,1.5684931506849316,71.63013698630137,3.2465753424657535,0.06164383561643835,17268.0,1.3773584905660377,3.3181818181818183,0.1095890410958904,1
PRV53246,109,2,107,56490,518.256880733945,22000,2184.0990362316356,101,31,1.385321100917431,70.95412844036697,2.614678899082569,0.027522935779816515,2616.0,1.0792079207920793,3.5161290322580645,0.01834862385321101,0
PRV53247,37,7,30,65960,1782.7027027027027,20000,4141.129508190199,35,12,1.9189189189189189,68.08108108108108,3.4324324324324325,0.13513513513513514,7676.0,1.0571428571428572,3.0833333333333335,0.1891891891891892,0
PRV53248,57,5,52,88890,1559.4736842105262,34000,5155.078432634806,39,16,1.631578947368421,69.49122807017544,3.192982456140351,0.10526315789473684,4442.0,1.4615384615384615,3.5625,0.08771929824561403,0
PRV53249,23,6,17,60140,2614.782608695652,17000,5058.081624817868,19,6,3.391304347826087,76.17391304347827,3.782608695652174,0.17391304347826086,6408.0,1.2105263157894737,3.8333333333333335,0.2608695652173913,0
PRV53251,233,4,229,95400,409.4420600858369,12000,1127.1944640455997,117,9,1.6309012875536482,71.30042918454936,2.944206008583691,0.012875536480686695,4992.0,1.9914529914529915,25.88888888888889,0.017167381974248927,0
PRV53252,77,4,73,78090,1014.1558441558442,40000,4859.2817724241995,31,15,0.8181818181818182,74.6103896103896,2.74025974025974,0.012987012987012988,3204.0,2.4838709677419355,5.133333333333334,0.05194805194805195,0
PRV53253,110,0,110,35600,323.6363636363636,6800,811.2881673047339,94,66,1.8545454545454545,70.2090909090909,2.7636363636363637,0.0,190.0,1.1702127659574468,1.6666666666666667,0.0,0
PRV53254,9,0,9,1190,132.22222222222223,700,221.45980322497454,9,6,2.2222222222222223,65.66666666666667,3.5555555555555554,0.0,0.0,1.0,1.5,0.0,0
PRV53255,26,0,26,7760,298.46153846153845,3300,661.946779176044,24,17,0.46153846153846156,76.84615384615384,2.3076923076923075,0.0,0.0,1.0833333333333333,1.5294117647058822,0.0,0
PRV53256,345,36,309,458710,1329.5942028985507,57000,4645.31363724113,284,87,1.9101449275362319,70.81739130434782,3.1681159420289857,0.07246376811594203,39098.0,1.2147887323943662,3.9655172413793105,0.10434782608695652,0
PRV53257,25,0,25,11120,444.8,3300,911.1399453431948,21,14,0.24,70.52,3.04,0.0,20.0,1.1904761904761905,1.7857142857142858,0.0,0
PRV53258,80,3,77,39490,493.625,13000,1804.7092011271263,68,22,1.25,69.8,2.5,0.025,2396.0,1.1764705882352942,3.6363636363636362,0.0375,0
PRV53259,187,0,187,61050,326.47058823529414,3300,666.0785198160986,117,38,1.3903743315508021,71.99465240641712,2.4759358288770055,0.0,850.0,1.5982905982905984,4.921052631578948,0.0,0
PRV53260,134,2,132,31320,233.73134328358208,6000,630.1135732951749,104,14,1.2462686567164178,72.64179104477611,2.6417910447761193,0.0,2596.0,1.2884615384615385,9.571428571428571,0.014925373134328358,0
PRV53261,194,0,194,41550,214.17525773195877,2100,379.6761508025954,101,28,1.0,71.87628865979381,2.417525773195876,0.0,610.0,1.9207920792079207,6.928571428571429,0.0,0
PRV53262,118,0,118,45250,383.47457627118644,3300,737.8119385135122,83,47,2.093220338983051,70.2542372881356,2.6186440677966103,0.0,450.0,1.4216867469879517,2.5106382978723403,0.0,0
PRV53265,92,27,65,328820,3574.1304347826085,57000,8245.518816558992,68,37,2.880434782608696,69.67391304347827,4.239130434782608,0.2391304347826087,27938.0,1.3529411764705883,2.4864864864864864,0.29347826086956524,1
PRV53266,257,88,169,974110,3790.3112840466924,59000,7869.492959141248,228,97,3.007782101167315,68.99221789883268,4.447470817120623,0.245136186770428,89454.0,1.1271929824561404,2.649484536082474,0.3424124513618677,1
PRV53268,74,7,67,88230,1192.2972972972973,23000,3484.5583227898624,63,31,1.5135135135135136,68.14864864864865,3.3783783783783785,0.10810810810810811,7476.0,1.1746031746031746,2.3870967741935485,0.0945945945945946,0
PRV53269,456,112,344,1045640,2293.0701754385964,39000,4660.931261415042,357,156,2.425438596491228,72.25657894736842,4.140350877192983,0.19736842105263158,116814.0,1.2773109243697478,2.923076923076923,0.24561403508771928,1
PRV53272,24,4,20,32660,1360.8333333333333,17000,3597.2536827378494,21,14,2.0416666666666665,71.79166666666667,3.125,0.125,4412.0,1.1428571428571428,1.7142857142857142,0.16666666666666666,0
PRV53274,30,0,30,4490,149.66666666666666,900,187.73575217224385,25,23,1.7,68.0,2.566666666666667,0.0,70.0,1.2,1.3043478260869565,0.0,0
PRV53276,291,0,291,85280,293.05841924398624,4050,605.3086360289975,131,7,1.268041237113402,71.4295532646048,2.40893470790378,0.0,260.0,2.2213740458015265,41.57142857142857,0.0,0
PRV53277,44,15,29,129060,2933.181818181818,31000,5558.855818663135,34,8,3.340909090909091,73.29545454545455,4.295454545454546,0.22727272727272727,16070.0,1.2941176470588236,5.5,0.3409090909090909,1
PRV53279,36,1,35,10520,292.22222222222223,4000,751.8514713163996,34,15,1.3611111111111112,72.44444444444444,2.2777777777777777,0.027777777777777776,1068.0,1.0588235294117647,2.4,0.027777777777777776,0
PRV53280,15,0,15,2030,135.33333333333334,900,243.10099801953763,11,6,0.2,69.86666666666666,2.6666666666666665,0.0,0.0,1.3636363636363635,2.5,0.0,0
PRV53281,53,21,32,138310,2609.622641509434,15000,3699.8793963006165,43,18,1.2830188679245282,72.26415094339623,4.528301886792453,0.18867924528301888,22528.0,1.2325581395348837,2.9444444444444446,0.39622641509433965,0
PRV53282,31,0,31,5730,184.83870967741936,2600,466.16070882434195,24,9,0.16129032258064516,70.61290322580645,2.193548387096774,0.0,0.0,1.2916666666666667,3.4444444444444446,0.0,0
PRV53283,97,3,94,100220,1033.1958762886597,26000,3693.258652145757,57,18,1.8453608247422681,73.75257731958763,3.1649484536082473,0.020618556701030927,3524.0,1.7017543859649122,5.388888888888889,0.030927835051546393,0
PRV53284,148,6,142,74780,505.27027027027026,13000,1521.7343515414082,79,21,1.4256756756756757,68.47297297297297,2.831081081081081,0.02702702702702703,6898.0,1.8734177215189873,7.0476190476190474,0.04054054054054054,0
PRV53288,43,0,43,12340,286.9767441860465,3300,687.8798859841215,42,27,0.9534883720930233,72.88372093023256,2.9069767441860463,0.0,0.0,1.0238095238095237,1.5925925925925926,0.0,0
PRV53289,106,1,105,36260,342.07547169811323,8000,918.6073486079036,66,40,2.1037735849056602,70.75471698113208,2.2830188679245285,0.0,1328.0,1.606060606060606,2.65,0.009433962264150943,0
PRV53290,6,0,6,3860,643.3333333333334,1800,750.6441678096664,5,5,6.666666666666667,68.16666666666667,2.5,0.0,0.0,1.2,1.2,0.0,0
PRV53291,10,0,10,2730,273.0,1000,376.74188039617314,8,8,2.0,81.5,2.6,0.0,0.0,1.25,1.25,0.0,0
PRV53292,41,5,36,33700,821.9512195121952,12000,2042.1927180266252,35,13,2.4634146341463414,70.41463414634147,3.4146341463414633,0.024390243902439025,5510.0,1.1714285714285715,3.1538461538461537,0.12195121951219512,0
PRV53293,41,0,41,10080,245.85365853658536,2200,424.58789201857894,28,16,0.8536585365853658,71.02439024390245,3.048780487804878,0.0,140.0,1.4642857142857142,2.5625,0.0,0
PRV53294,582,0,582,180760,310.58419243986253,9030,715.6454200607963,230,20,1.7233676975945018,70.78178694158076,2.6168384879725086,0.0,2030.0,2.5304347826086957,29.1,0.0,0
PRV53295,197,29,168,333990,1695.3807106598986,57000,5364.927532674649,166,49,1.9035532994923858,70.42639593908629,3.4111675126903553,0.1065989847715736,30274.0,1.1867469879518073,4.020408163265306,0.14720812182741116,1
PRV53296,187,0,187,62740,335.5080213903743,3300,677.3034243961505,131,105,1.2620320855614973,71.8716577540107,2.679144385026738,0.0,370.0,1.4274809160305344,1.7809523809523808,0.0,0
PRV53297,29,15,14,171770,5923.103448275862,57000,11649.09135127478,26,14,7.0,71.44827586206897,5.9655172413793105,0.3793103448275862,16020.0,1.1153846153846154,2.0714285714285716,0.5172413793103449,1
PRV53298,63,8,55,67130,1065.5555555555557,17000,2717.235773887879,61,33,1.746031746031746,72.52380952380952,3.015873015873016,0.09523809523809523,8624.0,1.0327868852459017,1.9090909090909092,0.12698412698412698,0
PRV53300,354,0,354,126160,356.38418079096044,7060,751.0509572407676,255,71,1.6751412429378532,71.72881355932203,2.635593220338983,0.0,1020.0,1.388235294117647,4.985915492957746,0.0,0
PRV53301,67,0,67,16070,239.8507462686567,2600,476.5071545054588,46,7,1.9402985074626866,69.44776119402985,2.4776119402985075,0.0,220.0,1.4565217391304348,9.571428571428571,0.0,0
PRV53303,111,0,111,35770,322.2522522522523,3300,605.6817116195072,69,6,1.7387387387387387,71.69369369369369,2.4594594594594597,0.0,210.0,1.608695652173913,18.5,0.0,0
PRV53304,13,2,11,59670,4590.0,47000,13163.178440888303,13,7,1.0,69.38461538461539,3.4615384615384617,0.07692307692307693,2136.0,1.0,1.8571428571428572,0.15384615384615385,0
PRV53305,19,1,18,21440,1128.421052631579,14000,3216.560038229065,16,10,2.0,70.94736842105263,3.3684210526315788,0.0,1268.0,1.1875,1.9,0.05263157894736842,0
PRV53306,78,0,78,17600,225.64102564102564,2200,483.5813090379761,29,6,1.435897435897436,72.87179487179488,2.5384615384615383,0.0,140.0,2.689655172413793,13.0,0.0,0
PRV53307,34,0,34,7430,218.52941176470588,2700,475.4527816656275,31,11,0.7941176470588235,68.70588235294117,3.088235294117647,0.0,10.0,1.096774193548387,3.090909090909091,0.0,0
PRV53308,45,7,38,125990,2799.777777777778,39000,7722.408211552832,23,6,1.8444444444444446,78.02222222222223,3.466666666666667,0.1111111111111111,7486.0,1.9565217391304348,7.5,0.15555555555555556,0
PRV53309,63,4,59,45260,718.4126984126984,19000,2586.991780445816,35,11,1.9841269841269842,73.58730158730158,3.4761904761904763,0.031746031746031744,4482.0,1.8,5.7272727272727275,0.06349206349206349,0
PRV53310,10,0,10,2290,229.0,900,305.08468769616525,8,6,0.0,71.6,2.5,0.0,0.0,1.25,1.6666666666666667,0.0,0
PRV53312,65,1,64,29790,458.3076923076923,5000,918.7773282173184,46,9,0.8307692307692308,72.33846153846154,2.769230769230769,0.015384615384615385,1168.0,1.4130434782608696,7.222222222222222,0.015384615384615385,0
PRV53313,68,0,68,17800,261.7647058823529,2500,507.445875877111,22,17,0.8088235294117647,73.80882352941177,2.6470588235294117,0.0,160.0,3.090909090909091,4.0,0.0,0
PRV53314,57,4,53,92490,1622.6315789473683,57000,7622.304096324292,24,8,1.6140350877192982,74.35087719298245,2.5964912280701755,0.05263157894736842,4322.0,2.375,7.125,0.07017543859649122,0
PRV53315,25,0,25,8340,333.6,3300,674.7646503287893,18,6,0.96,69.24,2.8,0.0,80.0,1.3888888888888888,4.166666666666667,0.0,0
PRV53317,16,5,11,45850,2865.625,19000,5264.496137650149,15,7,1.625,74.125,4.625,0.375,5360.0,1.0666666666666667,2.2857142857142856,0.3125,0
PRV53318,21,0,21,9420,448.57142857142856,3200,842.5632659586205,19,9,2.6666666666666665,72.33333333333333,2.238095238095238,0.0,130.0,1.105263157894737,2.3333333333333335,0.0,0
PRV53319,114,13,101,130220,1142.280701754386,15000,2729.123180884008,46,9,1.8859649122807018,67.5701754385965,3.1315789473684212,0.07017543859649122,14064.0,2.4782608695652173,12.666666666666666,0.11403508771929824,0
PRV53320,62,3,59,81340,1311.9354838709678,45000,5970.126131712488,35,6,2.6451612903225805,68.62903225806451,3.4193548387096775,0.03225806451612903,3394.0,1.7714285714285714,10.333333333333334,0.04838709677419355,0
PRV53321,81,0,81,27530,339.87654320987656,2600,602.9790498582028,39,6,3.0864197530864197,73.82716049382717,3.0987654320987654,0.0,130.0,2.076923076923077,13.5,0.0,0
PRV53323,18,0,18,2920,162.22222222222223,1000,265.497436689865,11,12,0.2777777777777778,67.16666666666667,3.2222222222222223,0.0,0.0,1.6363636363636365,1.5,0.0,0
PRV53325,63,0,63,12890,204.6031746031746,1100,312.6980683107001,27,1,1.0793650793650793,72.80952380952381,2.1746031746031744,0.0,200.0,2.3333333333333335,63.0,0.0,0
PRV53326,102,0,102,31950,313.2352941176471,3300,673.7249222206345,46,5,1.607843137254902,64.47058823529412,2.9215686274509802,0.0,490.0,2.217391304347826,20.4,0.0,0
PRV53329,11,1,10,2070,188.1818181818182,1000,304.1650269777307,11,10,0.18181818181818182,66.72727272727273,2.6363636363636362,0.0,1138.0,1.0,1.1,0.09090909090909091,0
PRV53331,7,0,7,810,115.71428571428571,400,128.82250616735453,7,1,0.0,71.57142857142857,2.2857142857142856,0.0,0.0,1.0,7.0,0.0,0
PRV53334,29,0,29,9340,322.0689655172414,2000,521.5661806407479,14,2,2.206896551724138,71.72413793103448,3.1724137931034484,0.0,70.0,2.0714285714285716,14.5,0.0,0
PRV53335,381,0,381,114030,299.29133858267716,3300,563.720508999706,266,8,1.6036745406824147,71.80839895013123,2.713910761154856,0.0,1460.0,1.4323308270676691,47.625,0.0,0
PRV53336,3,3,0,34000,11333.333333333334,21000,10598.742063723097,3,2,5.333333333333333,60.333333333333336,9.0,1.6666666666666667,2136.0,1.0,1.5,1.0,0
PRV53337,5,0,5,1620,324.0,1300,550.027272051123,3,1,4.2,69.4,2.8,0.0,110.0,1.6666666666666667,5.0,0.0,0
PRV53339,10,0,10,1430,143.0,700,207.79530526190646,8,1,4.4,76.3,1.9,0.0,0.0,1.25,10.0,0.0,0
PRV53340,23,0,23,2170,94.34782608695652,500,144.81417832884767,16,1,0.21739130434782608,70.82608695652173,2.4782608695652173,0.0,10.0,1.4375,23.0,0.0,0
PRV53341,9,0,9,4090,454.44444444444446,1800,610.6576600500298,9,2,2.2222222222222223,68.77777777777777,3.111111111111111,0.0,0.0,1.0,4.5,0.0,0
PRV53342,73,0,73,25810,353.56164383561645,3300,698.9344466619123,59,2,1.1917808219178083,70.94520547945206,2.287671232876712,0.0,380.0,1.2372881355932204,36.5,0.0,0
PRV53343,6,0,6,310,51.666666666666664,100,37.638632635454044,6,2,0.0,73.0,1.6666666666666667,0.0,0.0,1.0,3.0,0.0,0
PRV53344,3,0,3,630,210.0,400,185.20259177452135,3,1,0.0,64.66666666666667,1.0,0.0,0.0,1.0,3.0,0.0,0
PRV53346,4,0,4,770,192.5,500,205.48722588034516,4,1,5.0,57.25,2.0,0.0,0.0,1.0,4.0,0.0,0
PRV53347,6,0,6,280,46.666666666666664,100,28.047578623950173,6,3,0.0,72.5,2.1666666666666665,0.0,0.0,1.0,2.0,0.0,0
PRV53349,24,0,24,2180,90.83333333333333,400,109.73948069490945,16,1,1.0416666666666667,66.16666666666667,2.375,0.0,70.0,1.5,24.0,0.0,0
PRV53350,4,0,4,2420,605.0,1200,630.8459928276209,3,1,1.25,69.75,3.5,0.0,0.0,1.3333333333333333,4.0,0.0,0
PRV53351,18,0,18,4660,258.8888888888889,1300,374.0696520371085,13,1,1.1111111111111112,68.72222222222223,1.9444444444444444,0.0,260.0,1.3846153846153846,18.0,0.0,0
PRV53352,288,0,288,92300,320.4861111111111,3300,617.1552471700799,187,1,1.3819444444444444,71.28125,2.5520833333333335,0.0,870.0,1.5401069518716577,288.0,0.0,0
PRV53353,30,0,30,9310,310.3333333333333,3300,650.9435238669848,25,1,1.6,73.6,1.9666666666666666,0.0,10.0,1.2,30.0,0.0,0
PRV53354,18,0,18,5120,284.44444444444446,2200,505.4668456250556,18,3,1.3888888888888888,66.11111111111111,2.2777777777777777,0.0,100.0,1.0,6.0,0.0,0
PRV53355,3,0,3,510,170.0,400,204.20577856662138,3,1,2.3333333333333335,75.33333333333333,4.666666666666667,0.0,10.0,1.0,3.0,0.0,0
PRV53356,38,0,38,3950,103.94736842105263,900,176.85754648768705,36,1,0.0,71.52631578947368,2.6842105263157894,0.0,80.0,1.0555555555555556,38.0,0.0,0
PRV53357,2,0,2,1820,910.0,1800,1258.6500705120545,2,1,0.0,68.5,3.0,0.0,0.0,1.0,2.0,0.0,0
PRV53358,3,0,3,2840,946.6666666666666,2400,1271.4296415190788,3,1,0.0,58.333333333333336,3.0,0.0,0.0,1.0,3.0,0.0,0
PRV53359,213,0,213,57150,268.3098591549296,3300,550.0359831680987,155,3,1.3615023474178405,73.33333333333333,2.7652582159624415,0.0,420.0,1.3741935483870968,71.0,0.0,0
PRV53360,20,0,20,2660,133.0,780,202.8766801986395,12,1,0.0,77.0,2.15,0.0,30.0,1.6666666666666667,20.0,0.0,0
PRV53361,9,0,9,4540,504.44444444444446,3300,1069.639087626185,7,4,2.2222222222222223,69.44444444444444,1.7777777777777777,0.0,0.0,1.2857142857142858,2.25,0.0,0
PRV53362,35,0,35,13220,377.7142857142857,3300,789.5646071776285,24,5,2.085714285714286,71.82857142857142,2.342857142857143,0.0,20.0,1.4583333333333333,7.0,0.0,0
PRV53363,41,0,41,16940,413.1707317073171,3300,714.8092019007249,38,2,2.902439024390244,73.02439024390245,2.0,0.0,40.0,1.0789473684210527,20.5,0.0,0
PRV53364,26,0,26,8770,337.3076923076923,3300,663.9129924458939,24,3,0.038461538461538464,73.38461538461539,2.576923076923077,0.0,0.0,1.0833333333333333,8.666666666666666,0.0,0
PRV53365,6,0,6,730,121.66666666666667,300,109.25505327748766,6,1,0.0,62.333333333333336,2.0,0.0,0.0,1.0,6.0,0.0,0
PRV53369,1,0,1,90,90.0,90,0.0,1,1,0.0,84.0,1.0,0.0,0.0,1.0,1.0,0.0,0
PRV53370,9,0,9,1070,118.88888888888889,400,161.97564974745774,7,1,0.4444444444444444,71.66666666666667,2.3333333333333335,0.0,0.0,1.2857142857142858,9.0,0.0,0
PRV53371,43,0,43,10930,254.1860465116279,2000,424.82059271078265,29,5,1.0465116279069768,70.53488372093024,3.186046511627907,0.0,0.0,1.4827586206896552,8.6,0.0,0
PRV53373,3,0,3,2210,736.6666666666666,2100,1180.776580616898,3,2,0.0,73.33333333333333,1.0,0.0,0.0,1.0,1.5,0.0,0
PRV53374,387,0,387,105160,271.7312661498708,3300,560.6097255511982,132,11,1.3643410852713178,69.74160206718346,2.5891472868217056,0.0,410.0,2.9318181818181817,35.18181818181818,0.0,0
PRV53375,15,0,15,4590,306.0,1900,630.1337726455959,14,4,0.6666666666666666,72.73333333333333,3.0,0.0,30.0,1.0714285714285714,3.75,0.0,0
PRV53376,74,0,74,28240,381.6216216216216,5500,812.5505708637666,31,4,1.1216216216216217,69.95945945945945,2.581081081081081,0.0,260.0,2.3870967741935485,18.5,0.0,0
PRV53377,7,7,0,57000,8142.857142857143,12000,2853.5691936340254,7,3,3.857142857142857,67.28571428571429,7.285714285714286,0.8571428571428571,7476.0,1.0,2.3333333333333335,1.0,0
PRV53378,10,10,0,74000,7400.0,15000,4115.013163202923,10,1,9.4,73.5,8.4,0.8,10680.0,1.0,10.0,1.0,0
PRV53379,11,11,0,153000,13909.09090909091,55000,14583.926394867367,10,3,6.909090909090909,71.0,8.090909090909092,1.0909090909090908,11748.0,1.1,3.6666666666666665,1.0,1
PRV53380,4,4,0,22000,5500.0,9000,2645.7513110645905,4,2,2.75,68.25,8.25,0.25,4272.0,1.0,2.0,1.0,0
PRV53381,33,11,22,138120,4185.454545454545,22000,7009.74192236646,29,11,3.0,75.36363636363636,4.212121212121212,0.12121212121212122,11818.0,1.1379310344827587,3.0,0.3333333333333333,0
PRV53382,45,0,45,18320,407.1111111111111,3300,773.3857740840308,38,15,1.0666666666666667,74.97777777777777,2.422222222222222,0.0,0.0,1.1842105263157894,3.0,0.0,0
PRV53383,22,4,18,51890,2358.6363636363635,18000,4608.79830991462,20,11,3.8181818181818183,66.9090909090909,3.3636363636363638,0.13636363636363635,4272.0,1.1,2.0,0.18181818181818182,0
PRV53384,62,38,24,335120,5405.1612903225805,34000,6276.206628664332,51,18,4.161290322580645,74.0,6.0,0.3709677419354839,40594.0,1.2156862745098038,3.4444444444444446,0.6129032258064516,1
PRV53385,1037,106,931,1362570,1313.953712632594,49000,4315.011843577099,418,25,1.9729990356798457,71.71166827386692,3.2594021215043396,0.09161041465766634,112584.0,2.4808612440191387,41.48,0.10221793635486982,1
PRV53386,53,0,53,13070,246.60377358490567,3300,564.8244907669122,51,22,1.2075471698113207,75.43396226415095,2.9056603773584904,0.0,10.0,1.0392156862745099,2.409090909090909,0.0,0
PRV53387,49,3,46,36320,741.2244897959183,19000,2773.6795902533077,40,13,0.7142857142857143,70.79591836734694,3.020408163265306,0.02040816326530612,3274.0,1.225,3.769230769230769,0.061224489795918366,0
PRV53388,122,11,111,123340,1010.983606557377,14000,2786.062837044499,65,14,1.5163934426229508,69.79508196721312,3.237704918032787,0.05737704918032787,10980.0,1.876923076923077,8.714285714285714,0.09016393442622951,0
PRV53389,13,1,12,19070,1466.923076923077,15000,4163.5008999146075,13,8,1.5384615384615385,75.6923076923077,3.6923076923076925,0.15384615384615385,1068.0,1.0,1.625,0.07692307692307693,0
PRV53390,15,0,15,4320,288.0,2000,588.7783963428005,14,4,2.6666666666666665,73.33333333333333,3.8,0.0,40.0,1.0714285714285714,3.75,0.0,0
PRV53391,69,0,69,11420,165.5072463768116,2000,304.3437309430981,62,28,1.1594202898550725,70.07246376811594,1.9710144927536233,0.0,450.0,1.1129032258064515,2.4642857142857144,0.0,0
PRV53392,99,0,99,33790,341.3131313131313,3300,647.0776480306757,80,44,2.8585858585858586,72.67676767676768,2.3333333333333335,0.0,180.0,1.2375,2.25,0.0,0
PRV53393,5,2,3,9170,1834.0,5000,2459.264117576638,5,5,2.2,76.0,4.4,0.4,2136.0,1.0,1.0,0.4,0
PRV53394,1215,47,1168,785420,646.4362139917696,57000,2678.3193033346465,368,22,1.6576131687242799,73.16954732510288,2.9292181069958847,0.023868312757201648,51600.0,3.301630434782609,55.22727272727273,0.03868312757201646,0
PRV53396,99,45,54,452600,4571.717171717171,40000,7623.7444654378305,83,31,3.878787878787879,68.51515151515152,5.161616161616162,0.29292929292929293,47042.0,1.1927710843373494,3.193548387096774,0.45454545454545453,0
PRV53397,14,3,11,122270,8733.57142857143,91000,24173.138177337656,14,11,5.928571428571429,72.71428571428571,3.2142857142857144,0.14285714285714285,3204.0,1.0,1.2727272727272727,0.21428571428571427,1
PRV53398,5,1,4,17410,3482.0,17000,7557.0245467379555,5,5,2.0,76.6,3.4,0.4,1068.0,1.0,1.0,0.2,0
PRV53399,33,7,26,74120,2246.060606060606,16000,4558.482436207485,30,28,2.606060606060606,75.84848484848484,3.5454545454545454,0.21212121212121213,7476.0,1.1,1.1785714285714286,0.21212121212121213,1
PRV53401,303,130,173,1143010,3772.3102310231025,42000,6688.7262031958535,275,99,2.867986798679868,73.3102310231023,4.891089108910891,0.28052805280528054,132812.0,1.1018181818181818,3.0606060606060606,0.429042904290429,1
PRV53402,17,0,17,7230,425.29411764705884,2500,725.0699763389981,10,2,2.3529411764705883,75.70588235294117,2.764705882352941,0.0,0.0,1.7,8.5,0.0,0
PRV53403,72,0,72,15250,211.80555555555554,1200,265.7931335227756,67,32,1.5555555555555556,73.34722222222223,2.7222222222222223,0.0,100.0,1.0746268656716418,2.25,0.0,0
PRV53405,189,21,168,239010,1264.6031746031747,24000,3594.98963928766,164,89,2.767195767195767,72.97354497354497,3.5873015873015874,0.08465608465608465,23028.0,1.1524390243902438,2.1235955056179776,0.1111111111111111,0
PRV53407,133,3,130,53960,405.7142857142857,8000,969.0453641336496,40,8,2.2857142857142856,67.69924812030075,2.744360902255639,0.022556390977443608,3624.0,3.325,16.625,0.022556390977443608,0
PRV53408,47,10,37,88780,1888.936170212766,12000,3122.4462497845675,45,30,2.127659574468085,75.53191489361703,3.9361702127659575,0.23404255319148937,9672.0,1.0444444444444445,1.5666666666666667,0.2127659574468085,0
PRV53409,34,3,31,28130,827.3529411764706,12000,2442.0797257274935,22,8,1.6176470588235294,71.73529411764706,3.3529411764705883,0.14705882352941177,3274.0,1.5454545454545454,4.25,0.08823529411764706,0
PRV53411,6,0,6,2570,428.3333333333333,1900,736.5980360187411,6,5,0.16666666666666666,65.5,3.3333333333333335,0.0,30.0,1.0,1.2,0.0,0
PRV53412,27,0,27,9640,357.037037037037,3300,667.1916736176564,26,11,1.4814814814814814,73.07407407407408,2.888888888888889,0.0,0.0,1.0384615384615385,2.4545454545454546,0.0,0
PRV53413,30,2,28,34040,1134.6666666666667,16000,3674.370444160406,27,22,2.2666666666666666,76.53333333333333,2.6333333333333333,0.03333333333333333,2136.0,1.1111111111111112,1.3636363636363635,0.06666666666666667,0
PRV53415,34,0,34,12050,354.4117647058824,3300,632.135347879879,27,22,1.2058823529411764,67.29411764705883,2.4411764705882355,0.0,150.0,1.2592592592592593,1.5454545454545454,0.0,0
PRV53416,87,1,86,50840,584.3678160919541,14000,1644.016424088604,59,14,1.839080459770115,70.58620689655173,2.8735632183908044,0.011494252873563218,1128.0,1.4745762711864407,6.214285714285714,0.011494252873563218,0
PRV53417,171,7,164,115090,673.0409356725146,22000,2518.9162220305243,71,10,1.8128654970760234,70.29824561403508,2.789473684210526,0.023391812865497075,8046.0,2.408450704225352,17.1,0.04093567251461988,1
PRV53419,19,5,14,46410,2442.6315789473683,25000,5829.476669960523,18,13,1.7894736842105263,73.47368421052632,3.6842105263157894,0.3157894736842105,5340.0,1.0555555555555556,1.4615384615384615,0.2631578947368421,0
PRV53421,129,95,34,999910,7751.240310077519,57000,9442.870326977514,110,25,4.496124031007752,72.31782945736434,6.658914728682171,0.49612403100775193,99524.0,1.1727272727272726,5.16,0.7364341085271318,1
PRV53423,53,5,48,48240,910.188679245283,11000,2380.808274649307,43,11,2.547169811320755,72.9245283018868,3.4339622641509435,0.1320754716981132,4502.0,1.2325581395348837,4.818181818181818,0.09433962264150944,0
PRV53424,263,37,226,452390,1720.1140684410645,57000,5759.7275488794085,125,18,2.1254752851711025,72.08745247148289,3.536121673003802,0.09125475285171103,35794.0,2.104,14.61111111111111,0.14068441064638784,0
PRV53426,10,0,10,1480,148.0,400,105.80905233275438,6,6,0.2,70.9,2.0,0.0,0.0,1.6666666666666667,1.6666666666666667,0.0,0
PRV53427,24,0,24,8880,370.0,3000,812.2379175971831,17,9,3.5416666666666665,71.83333333333333,2.375,0.0,60.0,1.411764705882353,2.6666666666666665,0.0,0
PRV53428,22,0,22,4930,224.0909090909091,1800,438.07652180987617,22,16,0.5454545454545454,72.9090909090909,2.6363636363636362,0.0,0.0,1.0,1.375,0.0,0
PRV53429,29,1,28,22690,782.4137931034483,16000,2948.21453858386,27,15,1.4827586206896552,71.72413793103448,1.9310344827586208,0.034482758620689655,1138.0,1.0740740740740742,1.9333333333333333,0.034482758620689655,0
PRV53431,42,1,41,30080,716.1904761904761,21000,3241.1763540350385,31,2,2.4523809523809526,66.5952380952381,2.142857142857143,0.023809523809523808,1148.0,1.3548387096774193,21.0,0.023809523809523808,0
PRV53432,122,13,109,191580,1570.327868852459,57000,6106.970537657108,110,70,1.5655737704918034,69.1311475409836,3.1147540983606556,0.09836065573770492,14124.0,1.1090909090909091,1.7428571428571429,0.10655737704918032,0
PRV53433,19,0,19,2920,153.68421052631578,900,235.23535557951294,15,13,0.05263157894736842,68.78947368421052,2.6315789473684212,0.0,70.0,1.2666666666666666,1.4615384615384615,0.0,0
PRV53435,6,0,6,5490,915.0,3000,1245.9494371763246,6,4,3.3333333333333335,63.833333333333336,3.3333333333333335,0.0,0.0,1.0,1.5,0.0,0
PRV53436,18,3,15,16420,912.2222222222222,5000,1753.1804898712965,18,14,0.7222222222222222,69.05555555555556,3.8333333333333335,0.16666666666666666,3404.0,1.0,1.2857142857142858,0.16666666666666666,0
PRV53437,9,1,8,7740,860.0,6000,1937.4145142431446,9,7,0.3333333333333333,68.55555555555556,4.666666666666667,0.1111111111111111,1068.0,1.0,1.2857142857142858,0.1111111111111111,0
PRV53438,61,8,53,67830,1111.967213114754,14000,2929.8195733253683,51,15,1.1311475409836065,69.36065573770492,2.9508196721311477,0.08196721311475409,8714.0,1.196078431372549,4.066666666666666,0.13114754098360656,0
PRV53439,24,0,24,5670,236.25,1300,368.225031622028,23,11,0.9166666666666666,75.5,2.75,0.0,0.0,1.0434782608695652,2.1818181818181817,0.0,0
PRV53440,164,1,163,59590,363.3536585365854,4000,671.9719880217623,98,10,1.6646341463414633,73.0060975609756,2.823170731707317,0.006097560975609756,1438.0,1.6734693877551021,16.4,0.006097560975609756,0
PRV53441,38,14,24,187610,4937.105263157895,57000,10608.112629312896,36,24,1.9736842105263157,70.0,4.7631578947368425,0.3157894736842105,14014.0,1.0555555555555556,1.5833333333333333,0.3684210526315789,0
PRV53442,46,8,38,92730,2015.8695652173913,31000,5467.9265117743,40,14,2.869565217391304,66.45652173913044,3.369565217391304,0.13043478260869565,8664.0,1.15,3.2857142857142856,0.17391304347826086,0
PRV53443,215,0,215,81290,378.09302325581393,3300,736.705593499299,100,2,2.158139534883721,69.42325581395349,2.8046511627906976,0.0,180.0,2.15,107.5,0.0,0
PRV53444,27,10,17,101300,3751.8518518518517,21000,6299.658743527325,26,19,3.185185185185185,71.66666666666667,4.962962962962963,0.25925925925925924,10680.0,1.0384615384615385,1.4210526315789473,0.37037037037037035,0
PRV53445,7,0,7,4940,705.7142857142857,2600,1132.7526523599809,7,3,2.857142857142857,67.57142857142857,3.0,0.0,0.0,1.0,2.3333333333333335,0.0,0
PRV53446,46,0,46,12880,280.0,2600,548.8938371346908,44,18,2.717391304347826,74.5,2.869565217391304,0.0,0.0,1.0454545454545454,2.5555555555555554,0.0,0
PRV53447,39,0,39,6170,158.2051282051282,1600,288.09603474565097,35,20,0.6410256410256411,71.84615384615384,3.1538461538461537,0.0,100.0,1.1142857142857143,1.95,0.0,0
PRV53448,64,10,54,92430,1444.21875,19000,3358.3309368714126,62,47,3.5,71.78125,3.625,0.078125,10820.0,1.032258064516129,1.3617021276595744,0.15625,0
PRV53449,9,1,8,9980,1108.888888888889,9000,2963.1252270383566,9,9,3.111111111111111,77.66666666666667,3.2222222222222223,0.1111111111111111,1088.0,1.0,1.0,0.1111111111111111,0
PRV53450,50,0,50,14890,297.8,3300,571.2831600700233,48,29,2.2,71.96,2.3,0.0,360.0,1.0416666666666667,1.7241379310344827,0.0,0
PRV53451,5,5,0,25000,5000.0,11000,5612.486080160912,5,1,3.2,73.8,8.2,0.4,5340.0,1.0,5.0,1.0,0
PRV53452,62,0,62,37100,598.3870967741935,3300,958.4930001341621,44,2,3.5161290322580645,69.93548387096774,2.5806451612903225,0.0,130.0,1.4090909090909092,31.0,0.0,0
PRV53453,15,4,11,42980,2865.3333333333335,14000,4722.568711844777,15,15,1.3333333333333333,70.13333333333334,5.133333333333334,0.4,3214.0,1.0,1.0,0.26666666666666666,0
PRV53454,25,0,25,5580,223.2,2500,518.9550397995315,21,14,1.28,66.52,2.68,0.08,0.0,1.1904761904761905,1.7857142857142858,0.0,0
PRV53455,39,0,39,8640,221.53846153846155,2300,476.3045159378966,36,13,0.9487179487179487,71.05128205128206,2.6153846153846154,0.0,160.0,1.0833333333333333,3.0,0.0,0
PRV53456,29,5,24,69670,2402.4137931034484,28000,5982.872969194418,27,23,2.3793103448275863,70.20689655172414,3.413793103448276,0.13793103448275862,4432.0,1.0740740740740742,1.2608695652173914,0.1724137931034483,0
PRV53457,5,0,5,9430,1886.0,7300,3091.6629829268263,5,4,4.0,77.6,2.2,0.0,0.0,1.0,1.25,0.0,0
PRV53460,3,0,3,820,273.3333333333333,500,241.10855093366834,3,3,0.0,69.0,3.6666666666666665,0.0,0.0,1.0,1.0,0.0,0
PRV53461,36,14,22,425080,11807.777777777777,125000,27374.386893184983,32,14,3.111111111111111,72.69444444444444,4.583333333333333,0.3055555555555556,15857.0,1.125,2.5714285714285716,0.3888888888888889,1
PRV53462,11,0,11,4450,404.54545454545456,2400,712.2129405783587,11,10,1.4545454545454546,76.54545454545455,3.0,0.0,100.0,1.0,1.1,0.0,0
PRV53463,76,3,73,38030,500.39473684210526,5000,1058.1284620050928,43,10,1.4473684210526316,71.0657894736842,3.289473684210526,0.02631578947368421,3354.0,1.7674418604651163,7.6,0.039473684210526314,0
PRV53465,23,3,20,34750,1510.8695652173913,14000,3424.167998538249,21,12,3.5652173913043477,70.91304347826087,4.260869565217392,0.13043478260869565,3304.0,1.0952380952380953,1.9166666666666667,0.13043478260869565,0
PRV53467,10,0,10,850,85.0,200,82.09073570683168,9,3,0.1,74.5,1.9,0.0,20.0,1.1111111111111112,3.3333333333333335,0.0,0
PRV53469,14,0,14,7460,532.8571428571429,3300,890.2327143586028,13,10,2.857142857142857,70.64285714285714,2.642857142857143,0.0,70.0,1.0769230769230769,1.4,0.0,0
PRV53470,64,0,64,21900,342.1875,3300,580.5675076615819,57,28,0.734375,73.40625,2.5625,0.0,80.0,1.1228070175438596,2.2857142857142856,0.0,0
PRV53471,31,1,30,25720,829.6774193548387,19000,3393.7073964137094,26,18,1.4516129032258065,72.7741935483871,2.806451612903226,0.03225806451612903,1068.0,1.1923076923076923,1.7222222222222223,0.03225806451612903,0
PRV53472,3,0,3,3440,1146.6666666666667,3300,1864.8413694824912,3,2,6.666666666666667,75.0,2.6666666666666665,0.0,0.0,1.0,1.5,0.0,0
PRV53473,11,0,11,7140,649.0909090909091,2400,926.7734841422098,7,3,5.454545454545454,71.18181818181819,3.1818181818181817,0.0,0.0,1.5714285714285714,3.6666666666666665,0.0,0
PRV53474,6,0,6,470,78.33333333333333,200,70.82843120291926,6,3,0.0,81.5,3.0,0.0,0.0,1.0,2.0,0.0,0
PRV53475,10,0,10,4190,419.0,2300,700.4990284710528,10,7,4.0,62.7,2.1,0.0,0.0,1.0,1.4285714285714286,0.0,0
PRV53476,10,0,10,3310,331.0,1800,534.2585724368138,10,8,2.0,70.9,3.1,0.0,100.0,1.0,1.25,0.0,0
PRV53477,50,0,50,14170,283.4,2700,460.18456811880804,45,10,1.76,67.56,2.74,0.0,150.0,1.1111111111111112,5.0,0.0,0
PRV53478,149,0,149,50680,340.13422818791946,7600,817.3043914892065,93,5,0.7651006711409396,67.41610738255034,2.577181208053691,0.0,520.0,1.6021505376344085,29.8,0.0,0
PRV53479,5,0,5,390,78.0,100,22.80350850198276,5,4,4.0,68.6,2.2,0.0,40.0,1.0,1.25,0.0,0
PRV53480,10,0,10,1520,152.0,600,237.99159649029627,9,5,2.8,82.3,2.9,0.0,0.0,1.1111111111111112,2.0,0.0,0
PRV53482,24,0,24,10120,421.6666666666667,3300,801.2906255951499,21,10,2.4166666666666665,69.5,2.8333333333333335,0.0,0.0,1.1428571428571428,2.4,0.0,0
PRV53483,18,2,16,20080,1115.5555555555557,7000,1848.9304451086507,15,10,4.5,71.22222222222223,2.9444444444444446,0.1111111111111111,2196.0,1.2,1.8,0.1111111111111111,0
PRV53484,63,0,63,16720,265.3968253968254,2100,451.0805142237248,42,4,2.3333333333333335,72.07936507936508,2.8095238095238093,0.0,100.0,1.5,15.75,0.0,0
PRV53485,5,0,5,330,66.0,200,82.03657720797473,5,3,0.0,72.6,2.8,0.0,0.0,1.0,1.6666666666666667,0.0,0
PRV53486,28,0,28,5640,201.42857142857142,1000,276.106719648256,13,4,1.5,78.5,3.2142857142857144,0.0,90.0,2.1538461538461537,7.0,0.0,0
PRV53487,40,0,40,15530,388.25,5200,938.7058398913655,17,1,1.6,72.575,2.25,0.0,190.0,2.3529411764705883,40.0,0.0,0
PRV53489,20,5,15,74870,3743.5,54000,12015.857625391714,15,6,1.85,59.35,4.0,0.1,4272.0,1.3333333333333333,3.3333333333333335,0.25,0
PRV53490,145,0,145,38620,266.3448275862069,3300,528.9675659468687,66,5,1.1793103448275861,71.84827586206896,2.8,0.0,440.0,2.196969696969697,29.0,0.0,0
PRV53491,16,0,16,1760,110.0,900,215.99382707228773,14,5,1.25,66.5,2.0625,0.0,0.0,1.1428571428571428,3.2,0.0,0
PRV53492,3,0,3,590,196.66666666666666,500,263.1222782915452,3,2,0.0,76.0,3.0,0.0,0.0,1.0,1.5,0.0,0
PRV53494,7,0,7,470,67.14285714285714,200,67.7530529974568,7,5,0.0,71.14285714285714,1.5714285714285714,0.0,0.0,1.0,1.4,0.0,0
PRV53495,34,0,34,14990,440.88235294117646,2700,805.539035214869,20,5,1.6176470588235294,72.76470588235294,2.6176470588235294,0.0,360.0,1.7,6.8,0.0,0
PRV53496,58,0,58,14660,252.75862068965517,1900,435.17204947431793,29,4,1.9482758620689655,76.13793103448276,2.6551724137931036,0.0,10.0,2.0,14.5,0.0,0
PRV53498,2,0,2,860,430.0,800,523.2590180780452,2,2,0.0,79.5,1.5,0.0,50.0,1.0,1.0,0.0,0
PRV53499,46,0,46,12370,268.9130434782609,3300,573.8185089027891,18,5,1.1304347826086956,75.3695652173913,2.717391304347826,0.0,170.0,2.5555555555555554,9.2,0.0,0
PRV53501,1,0,1,300,300.0,300,0.0,1,1,0.0,41.0,4.0,0.0,0.0,1.0,1.0,0.0,0
PRV53502,47,0,47,8000,170.2127659574468,1500,306.1577411109887,27,5,0.14893617021276595,69.97872340425532,2.3191489361702127,0.0,0.0,1.7407407407407407,9.4,0.0,0
PRV53503,13,0,13,5380,413.84615384615387,2300,661.8980090308282,9,1,0.23076923076923078,71.53846153846153,1.3076923076923077,0.0,0.0,1.4444444444444444,13.0,0.0,0
PRV53504,4,0,4,730,182.5,600,278.85181249784506,4,4,0.25,76.0,2.0,0.0,0.0,1.0,1.0,0.0,0
PRV53506,1,0,1,500,500.0,500,0.0,1,1,0.0,70.0,8.0,0.0,0.0,1.0,1.0,0.0,0
PRV53507,9,9,0,62000,6888.888888888889,15000,4910.306620885412,8,2,4.444444444444445,81.22222222222223,8.333333333333334,0.4444444444444444,9612.0,1.125,4.5,1.0,0
PRV53509,1,1,0,15000,15000.0,15000,0.0,1,1,17.0,75.0,9.0,1.0,1068.0,1.0,1.0,1.0,0
PRV53510,16,2,14,13880,867.5,8000,2076.44407581808,12,3,5.3125,66.75,3.625,0.125,2136.0,1.3333333333333333,5.333333333333333,0.125,0
PRV53511,1,1,0,0,0.0,0,0.0,1,1,5.0,67.0,9.0,2.0,1068.0,1.0,1.0,1.0,0
PRV53513,2,2,0,18000,9000.0,14000,7071.067811865475,2,2,4.0,65.5,7.5,1.0,2136.0,1.0,1.0,1.0,0
PRV53515,1,1,0,14000,14000.0,14000,0.0,1,1,5.0,49.0,9.0,2.0,1068.0,1.0,1.0,1.0,0
PRV53516,1,1,0,3000,3000.0,3000,0.0,1,1,8.0,78.0,9.0,0.0,1068.0,1.0,1.0,1.0,0
PRV53517,2,2,0,17000,8500.0,9000,707.1067811865476,2,1,5.5,75.5,9.0,0.0,2136.0,1.0,2.0,1.0,0
PRV53519,9,9,0,61000,6777.777777777777,13000,4116.363011742823,9,8,4.555555555555555,68.11111111111111,7.888888888888889,0.8888888888888888,9612.0,1.0,1.125,1.0,0
PRV53520,4,0,4,690,172.5,500,220.20823478395775,4,1,0.0,73.75,4.5,0.0,0.0,1.0,4.0,0.0,0
PRV53521,9,0,9,380,42.22222222222222,100,41.466184348749096,8,2,1.5555555555555556,64.44444444444444,1.8888888888888888,0.0,0.0,1.125,4.5,0.0,0
PRV53522,26,0,26,3690,141.92307692307693,1100,234.93010417175967,25,3,0.5,68.15384615384616,2.576923076923077,0.0,240.0,1.04,8.666666666666666,0.0,0
PRV53523,89,0,89,26250,294.9438202247191,3300,616.1613638921398,70,2,1.9550561797752808,70.29213483146067,2.550561797752809,0.0,480.0,1.2714285714285714,44.5,0.0,0
PRV53524,52,0,52,10110,194.42307692307693,2600,388.3318444549685,44,3,0.19230769230769232,67.42307692307692,2.576923076923077,0.0,120.0,1.1818181818181819,17.333333333333332,0.0,0
PRV53525,2,0,2,700,350.0,500,212.13203435596427,2,1,0.0,87.5,1.0,0.0,0.0,1.0,2.0,0.0,0
PRV53526,60,0,60,18440,307.3333333333333,2400,523.1970386412157,28,2,0.8833333333333333,67.96666666666667,2.3333333333333335,0.0,80.0,2.142857142857143,30.0,0.0,0
PRV53527,37,0,37,9500,256.7567567567568,3300,548.0574486009355,31,1,1.9189189189189189,71.54054054054055,2.4324324324324325,0.0,400.0,1.1935483870967742,37.0,0.0,0
PRV53530,27,0,27,6940,257.037037037037,1100,341.16108100263017,26,1,1.0,73.66666666666667,2.7777777777777777,0.0,80.0,1.0384615384615385,27.0,0.0,0
PRV53531,11,0,11,940,85.45454545454545,300,109.48640430333224,9,1,0.0,73.36363636363636,2.5454545454545454,0.0,0.0,1.2222222222222223,11.0,0.0,0
PRV53532,9,0,9,2230,247.77777777777777,800,320.49874328060076,8,2,2.7777777777777777,72.88888888888889,2.7777777777777777,0.0,30.0,1.125,4.5,0.0,0
PRV53533,51,0,51,21850,428.4313725490196,3300,738.6023897849766,32,8,2.843137254901961,65.17647058823529,3.0588235294117645,0.0,350.0,1.59375,6.375,0.0,0
PRV53534,76,0,76,24190,318.2894736842105,3300,645.3823428178466,41,1,2.3421052631578947,69.05263157894737,2.1052631578947367,0.0,60.0,1.853658536585366,76.0,0.0,0
PRV53535,19,0,19,8970,472.10526315789474,3300,879.5932074125606,18,1,1.5263157894736843,77.57894736842105,2.6842105263157894,0.0,40.0,1.0555555555555556,19.0,0.0,0
PRV53536,31,0,31,5660,182.58064516129033,2060,397.0975341309779,25,3,0.0967741935483871,71.12903225806451,2.161290322580645,0.0,40.0,1.24,10.333333333333334,0.0,0
PRV53539,2,0,2,200,100.0,100,0.0,2,1,1.5,64.5,3.0,0.0,10.0,1.0,2.0,0.0,0
PRV53540,13,0,13,3060,235.3846153846154,1000,312.47974293318555,12,3,0.23076923076923078,76.15384615384616,3.3846153846153846,0.0,0.0,1.0833333333333333,4.333333333333333,0.0,0
PRV53544,17,0,17,4860,285.88235294117646,1600,427.17178663169886,14,1,1.1764705882352942,65.47058823529412,3.0588235294117645,0.0,0.0,1.2142857142857142,17.0,0.0,0
PRV53545,1,0,1,60,60.0,60,0.0,1,1,0.0,66.0,3.0,0.0,0.0,1.0,1.0,0.0,0
PRV53547,21,0,21,6850,326.1904761904762,2600,646.7339189378905,18,4,4.095238095238095,74.47619047619048,2.1904761904761907,0.0,90.0,1.1666666666666667,5.25,0.0,0
PRV53548,4,0,4,250,62.5,100,38.622100754188224,4,1,0.0,70.25,3.5,0.0,0.0,1.0,4.0,0.0,0
PRV53549,6,0,6,450,75.0,200,70.92249290598858,6,1,0.0,65.16666666666667,1.8333333333333333,0.0,0.0,1.0,6.0,0.0,0
PRV53550,10,0,10,3130,313.0,1600,474.5770046402726,10,6,0.0,78.4,3.0,0.0,0.0,1.0,1.6666666666666667,0.0,0
PRV53551,29,0,29,11220,386.8965517241379,2800,724.0022861461332,19,1,1.5862068965517242,73.86206896551724,2.793103448275862,0.0,130.0,1.5263157894736843,29.0,0.0,0
PRV53553,30,0,30,7060,235.33333333333334,3300,604.7611858858197,20,1,0.9333333333333333,73.83333333333333,2.3,0.0,160.0,1.5,30.0,0.0,0
PRV53554,2,0,2,70,35.0,70,49.49747468305833,2,1,0.0,77.0,2.0,0.0,0.0,1.0,2.0,0.0,0
PRV53555,11,0,11,3260,296.3636363636364,1600,455.0224769672972,5,2,0.8181818181818182,68.0,2.272727272727273,0.0,50.0,2.2,5.5,0.0,0
PRV53556,31,0,31,11550,372.5806451612903,3300,666.3530982991699,26,1,2.0,63.45161290322581,2.935483870967742,0.0,90.0,1.1923076923076923,31.0,0.0,0
PRV53558,22,0,22,7320,332.72727272727275,3300,717.0321226661083,10,2,0.045454545454545456,69.63636363636364,3.772727272727273,0.0,0.0,2.2,11.0,0.0,0
PRV53559,2,0,2,60,30.0,40,14.142135623730951,2,1,0.0,78.0,3.5,0.0,0.0,1.0,2.0,0.0,0
PRV53560,23,0,23,6960,302.60869565217394,2400,527.8964894345409,21,1,1.2608695652173914,71.78260869565217,2.8260869565217392,0.0,0.0,1.0952380952380953,23.0,0.0,0
PRV53561,9,0,9,5690,632.2222222222222,3300,1124.8419642085037,8,3,0.0,73.55555555555556,2.0,0.0,70.0,1.125,3.0,0.0,0
PRV53562,10,0,10,5890,589.0,3300,1077.6667182183717,10,1,2.7,66.6,3.0,0.0,20.0,1.0,10.0,0.0,0
PRV53563,2,0,2,60,30.0,60,42.42640687119285,2,1,0.0,78.5,2.5,0.0,0.0,1.0,2.0,0.0,0
PRV53564,5,0,5,220,44.0,80,27.018512172212592,4,1,1.0,80.2,2.4,0.0,0.0,1.25,5.0,0.0,0
PRV53565,5,0,5,1910,382.0,1200,493.73069582516337,5,1,0.0,63.8,2.2,0.0,0.0,1.0,5.0,0.0,0
PRV53566,4,0,4,590,147.5,400,168.79474715365603,4,2,0.0,78.25,1.25,0.0,0.0,1.0,2.0,0.0,0
PRV53568,4,0,4,1230,307.5,1000,461.9794367718113,2,2,1.0,60.25,2.5,0.0,0.0,2.0,2.0,0.0,0
PRV53569,14,0,14,3790,270.7142857142857,1600,436.70909672782767,11,6,2.857142857142857,73.57142857142857,2.357142857142857,0.0,0.0,1.2727272727272727,2.3333333333333335,0.0,0
PRV53570,18,0,18,8110,450.55555555555554,2900,879.3076970798054,18,2,1.8888888888888888,68.05555555555556,2.9444444444444446,0.0,10.0,1.0,9.0,0.0,0
PRV53571,26,0,26,2810,108.07692307692308,600,130.4459805672595,25,2,1.2307692307692308,69.53846153846153,2.730769230769231,0.0,0.0,1.04,13.0,0.0,0
PRV53572,5,0,5,1610,322.0,1300,548.1058291972455,5,1,2.2,74.2,1.6,0.0,0.0,1.0,5.0,0.0,0
PRV53573,32,0,32,10830,338.4375,3300,691.9542655733551,27,4,2.125,72.90625,2.34375,0.0,120.0,1.1851851851851851,8.0,0.0,0
PRV53574,17,0,17,2750,161.76470588235293,900,228.72568980433874,14,1,1.8235294117647058,69.52941176470588,2.1176470588235294,0.0,100.0,1.2142857142857142,17.0,0.0,0
PRV53577,11,0,11,2150,195.45454545454547,900,276.1652996436604,11,2,1.0909090909090908,74.54545454545455,2.1818181818181817,0.0,0.0,1.0,5.5,0.0,0
PRV53578,7,0,7,570,81.42857142857143,300,105.42431272854337,6,1,0.0,74.0,3.4285714285714284,0.0,0.0,1.1666666666666667,7.0,0.0,0
PRV53581,11,0,11,990,90.0,200,59.833101206606365,10,1,2.4545454545454546,75.54545454545455,2.8181818181818183,0.0,60.0,1.1,11.0,0.0,0
PRV53582,14,0,14,6920,494.2857142857143,3300,1034.5025879115065,7,1,2.857142857142857,70.92857142857143,2.7857142857142856,0.0,100.0,2.0,14.0,0.0,0
PRV53584,8,0,8,1490,186.25,900,302.2268542478836,6,1,0.0,66.625,2.375,0.0,80.0,1.3333333333333333,8.0,0.0,0
PRV53585,4,0,4,500,125.0,300,117.33143937865361,4,1,0.0,74.75,2.5,0.0,0.0,1.0,4.0,0.0,0
PRV53586,3,0,3,160,53.333333333333336,90,47.258156262526086,3,1,0.3333333333333333,59.333333333333336,3.6666666666666665,0.0,20.0,1.0,3.0,0.0,0
PRV53587,3,0,3,770,256.6666666666667,700,384.75100173142283,3,1,0.0,74.0,2.6666666666666665,0.0,0.0,1.0,3.0,0.0,0
PRV53588,1,0,1,10,10.0,10,0.0,1,1,0.0,54.0,4.0,0.0,0.0,1.0,1.0,0.0,0
PRV53589,2,0,2,500,250.0,300,70.71067811865476,2,1,0.0,61.0,1.0,0.0,0.0,1.0,2.0,0.0,0
PRV53590,19,7,12,98820,5201.0526315789475,53000,12233.382785884078,18,2,1.631578947368421,76.47368421052632,4.052631578947368,0.21052631578947367,7476.0,1.0555555555555556,9.5,0.3684210526315789,0
PRV53591,6,6,0,70000,11666.666666666666,28000,8406.346808612327,6,1,4.0,71.83333333333333,9.0,1.1666666666666667,6408.0,1.0,6.0,1.0,0
PRV53593,17,0,17,5090,299.4117647058824,2800,662.0844978950505,11,4,1.2941176470588236,74.47058823529412,2.7058823529411766,0.0,70.0,1.5454545454545454,4.25,0.0,0
PRV53594,101,0,101,29470,291.7821782178218,3300,552.1401924142165,60,1,1.099009900990099,70.57425742574257,2.5445544554455446,0.0,230.0,1.6833333333333333,101.0,0.0,0
PRV53595,9,0,9,4460,495.55555555555554,2200,778.3012127562039,9,2,4.444444444444445,76.66666666666667,2.111111111111111,0.0,0.0,1.0,4.5,0.0,0
PRV53596,4,0,4,820,205.0,300,132.03534880225573,4,1,1.25,85.5,1.5,0.0,0.0,1.0,4.0,0.0,0
PRV53597,6,6,0,41000,6833.333333333333,17000,5269.408568963567,6,1,5.833333333333333,60.333333333333336,7.5,1.0,6408.0,1.0,6.0,1.0,0
PRV53598,8,8,0,70000,8750.0,15000,5311.712126450916,8,1,3.375,68.125,7.375,0.75,8544.0,1.0,8.0,1.0,0
PRV53599,3,3,0,22000,7333.333333333333,13000,4932.882862316247,3,2,8.0,69.66666666666667,9.0,0.6666666666666666,3204.0,1.0,1.5,1.0,0
PRV53600,1,1,0,4000,4000.0,4000,0.0,1,1,2.0,76.0,10.0,1.0,1068.0,1.0,1.0,1.0,0
PRV53601,2,2,0,6000,3000.0,6000,4242.640687119285,2,1,6.0,65.0,5.5,1.5,2136.0,1.0,2.0,1.0,0
PRV53602,4,4,0,21000,5250.0,7000,1500.0000000000002,4,2,3.0,78.0,9.5,0.75,4272.0,1.0,2.0,1.0,0
PRV53604,6,6,0,51000,8500.0,16000,5394.441583704471,5,2,6.333333333333333,68.16666666666667,7.0,0.3333333333333333,6408.0,1.2,3.0,1.0,0
PRV53605,55,0,55,7250,131.8181818181818,1500,265.39342500082785,55,29,1.6363636363636365,72.23636363636363,2.272727272727273,0.0,10.0,1.0,1.896551724137931,0.0,0
PRV53606,76,0,76,11750,154.60526315789474,2100,332.9842470326935,74,37,1.1842105263157894,73.55263157894737,2.4210526315789473,0.0,110.0,1.027027027027027,2.054054054054054,0.0,0
PRV53607,26,0,26,8290,318.84615384615387,2300,596.833825603589,26,17,2.6538461538461537,69.15384615384616,3.3461538461538463,0.0,150.0,1.0,1.5294117647058822,0.0,0
PRV53608,199,0,199,50290,252.71356783919597,3300,538.5836957616119,176,86,0.9095477386934674,72.46231155778895,2.7889447236180906,0.0,610.0,1.1306818181818181,2.313953488372093,0.0,0
PRV53609,183,2,181,60050,328.14207650273227,6000,723.2921084934159,176,45,1.8907103825136613,73.32786885245902,2.699453551912568,0.00546448087431694,2436.0,1.0397727272727273,4.066666666666666,0.01092896174863388,0
PRV53611,36,0,36,14410,400.27777777777777,2400,623.4076222601577,36,14,1.6944444444444444,70.33333333333333,2.8333333333333335,0.0,190.0,1.0,2.5714285714285716,0.0,0
PRV53612,46,6,40,31180,677.8260869565217,8000,1743.935412977694,46,13,0.6304347826086957,74.93478260869566,3.0217391304347827,0.10869565217391304,6438.0,1.0,3.5384615384615383,0.13043478260869565,0
PRV53613,135,15,120,168350,1247.037037037037,21000,3578.3985149021396,127,38,1.762962962962963,73.5925925925926,3.1259259259259258,0.08888888888888889,16160.0,1.062992125984252,3.5526315789473686,0.1111111111111111,0
PRV53614,118,0,118,25710,217.88135593220338,1900,358.96301667683747,104,32,2.2711864406779663,75.80508474576271,2.364406779661017,0.0,480.0,1.1346153846153846,3.6875,0.0,0
PRV53616,44,2,42,34970,794.7727272727273,23000,3487.4509173082633,41,26,2.1363636363636362,73.38636363636364,2.9318181818181817,0.022727272727272728,2336.0,1.0731707317073171,1.6923076923076923,0.045454545454545456,0
PRV53617,83,0,83,33480,403.3734939759036,3300,756.4104530182037,70,39,1.1204819277108433,73.4578313253012,2.855421686746988,0.0,370.0,1.1857142857142857,2.128205128205128,0.0,0
PRV53618,236,12,224,115660,490.08474576271186,11000,1337.137619717653,203,81,1.8601694915254237,71.72033898305085,3.059322033898305,0.0211864406779661,13086.0,1.1625615763546797,2.9135802469135803,0.05084745762711865,0
PRV53619,2,0,2,560,280.0,500,311.1269837220809,2,2,2.0,60.0,1.5,0.0,0.0,1.0,1.0,0.0,0
PRV53620,128,6,122,82850,647.265625,10000,1539.941053603298,122,43,1.6875,73.1328125,3.140625,0.03125,6938.0,1.0491803278688525,2.9767441860465116,0.046875,0
PRV53621,81,0,81,22500,277.77777777777777,2900,502.5261187241913,75,21,1.5308641975308641,73.09876543209876,3.2222222222222223,0.0,180.0,1.08,3.857142857142857,0.0,0
PRV53622,6,0,6,460,76.66666666666667,300,109.8483803552272,6,5,0.0,70.83333333333333,1.0,0.0,0.0,1.0,1.2,0.0,0
PRV53623,894,0,894,245450,274.5525727069351,14030,794.9848196125677,395,7,0.9194630872483222,72.88926174496645,2.5659955257270695,0.0,2720.0,2.2632911392405064,127.71428571428571,0.0,1
PRV53624,143,0,143,40790,285.24475524475525,3300,548.4483004482302,140,80,1.3076923076923077,74.22377622377623,2.5104895104895104,0.0,310.0,1.0214285714285714,1.7875,0.0,0
PRV53625,147,0,147,44210,300.7482993197279,3300,583.189257604634,128,54,1.7210884353741496,73.72108843537416,2.3469387755102042,0.0,410.0,1.1484375,2.7222222222222223,0.0,0
PRV53626,13,1,12,10560,812.3076923076923,3300,1368.2236284452545,13,8,1.9230769230769231,76.23076923076923,3.1538461538461537,0.0,1068.0,1.0,1.625,0.07692307692307693,0
PRV53627,118,0,118,32390,274.49152542372883,3300,534.2165722639216,56,1,1.4915254237288136,71.02542372881356,2.347457627118644,0.0,80.0,2.107142857142857,118.0,0.0,0
PRV53628,202,4,198,82780,409.8019801980198,13000,1081.6603049568946,178,40,1.4653465346534653,73.57920792079207,2.623762376237624,0.034653465346534656,4662.0,1.1348314606741574,5.05,0.019801980198019802,0
PRV53629,15,0,15,3950,263.3333333333333,1600,407.0217029430577,15,10,0.13333333333333333,76.2,2.466666666666667,0.0,90.0,1.0,1.5,0.0,0
PRV53631,6,0,6,470,78.33333333333333,200,64.31692364119,6,2,0.0,75.33333333333333,2.1666666666666665,0.0,0.0,1.0,3.0,0.0,0
PRV53632,15,2,13,14380,958.6666666666666,5000,1497.1681204702365,12,9,4.4,77.06666666666666,3.2,0.06666666666666667,2136.0,1.25,1.6666666666666667,0.13333333333333333,0
PRV53633,66,0,66,18010,272.8787878787879,3300,518.8204525697324,48,10,1.696969696969697,76.37878787878788,2.9545454545454546,0.0,500.0,1.375,6.6,0.0,0
PRV53634,497,0,497,145400,292.55533199195173,3300,600.627452041536,286,2,1.2937625754527162,74.65392354124748,2.507042253521127,0.0,930.0,1.7377622377622377,248.5,0.0,0
PRV53635,54,5,49,90660,1678.888888888889,54000,7545.7539395161375,52,10,1.5185185185185186,70.0925925925926,2.888888888888889,0.09259259259259259,5540.0,1.0384615384615385,5.4,0.09259259259259259,0
PRV53638,111,0,111,38040,342.7027027027027,3300,656.418583120067,54,11,1.8018018018018018,70.01801801801801,2.873873873873874,0.0,140.0,2.0555555555555554,10.090909090909092,0.0,0
PRV53640,33,0,33,5660,171.5151515151515,800,204.87986132306315,27,20,1.2727272727272727,72.51515151515152,2.606060606060606,0.0,160.0,1.2222222222222223,1.65,0.0,0
PRV53641,8,0,8,2140,267.5,1700,581.7400008349337,8,1,2.75,67.375,2.75,0.0,0.0,1.0,8.0,0.0,0
PRV53642,6,0,6,3270,545.0,1700,695.751392380928,6,1,1.3333333333333333,73.16666666666667,2.0,0.0,70.0,1.0,6.0,0.0,0
PRV53643,1,0,1,200,200.0,200,0.0,1,1,0.0,69.0,2.0,0.0,0.0,1.0,1.0,0.0,0
PRV53644,22,0,22,4640,210.9090909090909,1100,284.63692982145136,17,3,0.7727272727272727,79.27272727272727,3.0,0.0,80.0,1.2941176470588236,7.333333333333333,0.0,0
PRV53645,6,0,6,3600,600.0,2500,991.1407569058998,6,2,0.6666666666666666,72.66666666666667,2.8333333333333335,0.0,0.0,1.0,3.0,0.0,0
PRV53646,3,0,3,20,6.666666666666667,10,5.773502691896257,3,1,0.3333333333333333,79.33333333333333,3.0,0.0,0.0,1.0,3.0,0.0,0
PRV53647,7,0,7,610,87.14285714285714,400,140.4414807804643,5,2,0.0,80.71428571428571,2.5714285714285716,0.0,0.0,1.4,3.5,0.0,0
PRV53648,20,0,20,10540,527.0,6200,1379.9774979096007,12,4,0.0,81.25,1.9,0.0,70.0,1.6666666666666667,5.0,0.0,0
PRV53649,27,0,27,4770,176.66666666666666,2200,417.87005709357135,24,1,1.6296296296296295,72.70370370370371,2.111111111111111,0.0,190.0,1.125,27.0,0.0,0
PRV53651,11,0,11,900,81.81818181818181,300,92.50061424857478,10,2,0.0,72.0,3.0,0.0,120.0,1.1,5.5,0.0,0
PRV53652,25,0,25,3640,145.6,2300,455.5864352677766,24,1,0.0,72.04,2.76,0.0,0.0,1.0416666666666667,25.0,0.0,0
PRV53654,39,0,39,12040,308.71794871794873,3300,727.4836930246163,35,1,0.8717948717948718,79.2051282051282,2.769230769230769,0.0,100.0,1.1142857142857143,39.0,0.0,0
PRV53655,1,0,1,20,20.0,20,0.0,1,1,0.0,68.0,4.0,0.0,0.0,1.0,1.0,0.0,0
PRV53656,5,0,5,1150,230.0,400,130.38404810405297,5,1,0.0,66.8,1.8,0.0,80.0,1.0,5.0,0.0,0
PRV53657,25,0,25,2850,114.0,800,169.28772351630622,24,1,1.4,70.04,2.48,0.0,50.0,1.0416666666666667,25.0,0.0,0
PRV53658,27,0,27,3810,141.11111111111111,1700,345.8026708680648,22,2,0.8888888888888888,74.70370370370371,2.740740740740741,0.0,0.0,1.2272727272727273,13.5,0.0,0
PRV53659,5,0,5,680,136.0,500,205.621010599598,5,2,0.0,77.2,2.6,0.0,0.0,1.0,2.5,0.0,0
PRV53660,35,0,35,5970,170.57142857142858,1200,244.40736073856957,34,5,0.6285714285714286,78.71428571428571,2.1714285714285713,0.0,350.0,1.0294117647058822,7.0,0.0,0
PRV53661,1,0,1,200,200.0,200,0.0,1,1,0.0,79.0,1.0,0.0,0.0,1.0,1.0,0.0,0
PRV53662,331,0,331,86030,259.9093655589124,3300,539.207323035445,140,6,1.43202416918429,71.6797583081571,2.7371601208459215,0.0,640.0,2.3642857142857143,55.166666666666664,0.0,0
PRV53663,76,0,76,19810,260.6578947368421,3300,578.9123952754067,55,3,0.8421052631578947,68.59210526315789,2.9078947368421053,0.0,120.0,1.3818181818181818,25.333333333333332,0.0,0
PRV53664,132,0,132,59730,452.5,3300,811.7048075849303,85,8,2.8333333333333335,73.45454545454545,2.909090909090909,0.0,20.0,1.5529411764705883,16.5,0.0,0
PRV53665,65,0,65,16330,251.23076923076923,2300,439.9698416237885,36,2,1.353846153846154,74.06153846153846,2.723076923076923,0.0,120.0,1.8055555555555556,32.5,0.0,0
PRV53666,20,0,20,3510,175.5,1600,355.060780564028,19,2,2.5,74.95,3.2,0.0,0.0,1.0526315789473684,10.0,0.0,0
PRV53667,9,9,0,155000,17222.222222222223,99000,30999.10392970165,8,3,3.0,69.88888888888889,7.555555555555555,0.7777777777777778,9612.0,1.125,3.0,1.0,0
PRV53668,16,16,0,141200,8825.0,31000,7505.331438384316,16,6,4.625,65.8125,8.1875,0.5625,17088.0,1.0,2.6666666666666665,1.0,1
PRV53669,13,0,13,4250,326.9230769230769,1200,374.41920836108767,13,11,2.076923076923077,72.07692307692308,3.4615384615384617,0.0,10.0,1.0,1.1818181818181819,0.0,0
PRV53670,1173,0,1173,322450,274.89343563512364,5600,562.1163930334536,788,16,1.4015345268542199,74.57630008525149,2.6172208013640237,0.0,3360.0,1.4885786802030456,73.3125,0.0,1
PRV53671,55,31,24,253590,4610.727272727273,25000,5815.588201372767,46,19,2.8,75.34545454545454,5.218181818181818,0.4727272727272727,32050.0,1.1956521739130435,2.8947368421052633,0.5636363636363636,1
PRV53672,487,0,487,142060,291.7043121149897,3300,577.7465900075205,377,9,1.3285420944558521,73.99589322381931,2.517453798767967,0.0,990.0,1.2917771883289124,54.111111111111114,0.0,0
PRV53673,36,14,22,181630,5045.277777777777,27000,8049.599630189643,36,12,3.5,73.47222222222223,4.333333333333333,0.3055555555555556,15052.0,1.0,3.0,0.3888888888888889,0
PRV53674,496,0,496,153530,309.53629032258067,14500,855.617909327031,384,12,1.2358870967741935,75.59072580645162,2.6028225806451615,0.0,1590.0,1.2916666666666667,41.333333333333336,0.0,0
PRV53675,297,76,221,747680,2517.4410774410776,57000,5785.980100820492,276,90,2.542087542087542,73.92255892255892,4.026936026936027,0.18181818181818182,79662.0,1.076086956521739,3.3,0.2558922558922559,0
PRV53676,471,0,471,167540,355.71125265392783,3300,684.2541159328019,374,1,1.454352441613588,75.06794055201699,2.5902335456475583,0.0,1040.0,1.2593582887700534,471.0,0.0,0
PRV53677,562,63,499,773150,1375.711743772242,57000,4650.383375088398,172,37,1.6192170818505338,75.72064056939502,3.1281138790035588,0.09252669039145907,66188.0,3.2674418604651163,15.18918918918919,0.11209964412811388,1
PRV53678,3,0,3,120,40.0,90,43.58898943540674,3,1,0.0,74.66666666666667,1.3333333333333333,0.0,0.0,1.0,3.0,0.0,0
PRV53679,826,0,826,283020,342.6392251815981,4400,673.7891464888604,667,11,1.3329297820823245,74.60048426150121,2.570217917675545,0.0,2470.0,1.2383808095952025,75.0909090909091,0.0,0
PRV53680,27,0,27,7890,292.22222222222223,2200,524.0767217272775,25,21,1.7407407407407407,75.44444444444444,2.3703703703703702,0.0,20.0,1.08,1.2857142857142858,0.0,0
PRV53681,31,0,31,9970,321.61290322580646,3300,643.7602906579101,26,25,2.5483870967741935,75.38709677419355,3.064516129032258,0.0,70.0,1.1923076923076923,1.24,0.0,0
PRV53682,365,0,365,99570,272.7945205479452,3300,503.01549358153983,130,5,1.8273972602739725,75.91506849315068,2.6,0.0,1350.0,2.8076923076923075,73.0,0.0,0
PRV53683,9,2,7,37300,4144.444444444444,24000,8266.102635328078,8,8,1.7777777777777777,74.22222222222223,3.5555555555555554,0.5555555555555556,2136.0,1.125,1.125,0.2222222222222222,0
PRV53684,4,0,4,2570,642.5,2400,1172.0743719292445,4,2,1.25,72.25,2.25,0.0,0.0,1.0,2.0,0.0,0
PRV53685,45,0,45,17770,394.8888888888889,3300,868.401410697271,29,19,1.8888888888888888,73.93333333333334,2.6,0.0,50.0,1.5517241379310345,2.3684210526315788,0.0,0
PRV53686,292,0,292,78140,267.6027397260274,3300,574.7120059228954,232,3,1.2431506849315068,74.82191780821918,2.8321917808219177,0.0,930.0,1.2586206896551724,97.33333333333333,0.0,0
PRV53688,17,0,17,3440,202.35294117647058,1000,231.50403375980045,15,12,1.2352941176470589,69.82352941176471,2.0588235294117645,0.0,100.0,1.1333333333333333,1.4166666666666667,0.0,0
PRV53689,561,0,561,178130,317.5222816399287,3300,622.9690659189491,383,7,1.6559714795008913,75.11051693404634,2.522281639928699,0.0,2090.0,1.4647519582245432,80.14285714285714,0.0,0
PRV53690,11,0,11,1690,153.63636363636363,900,260.24114691081144,9,11,0.0,73.45454545454545,1.3636363636363635,0.0,0.0,1.2222222222222223,1.0,0.0,0
PRV53692,244,146,98,1397600,5727.868852459016,57000,8200.142348408954,216,44,3.987704918032787,74.0327868852459,6.0,0.430327868852459,147754.0,1.1296296296296295,5.545454545454546,0.5983606557377049,1
PRV53694,61,0,61,14560,238.68852459016392,3300,515.4172271400976,61,39,1.5573770491803278,75.49180327868852,2.639344262295082,0.0,300.0,1.0,1.564102564102564,0.0,0
PRV53695,116,0,116,32120,276.8965517241379,3300,508.00789756460085,78,16,1.6551724137931034,73.30172413793103,2.8189655172413794,0.0,660.0,1.4871794871794872,7.25,0.0,0
PRV53696,15,0,15,4830,322.0,2100,532.5705855296823,15,13,2.0,67.66666666666667,2.6,0.0,100.0,1.0,1.1538461538461537,0.0,0
PRV53697,114,71,43,879270,7712.894736842105,72000,11762.328025220702,100,37,3.7982456140350878,74.07894736842105,5.87719298245614,0.43859649122807015,75828.0,1.14,3.081081081081081,0.6228070175438597,0
PRV53698,77,0,77,30550,396.75324675324674,3300,768.9713593298408,72,36,2.6103896103896105,75.7012987012987,2.4545454545454546,0.0,240.0,1.0694444444444444,2.138888888888889,0.0,0
PRV53699,361,2,359,130970,362.797783933518,10000,893.5594773436355,280,7,1.332409972299169,74.79501385041551,2.623268698060942,0.002770083102493075,2926.0,1.2892857142857144,51.57142857142857,0.00554016620498615,0
PRV53700,913,0,913,220320,241.31434830230012,3300,475.72961367901115,454,1,1.11829134720701,75.37130339539978,2.5454545454545454,0.0,2180.0,2.011013215859031,913.0,0.0,0
PRV53701,6,0,6,2270,378.3333333333333,1300,498.735066610186,6,5,3.3333333333333335,74.83333333333333,3.8333333333333335,0.0,80.0,1.0,1.2,0.0,0
PRV53702,1010,0,1010,289070,286.2079207920792,3300,571.2294187947296,729,7,1.4722772277227723,74.82673267326733,2.5762376237623763,0.0,3070.0,1.3854595336076818,144.28571428571428,0.0,0
PRV53703,39,0,39,6160,157.94871794871796,1300,253.34789360814014,39,30,0.38461538461538464,75.53846153846153,2.641025641025641,0.0,0.0,1.0,1.3,0.0,0
PRV53704,15,0,15,2950,196.66666666666666,1000,297.72150617329487,15,8,2.2,76.13333333333334,3.3333333333333335,0.0,0.0,1.0,1.875,0.0,0
PRV53705,57,4,53,48420,849.4736842105264,17000,2640.051014829497,57,31,1.2456140350877194,75.94736842105263,2.6491228070175437,0.05263157894736842,4302.0,1.0,1.8387096774193548,0.07017543859649122,0
PRV53706,473,282,191,2831940,5987.188160676533,119000,10588.391805061174,445,109,4.031712473572939,74.86680761099366,5.80338266384778,0.4418604651162791,297474.0,1.0629213483146067,4.339449541284404,0.5961945031712473,1
PRV53708,53,0,53,20820,392.8301886792453,3300,730.2406804463923,36,27,2.0754716981132075,74.84905660377359,2.4716981132075473,0.0,100.0,1.4722222222222223,1.962962962962963,0.0,0
PRV53709,99,0,99,25310,255.65656565656565,3300,514.5339908966996,91,2,1.5151515151515151,75.47474747474747,2.484848484848485,0.0,400.0,1.0879120879120878,49.5,0.0,0
PRV53710,385,58,327,615000,1597.4025974025974,47000,4370.525629440627,255,30,1.9766233766233767,75.03896103896103,3.3558441558441556,0.11688311688311688,62336.0,1.5098039215686274,12.833333333333334,0.15064935064935064,0
PRV53712,237,161,76,1882420,7942.700421940928,57000,10645.689839946832,203,48,4.9451476793248945,74.07594936708861,6.2405063291139244,0.5485232067510548,171100.0,1.167487684729064,4.9375,0.679324894514768,1
PRV53713,31,0,31,4340,140.0,500,150.55453054181618,28,18,0.7741935483870968,73.41935483870968,2.935483870967742,0.0,170.0,1.1071428571428572,1.7222222222222223,0.0,0
PRV53714,144,0,144,44310,307.7083333333333,3300,614.2500330865706,68,1,0.6736111111111112,73.61805555555556,2.4375,0.0,270.0,2.1176470588235294,144.0,0.0,0
PRV53715,24,0,24,7140,297.5,3200,643.6191825714279,21,3,1.0416666666666667,67.79166666666667,2.6666666666666665,0.0,30.0,1.1428571428571428,8.0,0.0,0
PRV53716,33,0,33,7400,224.24242424242425,3100,547.871051794069,30,3,1.0909090909090908,69.03030303030303,2.5757575757575757,0.0,170.0,1.1,11.0,0.0,0
PRV53717,61,0,61,17940,294.0983606557377,2500,583.2820274080693,37,2,2.622950819672131,73.18032786885246,2.737704918032787,0.0,0.0,1.6486486486486487,30.5,0.0,0
PRV53718,1,0,1,200,200.0,200,0.0,1,1,0.0,72.0,2.0,0.0,0.0,1.0,1.0,0.0,0
PRV53719,5,0,5,770,154.0,600,249.85996077803262,5,1,0.2,66.2,2.6,0.0,0.0,1.0,5.0,0.0,0
PRV53720,55,0,55,13700,249.0909090909091,3300,553.1334067443095,51,1,1.709090909090909,69.76363636363637,2.909090909090909,0.0,450.0,1.0784313725490196,55.0,0.0,0
PRV53721,5,0,5,2560,512.0,1600,689.1806729733503,5,2,0.0,67.8,1.4,0.0,0.0,1.0,2.5,0.0,0
PRV53722,6,0,6,1000,166.66666666666666,400,148.41383583300671,6,3,0.0,72.83333333333333,2.6666666666666665,0.0,0.0,1.0,2.0,0.0,0
PRV53723,6,0,6,3900,650.0,3300,1300.0,6,3,0.0,80.83333333333333,2.8333333333333335,0.0,0.0,1.0,2.0,0.0,0
PRV53724,2,0,2,120,60.0,70,14.142135623730951,2,2,10.0,81.0,2.0,0.0,0.0,1.0,1.0,0.0,0
PRV53725,1,0,1,0,0.0,0,0.0,1,1,0.0,81.0,3.0,0.0,0.0,1.0,1.0,0.0,0
PRV53726,16,0,16,3710,231.875,2100,523.4274066191032,12,2,0.5,74.9375,1.875,0.0,0.0,1.3333333333333333,8.0,0.0,0
PRV53727,20,0,20,7230,361.5,2400,667.7320215712131,17,3,4.05,72.1,2.95,0.0,10.0,1.1764705882352942,6.666666666666667,0.0,0
PRV53728,14,0,14,3480,248.57142857142858,1400,437.1737402004827,14,2,0.0,71.64285714285714,2.5714285714285716,0.0,0.0,1.0,7.0,0.0,0
PRV53729,3,0,3,1900,633.3333333333334,1800,1010.8082574520913,3,2,0.0,83.33333333333333,5.0,0.0,0.0,1.0,1.5,0.0,0
PRV53730,2,0,2,230,115.0,200,120.20815280171308,2,1,0.0,97.5,1.0,0.0,0.0,1.0,2.0,0.0,0
PRV53731,4,0,4,2660,665.0,2500,1223.4514021134364,4,2,0.0,75.75,2.25,0.0,0.0,1.0,2.0,0.0,0
PRV53732,15,0,15,3150,210.0,900,259.0642501664128,15,1,0.8666666666666667,75.6,2.6,0.0,40.0,1.0,15.0,0.0,0
PRV53733,20,0,20,6430,321.5,2200,670.8460879249507,19,1,1.05,73.9,2.65,0.0,20.0,1.0526315789473684,20.0,0.0,0
PRV53734,1,0,1,20,20.0,20,0.0,1,1,0.0,61.0,4.0,0.0,0.0,1.0,1.0,0.0,0
PRV53735,3,0,3,810,270.0,310,60.8276253029822,3,2,0.0,66.33333333333333,2.3333333333333335,0.0,0.0,1.0,1.5,0.0,0
PRV53740,47,0,47,12140,258.29787234042556,1900,421.14914815938386,29,2,1.9148936170212767,71.0,2.765957446808511,0.0,500.0,1.6206896551724137,23.5,0.0,0
PRV53741,7,0,7,2390,341.42857142857144,1700,623.4962863142163,7,4,2.857142857142857,76.71428571428571,3.0,0.0,0.0,1.0,1.75,0.0,0
PRV53743,31,0,31,14140,456.1290322580645,3300,853.4739887438665,31,9,1.2258064516129032,70.6774193548387,2.129032258064516,0.0,120.0,1.0,3.4444444444444446,0.0,0
PRV53745,23,0,23,3760,163.47826086956522,700,183.49160732980218,20,7,2.8260869565217392,76.30434782608695,2.1739130434782608,0.0,80.0,1.15,3.2857142857142856,0.0,0
PRV53746,6,6,0,35000,5833.333333333333,10000,3656.0452221856704,6,1,3.8333333333333335,73.16666666666667,6.833333333333333,1.0,6408.0,1.0,6.0,1.0,0
PRV53749,69,24,45,241350,3497.8260869565215,32000,6126.312553136775,64,24,2.347826086956522,74.23188405797102,4.36231884057971,0.17391304347826086,24564.0,1.078125,2.875,0.34782608695652173,1
PRV53750,1245,1,1244,353470,283.9116465863454,7000,594.8786321954288,380,23,1.4923694779116465,73.98232931726908,2.565461847389558,0.0008032128514056225,3278.0,3.276315789473684,54.130434782608695,0.0008032128514056225,0
PRV53751,22,0,22,9070,412.27272727272725,3100,860.940415051122,22,11,1.2272727272727273,71.54545454545455,2.6818181818181817,0.0,0.0,1.0,2.0,0.0,0
PRV53752,35,0,35,11840,338.2857142857143,2600,624.1723259140657,34,22,1.9142857142857144,76.0,2.8,0.0,200.0,1.0294117647058822,1.5909090909090908,0.0,0
PRV53754,9,0,9,2530,281.1111111111111,1800,577.7855234523544,9,7,2.2222222222222223,76.88888888888889,4.222222222222222,0.0,0.0,1.0,1.2857142857142858,0.0,0
PRV53755,20,0,20,2050,102.5,400,108.23342221426118,20,9,0.8,73.0,3.4,0.0,210.0,1.0,2.2222222222222223,0.0,0
PRV53756,59,0,59,18210,308.64406779661016,3300,689.1835690276217,59,21,1.3728813559322033,70.83050847457628,2.23728813559322,0.0,80.0,1.0,2.8095238095238093,0.0,0
PRV53757,56,1,55,37230,664.8214285714286,23000,3077.050530545845,54,20,2.8035714285714284,73.57142857142857,2.9285714285714284,0.017857142857142856,1068.0,1.037037037037037,2.8,0.017857142857142856,0
PRV53759,56,0,56,12020,214.64285714285714,3200,520.5729860127528,52,28,1.8392857142857142,75.28571428571429,3.0,0.0,130.0,1.0769230769230769,2.0,0.0,0
PRV53761,38,0,38,9980,262.63157894736844,3000,570.972069229908,38,25,1.1842105263157894,70.10526315789474,3.0,0.0,250.0,1.0,1.52,0.0,0
PRV53762,618,84,534,1082730,1751.990291262136,112000,6323.88426837304,557,95,1.9514563106796117,74.07928802588997,3.428802588996764,0.10032362459546926,89076.0,1.1095152603231597,6.505263157894737,0.13592233009708737,1
PRV53763,58,58,0,739000,12741.379310344828,57000,10798.895890325583,57,1,5.4655172413793105,73.5,7.982758620689655,0.8620689655172413,59808.0,1.0175438596491229,58.0,1.0,1
PRV53764,39,1,38,12390,317.6923076923077,2000,510.23968329889385,38,26,1.4102564102564104,74.53846153846153,2.5641025641025643,0.0,1128.0,1.0263157894736843,1.5,0.02564102564102564,0
PRV53765,67,0,67,25080,374.32835820895525,3300,815.642940077813,66,19,1.1791044776119404,74.38805970149254,2.656716417910448,0.0,90.0,1.0151515151515151,3.526315789473684,0.0,0
PRV53766,30,0,30,4860,162.0,1200,236.92571220415965,29,21,0.2,73.96666666666667,2.566666666666667,0.0,100.0,1.0344827586206897,1.4285714285714286,0.0,0
PRV53767,18,0,18,4130,229.44444444444446,2400,556.3798133757426,18,8,2.2222222222222223,76.27777777777777,2.1666666666666665,0.0,140.0,1.0,2.25,0.0,0
PRV53768,62,5,57,37180,599.6774193548387,6000,1283.766190527221,59,35,1.6129032258064515,69.24193548387096,3.032258064516129,0.016129032258064516,4602.0,1.0508474576271187,1.7714285714285714,0.08064516129032258,0
PRV53769,377,132,245,1685180,4469.9734748010615,73000,10244.383632504827,354,156,3.3448275862068964,73.37931034482759,4.517241379310345,0.2546419098143236,138582.0,1.0649717514124293,2.4166666666666665,0.35013262599469497,1
PRV53770,253,77,176,849520,3357.786561264822,47000,6820.806916048073,239,86,2.675889328063241,74.27272727272727,4.407114624505929,0.22134387351778656,81518.0,1.0585774058577406,2.941860465116279,0.30434782608695654,0
PRV53771,51,0,51,21610,423.72549019607845,3300,733.678296760409,50,25,1.0980392156862746,69.2156862745098,2.4313725490196076,0.0,100.0,1.02,2.04,0.0,0
PRV53772,22,0,22,5410,245.9090909090909,1300,289.24629628297737,22,13,0.13636363636363635,75.18181818181819,2.6818181818181817,0.0,0.0,1.0,1.6923076923076923,0.0,0
PRV53773,567,0,567,175830,310.1058201058201,5000,597.5071796821522,531,196,1.3368606701940036,73.79717813051147,2.687830687830688,0.0,1700.0,1.0677966101694916,2.892857142857143,0.0,0
PRV53774,224,50,174,589370,2631.1160714285716,57000,6906.5102260231315,206,75,2.830357142857143,74.79910714285714,3.6607142857142856,0.16517857142857142,51824.0,1.087378640776699,2.986666666666667,0.22321428571428573,0
PRV53775,47,2,45,31170,663.1914893617021,11000,1683.3792442364238,45,26,0.574468085106383,75.93617021276596,3.6595744680851063,0.02127659574468085,2416.0,1.0444444444444445,1.8076923076923077,0.0425531914893617,0
PRV53776,200,47,153,571960,2859.8,73000,8086.754537808963,191,83,2.185,74.295,3.925,0.185,50736.0,1.0471204188481675,2.4096385542168677,0.235,1
PRV53779,49,0,49,12430,253.6734693877551,2900,494.19839925188876,48,27,2.326530612244898,70.40816326530613,2.857142857142857,0.0,100.0,1.0208333333333333,1.8148148148148149,0.0,0
PRV53780,26,0,26,5080,195.3846153846154,1600,359.4243260463128,26,16,1.1153846153846154,73.8076923076923,2.9615384615384617,0.0,0.0,1.0,1.625,0.0,0
PRV53781,393,79,314,963190,2450.8651399491096,73000,7111.010667901664,371,223,2.4376590330788805,73.40458015267176,3.8600508905852418,0.1450381679389313,85292.0,1.059299191374663,1.7623318385650224,0.2010178117048346,1
PRV53782,53,0,53,17820,336.22641509433964,2800,614.636310271537,39,18,1.2264150943396226,71.0377358490566,2.7547169811320753,0.0,0.0,1.358974358974359,2.9444444444444446,0.0,0
PRV53783,30,0,30,6640,221.33333333333334,3300,592.6721099267767,30,24,1.5333333333333334,70.63333333333334,2.8666666666666667,0.0,0.0,1.0,1.25,0.0,0
PRV53784,41,0,41,5870,143.17073170731706,1100,225.4377854796113,38,28,1.1219512195121952,75.1219512195122,3.0,0.0,210.0,1.0789473684210527,1.4642857142857142,0.0,0
PRV53785,129,0,129,54580,423.1007751937984,3300,825.4901938106348,124,76,0.8604651162790697,75.37209302325581,2.3488372093023258,0.0,400.0,1.0403225806451613,1.6973684210526316,0.0,0
PRV53786,1382,36,1346,715760,517.9160636758321,28000,1944.792262167296,538,14,1.4167872648335744,73.32561505065124,2.6657018813314037,0.01808972503617945,42308.0,2.5687732342007434,98.71428571428571,0.02604920405209841,1
PRV53787,74,32,42,303480,4101.081081081081,22000,5378.871034870994,74,29,2.8378378378378377,70.60810810810811,5.121621621621622,0.40540540540540543,34176.0,1.0,2.5517241379310347,0.43243243243243246,1
PRV53788,18,0,18,3500,194.44444444444446,900,246.51028429142244,18,10,0.7777777777777778,73.72222222222223,3.3333333333333335,0.0,0.0,1.0,1.8,0.0,0
PRV53790,493,44,449,642230,1302.6977687626775,57000,4893.835161230899,470,241,2.101419878296146,73.01419878296146,3.0912778904665315,0.06288032454361055,48062.0,1.048936170212766,2.045643153526971,0.08924949290060852,1
PRV53791,92,6,86,62190,675.9782608695652,15000,2161.9070030026983,90,29,1.5,73.66304347826087,3.217391304347826,0.05434782608695652,6728.0,1.0222222222222221,3.1724137931034484,0.06521739130434782,0
PRV53792,53,33,20,272510,5141.698113207547,34000,6769.147127237572,52,20,3.792452830188679,71.90566037735849,6.320754716981132,0.33962264150943394,35294.0,1.0192307692307692,2.65,0.6226415094339622,1
PRV53793,45,0,45,25700,571.1111111111111,9200,1534.4013079169913,37,27,2.2444444444444445,75.95555555555555,3.022222222222222,0.0,40.0,1.2162162162162162,1.6666666666666667,0.0,0
PRV53794,167,0,167,47640,285.2694610778443,3300,617.9472570498963,160,92,1.0,73.31137724550898,2.6167664670658684,0.0,530.0,1.04375,1.815217391304348,0.0,0
PRV53796,28,0,28,5960,212.85714285714286,1300,347.14557884272824,27,14,1.6071428571428572,65.21428571428571,2.5357142857142856,0.0,100.0,1.037037037037037,2.0,0.0,0
PRV53797,4739,0,4739,1303600,275.0791306182739,16100,667.8700551601136,2020,6,1.2357037349651825,73.48512344376451,2.5944292044735175,0.00042202996412745304,14020.0,2.346039603960396,789.8333333333334,0.0,1
PRV53798,38,0,38,15620,411.05263157894734,3300,719.7363987193758,38,16,0.05263157894736842,72.94736842105263,3.3157894736842106,0.0,0.0,1.0,2.375,0.0,0
PRV53799,753,14,739,306440,406.95883134130145,36000,1610.1819210206056,676,264,1.4223107569721116,74.22310756972112,2.731739707835325,0.010624169986719787,17702.0,1.113905325443787,2.852272727272727,0.01859229747675963,0
PRV53801,59,0,59,26260,445.08474576271186,3300,729.788285032168,58,38,0.4915254237288136,74.20338983050847,2.7288135593220337,0.0,140.0,1.0172413793103448,1.5526315789473684,0.0,0
PRV53802,80,46,34,459870,5748.375,37000,7447.648077273215,76,29,3.9625,70.9,6.05,0.45,47152.0,1.0526315789473684,2.7586206896551726,0.575,0
PRV53805,70,0,70,22520,321.7142857142857,3300,679.3218515945371,69,37,0.5857142857142857,71.05714285714286,2.6285714285714286,0.0,140.0,1.0144927536231885,1.8918918918918919,0.0,0
PRV53806,173,0,173,50270,290.5780346820809,3100,496.73317785289515,161,46,2.2716763005780347,72.28901734104046,2.520231213872832,0.0,550.0,1.0745341614906831,3.760869565217391,0.0,0
PRV53807,158,36,122,375030,2373.6075949367087,42000,5482.772814041068,155,78,1.981012658227848,73.77848101265823,3.892405063291139,0.17721518987341772,38728.0,1.0193548387096774,2.0256410256410255,0.22784810126582278,0
PRV53808,493,195,298,1927250,3909.2292089249495,57000,6810.367978773218,468,145,3.1419878296146044,73.88235294117646,4.594320486815416,0.2718052738336714,208122.0,1.0534188034188035,3.4,0.39553752535496955,1
PRV53812,2,0,2,260,130.0,200,98.99494936611666,2,2,0.0,82.0,2.5,0.0,0.0,1.0,1.0,0.0,0
PRV53814,53,3,50,30040,566.7924528301887,9000,1522.4193468404994,52,8,1.3584905660377358,76.84905660377359,3.169811320754717,0.03773584905660377,3244.0,1.0192307692307692,6.625,0.05660377358490566,0
PRV53815,11,0,11,1800,163.63636363636363,900,254.80473807497094,11,2,0.0,71.9090909090909,2.4545454545454546,0.0,0.0,1.0,5.5,0.0,0
PRV53816,194,0,194,57210,294.89690721649487,3300,603.9423502072071,177,2,1.4381443298969072,73.08762886597938,2.6391752577319587,0.0,960.0,1.0960451977401129,97.0,0.0,0
PRV53817,21,0,21,5180,246.66666666666666,1200,320.9257442670085,21,2,1.8095238095238095,75.0,1.6666666666666667,0.0,0.0,1.0,10.5,0.0,0
PRV53818,10,0,10,1020,102.0,300,109.62562555250382,9,1,2.0,73.8,2.7,0.0,0.0,1.1111111111111112,10.0,0.0,0
PRV53819,53,0,53,17930,338.3018867924528,2900,687.4387688790255,40,1,1.6603773584905661,70.71698113207547,2.4339622641509435,0.0,200.0,1.325,53.0,0.0,0
PRV53820,15,0,15,2450,163.33333333333334,700,191.52272027347664,15,2,2.3333333333333335,73.2,3.1333333333333333,0.0,40.0,1.0,7.5,0.0,0
PRV53821,10,0,10,1070,107.0,700,210.13487732089277,10,1,3.5,76.6,2.7,0.0,0.0,1.0,10.0,0.0,0
PRV53824,114,0,114,35580,312.10526315789474,4200,622.5518049797612,91,1,0.9035087719298246,74.7280701754386,2.7280701754385963,0.0,350.0,1.2527472527472527,114.0,0.0,0
PRV53827,9,0,9,2830,314.44444444444446,800,261.8735912186981,9,1,4.555555555555555,76.55555555555556,2.5555555555555554,0.0,100.0,1.0,9.0,0.0,0
PRV53828,28,0,28,6260,223.57142857142858,1000,302.6453037702384,24,1,0.03571428571428571,72.53571428571429,3.0714285714285716,0.0,0.0,1.1666666666666667,28.0,0.0,0
PRV53829,16,0,16,5910,369.375,2400,654.7820884334981,16,2,1.9375,72.3125,2.0,0.0,180.0,1.0,8.0,0.0,0
PRV53831,83,0,83,27550,331.9277108433735,3300,717.2499272395805,71,2,1.4337349397590362,67.97590361445783,2.9036144578313254,0.0,100.0,1.1690140845070423,41.5,0.0,0
PRV53832,12,0,12,4910,409.1666666666667,1900,675.0549921482267,12,1,2.0833333333333335,71.91666666666667,3.6666666666666665,0.0,0.0,1.0,12.0,0.0,0
PRV53835,8,0,8,2300,287.5,800,293.09920309878504,8,2,3.5,68.625,2.125,0.0,0.0,1.0,4.0,0.0,0
PRV53836,49,0,49,10970,223.87755102040816,1600,339.5267314373704,44,1,0.42857142857142855,73.3265306122449,3.020408163265306,0.0,100.0,1.1136363636363635,49.0,0.0,0
PRV53837,13,0,13,2490,191.53846153846155,800,241.69009612332601,13,2,2.769230769230769,78.15384615384616,2.6923076923076925,0.0,80.0,1.0,6.5,0.0,0
PRV53838,194,0,194,57800,297.9381443298969,3300,570.0167039536437,148,1,0.8298969072164949,74.4020618556701,2.6443298969072164,0.0,270.0,1.3108108108108107,194.0,0.0,0
PRV53839,1,0,1,0,0.0,0,0.0,1,1,0.0,74.0,1.0,0.0,0.0,1.0,1.0,0.0,0
PRV53840,6,0,6,460,76.66666666666667,200,97.29679679550951,6,1,0.0,71.83333333333333,1.3333333333333333,0.0,40.0,1.0,6.0,0.0,0
PRV53841,22,0,22,3370,153.1818181818182,700,201.6452888386498,19,4,0.0,76.0,2.909090909090909,0.0,100.0,1.1578947368421053,5.5,0.0,0
PRV53842,7,0,7,2410,344.2857142857143,2100,774.8087321581834,7,1,4.0,79.28571428571429,2.7142857142857144,0.0,0.0,1.0,7.0,0.0,0
PRV53843,14,0,14,1460,104.28571428571429,500,135.3465231126434,14,2,1.6428571428571428,82.64285714285714,3.357142857142857,0.0,10.0,1.0,7.0,0.0,0
PRV53844,53,0,53,7910,149.24528301886792,1000,176.4592898856209,40,1,0.6037735849056604,75.90566037735849,2.660377358490566,0.0,30.0,1.325,53.0,0.0,0
PRV53845,20,0,20,9160,458.0,3200,899.4009702369449,18,1,0.4,76.5,2.65,0.0,340.0,1.1111111111111112,20.0,0.0,0
PRV53846,12,0,12,2640,220.0,1100,332.264954516723,11,1,0.0,78.0,1.8333333333333333,0.0,0.0,1.0909090909090908,12.0,0.0,0
PRV53848,8,0,8,1080,135.0,800,269.60288256195315,8,3,0.0,77.75,2.25,0.0,0.0,1.0,2.6666666666666665,0.0,0
PRV53849,21,0,21,2930,139.52380952380952,600,175.68369846050572,20,1,0.09523809523809523,80.85714285714286,2.5714285714285716,0.0,0.0,1.05,21.0,0.0,0
PRV53850,10,0,10,1720,172.0,1100,331.21996719199564,10,1,3.3,70.1,5.4,0.0,0.0,1.0,10.0,0.0,0
PRV53851,48,0,48,21100,439.5833333333333,7300,1222.81843667734,47,3,1.3541666666666667,71.0625,2.9583333333333335,0.0,160.0,1.0212765957446808,16.0,0.0,0
PRV53855,20,20,0,141000,7050.0,22000,5335.827267779473,17,8,4.05,71.25,8.65,0.55,21360.0,1.1764705882352942,2.5,1.0,1
PRV53857,10,10,0,140000,14000.0,38000,12400.71682515885,10,2,6.7,76.2,8.5,1.1,10680.0,1.0,5.0,1.0,0
PRV53859,143,0,143,33810,236.43356643356643,3300,488.0290997938971,134,7,1.944055944055944,71.53146853146853,2.6433566433566433,0.0,590.0,1.0671641791044777,20.428571428571427,0.0,0
PRV53860,1,0,1,100,100.0,100,0.0,1,1,0.0,64.0,2.0,0.0,0.0,1.0,1.0,0.0,0
PRV53861,2,2,0,11000,5500.0,7000,2121.3203435596424,2,2,6.0,61.0,6.0,0.5,2136.0,1.0,1.0,1.0,0
PRV53862,6,4,2,50100,8350.0,20000,8290.599495814522,6,3,4.166666666666667,79.5,6.666666666666667,0.8333333333333334,4272.0,1.0,2.0,0.6666666666666666,0
PRV53864,2,0,2,460,230.0,400,240.41630560342617,2,1,0.5,84.5,4.5,0.0,0.0,1.0,2.0,0.0,0
PRV53865,6,6,0,60000,10000.0,12000,1897.3665961010277,6,1,5.166666666666667,77.66666666666667,7.333333333333333,0.6666666666666666,6408.0,1.0,6.0,1.0,0
PRV53867,13,9,4,93270,7174.615384615385,34000,9491.510781908059,13,8,4.923076923076923,72.3076923076923,6.769230769230769,0.23076923076923078,9612.0,1.0,1.625,0.6923076923076923,0
PRV53868,28,10,18,161420,5765.0,57000,11646.206344652417,27,21,2.4642857142857144,73.10714285714286,4.642857142857143,0.39285714285714285,10760.0,1.037037037037037,1.3333333333333333,0.35714285714285715,0
PRV53871,1220,0,1220,272730,223.54918032786884,6060,480.5492585241107,531,5,1.2254098360655739,72.83852459016393,2.640983606557377,0.000819672131147541,3290.0,2.297551789077213,244.0,0.0,0
PRV53872,231,9,222,170480,738.008658008658,28000,2830.908353209714,142,24,1.41991341991342,72.14285714285714,2.965367965367965,0.030303030303030304,10072.0,1.6267605633802817,9.625,0.03896103896103896,0
PRV53873,82,14,68,116650,1422.560975609756,19000,3199.519952795237,76,19,1.7439024390243902,76.6829268292683,3.1097560975609757,0.07317073170731707,15212.0,1.0789473684210527,4.315789473684211,0.17073170731707318,0
PRV53874,524,0,524,149580,285.4580152671756,3300,595.4136214792956,416,14,1.4408396946564885,72.28625954198473,2.6068702290076335,0.0,1710.0,1.2596153846153846,37.42857142857143,0.0,0
PRV53875,41,0,41,9290,226.58536585365854,2700,475.4924276794403,35,32,2.926829268292683,73.8048780487805,2.5121951219512195,0.0,30.0,1.1714285714285715,1.28125,0.0,0
PRV53876,125,0,125,31310,250.48,3300,552.5948407870961,60,7,1.096,73.128,2.816,0.0,450.0,2.0833333333333335,17.857142857142858,0.0,0
PRV53877,19,0,19,6750,355.2631578947368,2000,537.4359746989262,17,13,2.1578947368421053,74.10526315789474,1.736842105263158,0.0,10.0,1.1176470588235294,1.4615384615384615,0.0,0
PRV53878,46,5,41,48670,1058.0434782608695,17000,2800.0012853689254,40,35,2.6956521739130435,69.93478260869566,3.4130434782608696,0.06521739130434782,5630.0,1.15,1.3142857142857143,0.10869565217391304,0
PRV53879,15,0,15,1340,89.33333333333333,500,123.02535549730428,15,6,0.0,75.93333333333334,2.466666666666667,0.0,0.0,1.0,2.5,0.0,0
PRV53880,61,0,61,19790,324.42622950819674,3300,659.1345957394032,46,18,0.9508196721311475,74.47540983606558,2.4754098360655736,0.0,140.0,1.326086956521739,3.388888888888889,0.0,0
PRV53884,269,117,152,1039970,3866.059479553903,57000,7116.428812348583,226,60,2.7843866171003717,73.364312267658,4.981412639405204,0.31226765799256506,124328.0,1.1902654867256637,4.483333333333333,0.4349442379182156,1
PRV53885,12,6,6,49630,4135.833333333333,15000,5542.509209133831,12,10,2.8333333333333335,78.5,5.083333333333333,0.5,6408.0,1.0,1.2,0.5,0
PRV53887,598,0,598,165500,276.75585284280936,3370,532.4729864799208,213,5,1.2692307692307692,71.52173913043478,2.516722408026756,0.0,980.0,2.807511737089202,119.6,0.0,1
PRV53888,70,0,70,19410,277.2857142857143,3300,621.7971182907653,56,28,1.7428571428571429,73.88571428571429,2.7142857142857144,0.0,150.0,1.25,2.5,0.0,0
PRV53889,195,9,186,98480,505.02564102564105,19000,1737.2001333936346,187,115,1.1948717948717948,72.72307692307692,2.8512820512820514,0.03076923076923077,10152.0,1.0427807486631016,1.6956521739130435,0.046153846153846156,0
PRV53891,22,0,22,10530,478.6363636363636,3300,983.8180990142699,22,9,1.7272727272727273,72.95454545454545,2.0454545454545454,0.0,100.0,1.0,2.4444444444444446,0.0,0
PRV53892,119,8,111,150340,1263.361344537815,40000,4879.817528769525,115,40,1.2773109243697478,73.41176470588235,2.7563025210084033,0.07563025210084033,8814.0,1.0347826086956522,2.975,0.06722689075630252,0
PRV53894,217,15,202,268080,1235.3917050691243,57000,5814.141202667899,97,6,1.7004608294930876,72.04608294930875,3.046082949308756,0.041474654377880185,16860.0,2.2371134020618557,36.166666666666664,0.06912442396313365,1
PRV53895,1273,0,1273,401380,315.30243519245874,12300,729.8480869344844,576,2,1.6087981146897095,72.29615082482326,2.6252945797329144,0.0,3270.0,2.2100694444444446,636.5,0.0,1
PRV53896,43,0,43,10950,254.65116279069767,3300,615.0274823019788,38,26,1.1627906976744187,73.3953488372093,2.2093023255813953,0.0,140.0,1.131578947368421,1.6538461538461537,0.0,0
PRV53899,3,0,3,120,40.0,100,52.91502622129181,3,3,0.0,61.666666666666664,3.0,0.0,10.0,1.0,1.0,0.0,0
PRV53900,789,0,789,201850,255.83016476552598,3300,510.4427028034363,317,10,1.4955640050697085,73.71609632446135,2.599493029150824,0.0,2670.0,2.4889589905362777,78.9,0.0,1
PRV53901,14,0,14,5400,385.7142857142857,2200,737.0911047511677,14,10,3.0,73.42857142857143,2.9285714285714284,0.0,0.0,1.0,1.4,0.0,0
PRV53905,77,0,77,21730,282.2077922077922,2200,491.10676129647624,72,37,1.4415584415584415,75.33766233766234,2.7012987012987013,0.0,220.0,1.0694444444444444,2.081081081081081,0.0,0
PRV53906,4,0,4,480,120.0,300,122.47448713915891,4,3,0.75,72.75,4.0,0.0,0.0,1.0,1.3333333333333333,0.0,0
PRV53907,126,0,126,45960,364.76190476190476,9100,999.258696663253,120,66,0.8888888888888888,71.07142857142857,2.7301587301587302,0.0,200.0,1.05,1.9090909090909092,0.0,0
PRV53908,15,0,15,8510,567.3333333333334,3000,883.406286295647,15,13,4.2,63.93333333333333,2.8666666666666667,0.06666666666666667,60.0,1.0,1.1538461538461537,0.0,0
PRV53909,256,0,256,79990,312.4609375,3300,624.1315522760955,154,29,1.578125,73.7734375,2.40625,0.0,200.0,1.6623376623376624,8.827586206896552,0.0,0
PRV53910,96,27,69,275480,2869.5833333333335,47000,6201.321407005321,91,59,3.1666666666666665,74.36458333333333,3.8958333333333335,0.23958333333333334,27190.0,1.054945054945055,1.6271186440677967,0.28125,0
PRV53911,536,14,522,374480,698.6567164179105,38000,2550.3620534017214,201,54,2.074626865671642,74.07462686567165,2.796641791044776,0.024253731343283583,15992.0,2.6666666666666665,9.925925925925926,0.026119402985074626,1
PRV53912,66,0,66,16820,254.84848484848484,2300,441.0555256313842,61,41,2.0757575757575757,73.83333333333333,2.409090909090909,0.0,210.0,1.0819672131147542,1.6097560975609757,0.0,0
PRV53913,131,0,131,36180,276.1832061068702,2700,491.76520040684073,129,53,1.549618320610687,74.09160305343511,2.9770992366412212,0.007633587786259542,260.0,1.0155038759689923,2.4716981132075473,0.0,0
PRV53915,545,0,545,152600,280.0,3300,580.6471415077972,434,27,1.2256880733944955,73.03119266055046,2.5908256880733944,0.0,1510.0,1.2557603686635945,20.185185185185187,0.0,0
PRV53916,192,0,192,43180,224.89583333333334,3300,452.29373486745214,109,4,0.9375,73.734375,2.6145833333333335,0.0,1120.0,1.761467889908257,48.0,0.0,0
PRV53917,200,7,193,122200,611.0,28000,2177.6311411565257,106,27,1.795,74.365,2.815,0.045,8046.0,1.8867924528301887,7.407407407407407,0.035,0
PRV53918,3588,0,3588,1014510,282.75083612040135,6800,572.3750033669952,1709,18,1.3255295429208473,73.05797101449275,2.5869565217391304,0.0011148272017837235,9100.0,2.099473376243417,199.33333333333334,0.0,1
PRV53919,24,6,18,54050,2252.0833333333335,12000,4206.975552234818,22,9,4.875,71.875,4.333333333333333,0.2916666666666667,6598.0,1.0909090909090908,2.6666666666666665,0.25,1
PRV53920,221,3,218,95610,432.6244343891403,30000,2163.6993550903576,118,21,1.2217194570135748,73.10407239819004,2.6063348416289593,0.004524886877828055,4004.0,1.8728813559322033,10.523809523809524,0.013574660633484163,0
PRV53921,768,9,759,322230,419.5703125,13000,1037.8385913015024,498,48,1.4036458333333333,73.06119791666667,2.65625,0.006510416666666667,11152.0,1.5421686746987953,16.0,0.01171875,0
PRV53922,55,0,55,13530,246.0,1900,393.57149098800147,51,25,1.7454545454545454,73.87272727272727,2.8363636363636364,0.0,200.0,1.0784313725490196,2.2,0.0,0
PRV53923,155,30,125,270400,1744.516129032258,34000,4449.9871871329315,139,72,2.0451612903225804,72.01935483870967,3.367741935483871,0.0967741935483871,32160.0,1.1151079136690647,2.1527777777777777,0.1935483870967742,1
PRV53924,1,0,1,0,0.0,0,0.0,1,1,2.0,45.0,5.0,0.0,0.0,1.0,1.0,0.0,0
PRV53925,61,20,41,160200,2626.2295081967213,14000,3778.418612741944,58,30,2.540983606557377,72.95081967213115,4.868852459016393,0.19672131147540983,21460.0,1.0517241379310345,2.033333333333333,0.32786885245901637,0
PRV53926,27,0,27,8840,327.4074074074074,3100,633.1277219098151,26,20,0.7407407407407407,72.66666666666667,2.8518518518518516,0.0,120.0,1.0384615384615385,1.35,0.0,0
PRV53927,11,0,11,3600,327.27272727272725,2200,653.4843672053818,11,9,1.9090909090909092,75.81818181818181,2.0,0.0,0.0,1.0,1.2222222222222223,0.0,0
PRV53928,41,3,38,23750,579.2682926829268,5000,1288.8025260758575,41,29,1.146341463414634,71.39024390243902,2.682926829268293,0.0,3294.0,1.0,1.4137931034482758,0.07317073170731707,0
PRV53931,55,3,52,40410,734.7272727272727,15000,2468.04905298621,48,28,1.1272727272727272,75.0,2.6545454545454548,0.07272727272727272,3394.0,1.1458333333333333,1.9642857142857142,0.05454545454545454,0
PRV53932,304,82,222,920140,3026.7763157894738,57000,7216.454575223825,283,209,2.335526315789474,72.75,4.0394736842105265,0.18092105263157895,86080.0,1.0742049469964665,1.4545454545454546,0.26973684210526316,0
PRV53933,265,0,265,81990,309.39622641509436,9100,808.6092236060985,136,22,1.5320754716981133,74.18867924528301,2.6264150943396225,0.0,500.0,1.9485294117647058,12.045454545454545,0.0,0
PRV53934,122,0,122,33500,274.59016393442624,3010,546.4599030922363,97,69,1.6721311475409837,75.13934426229508,2.5901639344262297,0.0,530.0,1.2577319587628866,1.7681159420289856,0.0,0
PRV53935,12,0,12,5410,450.8333333333333,2600,857.7927100024418,12,11,0.08333333333333333,73.0,3.0833333333333335,0.0,0.0,1.0,1.0909090909090908,0.0,0
PRV53937,38,17,21,217970,5736.0526315789475,42000,10499.333708454045,38,27,4.131578947368421,71.52631578947368,4.921052631578948,0.42105263157894735,18196.0,1.0,1.4074074074074074,0.4473684210526316,1
PRV53938,111,82,29,653670,5888.918918918919,57000,7306.0576798050815,89,20,3.954954954954955,75.83783783783784,6.54054054054054,0.5765765765765766,86508.0,1.247191011235955,5.55,0.7387387387387387,1
PRV53939,304,6,298,193440,636.3157894736842,44000,3236.8125306686784,178,23,1.2598684210526316,71.48026315789474,2.861842105263158,0.01644736842105263,7638.0,1.7078651685393258,13.217391304347826,0.019736842105263157,0
PRV53940,97,0,97,21890,225.6701030927835,2500,434.4078997528677,93,62,1.6288659793814433,74.55670103092784,2.711340206185567,0.0,330.0,1.043010752688172,1.564516129032258,0.0,0
PRV53941,77,6,71,82160,1067.012987012987,14000,2937.6526007104208,72,34,2.3636363636363638,72.62337662337663,3.155844155844156,0.05194805194805195,6478.0,1.0694444444444444,2.264705882352941,0.07792207792207792,0
PRV53942,25,8,17,77620,3104.8,15000,5022.583266275102,24,12,3.48,73.96,4.6,0.28,8684.0,1.0416666666666667,2.0833333333333335,0.32,0
PRV53943,109,8,101,91800,842.2018348623853,28000,3003.816818217118,103,46,1.3394495412844036,74.64220183486239,2.9541284403669725,0.05504587155963303,8784.0,1.058252427184466,2.369565217391304,0.07339449541284404,0
PRV53944,104,0,104,21740,209.03846153846155,3300,445.00576898359213,55,2,0.7884615384615384,70.51923076923077,2.6346153846153846,0.0,430.0,1.8909090909090909,52.0,0.0,0
PRV53945,49,0,49,15300,312.2448979591837,3300,703.4061928280441,47,25,1.6938775510204083,75.40816326530613,2.857142857142857,0.0,160.0,1.0425531914893618,1.96,0.0,0
PRV53946,21,0,21,10070,479.5238095238095,2500,733.4335429367558,21,13,0.14285714285714285,75.42857142857143,2.6666666666666665,0.0,100.0,1.0,1.6153846153846154,0.0,0
PRV53947,8,0,8,430,53.75,100,37.7728171346236,8,7,2.0,73.125,1.625,0.0,0.0,1.0,1.1428571428571428,0.0,0
PRV53949,5,0,5,710,142.0,300,147.88509052639486,5,5,1.8,70.4,2.4,0.0,30.0,1.0,1.0,0.0,0
PRV53950,298,0,298,82130,275.6040268456376,3600,579.7240179201018,235,16,2.0671140939597317,72.29530201342281,2.708053691275168,0.0,790.0,1.2680851063829788,18.625,0.0,0
PRV53951,54,22,32,223620,4141.111111111111,63000,9595.446378098755,49,34,2.0555555555555554,75.16666666666667,4.537037037037037,0.2037037037037037,23556.0,1.1020408163265305,1.588235294117647,0.4074074074074074,1
PRV53952,15,0,15,4580,305.3333333333333,1700,455.5352686152642,13,9,1.0,66.13333333333334,2.2,0.0,0.0,1.1538461538461537,1.6666666666666667,0.0,0
PRV53956,526,0,526,157610,299.638783269962,6800,671.3628376296498,454,10,1.7395437262357414,72.88022813688212,2.6520912547528517,0.0,1690.0,1.158590308370044,52.6,0.0,0
PRV53957,15,0,15,6640,442.6666666666667,3000,945.9497620809217,14,8,1.6,75.06666666666666,3.0,0.0,0.0,1.0714285714285714,1.875,0.0,0
PRV53958,713,23,690,475260,666.5638148667601,21000,1968.0523086370172,340,13,1.7994389901823282,71.0070126227209,2.8485273492286116,0.02664796633941094,25106.0,2.097058823529412,54.84615384615385,0.03225806451612903,0
PRV53959,214,76,138,896830,4190.794392523365,67000,9102.657395862338,202,105,3.2009345794392523,71.6214953271028,4.434579439252336,0.21962616822429906,79152.0,1.0594059405940595,2.038095238095238,0.35514018691588783,1
PRV53960,420,0,420,127360,303.23809523809524,3300,609.3299974567634,115,21,1.7976190476190477,73.67380952380952,2.657142857142857,0.0,1030.0,3.652173913043478,20.0,0.0,0
PRV53961,129,97,32,811460,6290.387596899225,57000,7207.595971774843,124,23,4.209302325581396,74.55813953488372,6.844961240310077,0.5038759689922481,102868.0,1.0403225806451613,5.608695652173913,0.751937984496124,1
PRV53963,39,4,35,70660,1811.7948717948718,47000,7517.044447119692,37,32,2.1025641025641026,74.76923076923077,3.230769230769231,0.02564102564102564,4292.0,1.054054054054054,1.21875,0.10256410256410256,0
PRV53964,146,0,146,40830,279.6575342465753,3300,624.5919102279134,81,14,1.452054794520548,65.3082191780822,2.6506849315068495,0.0,220.0,1.8024691358024691,10.428571428571429,0.0,0
PRV53965,110,0,110,32070,291.54545454545456,3300,591.2545926483559,33,12,1.3909090909090909,72.26363636363637,2.7454545454545456,0.0,170.0,3.3333333333333335,9.166666666666666,0.0,0
PRV53966,2,0,2,500,250.0,300,70.71067811865476,2,2,0.0,66.0,3.5,0.0,0.0,1.0,1.0,0.0,0
PRV53967,2,0,2,100,50.0,80,42.42640687119285,2,1,0.0,79.5,2.5,0.0,0.0,1.0,2.0,0.0,0
PRV53968,32,0,32,6600,206.25,2200,434.8136419499812,30,8,2.0,72.25,2.9375,0.0,150.0,1.0666666666666667,4.0,0.0,0
PRV53969,118,0,118,35990,305.0,3300,641.3124230292317,72,16,1.194915254237288,72.00847457627118,2.7542372881355934,0.0,290.0,1.6388888888888888,7.375,0.0,0
PRV53970,4,3,1,65200,16300.0,32000,14027.116596079182,4,2,3.0,79.25,7.5,0.5,3204.0,1.0,2.0,0.75,0
PRV53971,102,0,102,22210,217.7450980392157,2200,347.9555760388458,55,4,0.6666666666666666,74.2156862745098,2.392156862745098,0.0,820.0,1.8545454545454545,25.5,0.0,0
PRV53972,74,6,68,51920,701.6216216216217,14000,1996.558701713805,61,18,1.8918918918918919,70.83783783783784,3.054054054054054,0.05405405405405406,6578.0,1.2131147540983607,4.111111111111111,0.08108108108108109,0
PRV53973,170,0,170,45130,265.47058823529414,3300,527.7876811824391,84,13,1.723529411764706,73.02941176470588,2.5294117647058822,0.0,390.0,2.0238095238095237,13.076923076923077,0.0,0
PRV53974,67,0,67,12950,193.28358208955223,2500,434.0101523030604,59,13,1.2388059701492538,70.94029850746269,2.388059701492537,0.0,60.0,1.1355932203389831,5.153846153846154,0.0,0
PRV53975,70,0,70,11390,162.71428571428572,1900,339.45788592209755,42,10,0.5857142857142857,74.51428571428572,2.657142857142857,0.0,420.0,1.6666666666666667,7.0,0.0,0
PRV53977,65,0,65,22120,340.3076923076923,4030,640.8221507143413,40,2,1.9230769230769231,72.53846153846153,2.0923076923076924,0.0,0.0,1.625,32.5,0.0,0
PRV53978,1,0,1,100,100.0,100,0.0,1,1,0.0,85.0,1.0,0.0,0.0,1.0,1.0,0.0,0
PRV53979,77,0,77,26170,339.87012987012986,3300,581.6480521724761,38,16,1.0129870129870129,71.0,2.5714285714285716,0.0,190.0,2.026315789473684,4.8125,0.0,0
PRV53980,22,0,22,3730,169.54545454545453,1000,269.4876492041761,15,10,1.6363636363636365,72.72727272727273,2.9545454545454546,0.0,0.0,1.4666666666666666,2.2,0.0,0
PRV53981,22,0,22,4810,218.63636363636363,2500,534.364735920767,22,13,0.045454545454545456,73.5909090909091,2.090909090909091,0.0,0.0,1.0,1.6923076923076923,0.0,0
PRV53982,9,0,9,980,108.88888888888889,300,89.08485343261844,9,5,1.2222222222222223,67.11111111111111,2.7777777777777777,0.0,0.0,1.0,1.8,0.0,0
PRV53983,24,0,24,6400,266.6666666666667,3300,664.4295799154839,23,8,0.08333333333333333,69.875,2.2083333333333335,0.0,20.0,1.0434782608695652,3.0,0.0,0
PRV53985,197,8,189,163330,829.0862944162436,31000,3405.7427757774344,62,8,2.0964467005076144,71.77157360406092,2.8426395939086295,0.02030456852791878,9114.0,3.1774193548387095,24.625,0.04060913705583756,1
PRV53986,45,11,34,90060,2001.3333333333333,20000,3920.6560211734504,42,14,3.3777777777777778,75.4,3.8666666666666667,0.13333333333333333,11888.0,1.0714285714285714,3.2142857142857144,0.24444444444444444,0
PRV53988,32,0,32,6360,198.75,800,234.42104386435025,25,20,0.65625,79.25,2.59375,0.0,0.0,1.28,1.6,0.0,0
PRV53989,27,1,26,22130,819.6296296296297,13000,2536.385195026548,22,13,1.8148148148148149,77.37037037037037,2.740740740740741,0.037037037037037035,1148.0,1.2272727272727273,2.076923076923077,0.037037037037037035,0
PRV53990,99,5,94,63350,639.89898989899,12000,2043.844663887402,56,23,1.4646464646464648,74.81818181818181,2.95959595959596,0.04040404040404041,5540.0,1.7678571428571428,4.304347826086956,0.050505050505050504,0
PRV53991,62,0,62,14050,226.61290322580646,2400,446.3511208784693,57,11,0.9838709677419355,72.51612903225806,2.5161290322580645,0.0,160.0,1.087719298245614,5.636363636363637,0.0,0
PRV53992,244,0,244,87620,359.0983606557377,3300,634.0827328480622,101,2,1.6475409836065573,77.0860655737705,2.831967213114754,0.0,480.0,2.4158415841584158,122.0,0.0,0
PRV53993,201,0,201,53770,267.5124378109453,3000,497.6683444770497,107,17,1.7313432835820894,72.09452736318408,2.5621890547263684,0.0,560.0,1.8785046728971964,11.823529411764707,0.0,0
PRV53994,174,0,174,46000,264.367816091954,3300,579.731253562418,62,1,1.0747126436781609,78.00574712643679,2.8505747126436782,0.0,450.0,2.806451612903226,174.0,0.0,0
PRV53995,3,0,3,440,146.66666666666666,300,136.13718571108092,3,3,0.3333333333333333,76.33333333333333,3.6666666666666665,0.0,0.0,1.0,1.0,0.0,0
PRV53996,5,2,3,11390,2278.0,11000,4876.260862587234,5,4,2.0,74.0,4.4,0.2,2136.0,1.0,1.25,0.4,0
PRV53997,172,0,172,70230,408.3139534883721,3300,721.9629311510447,95,2,2.308139534883721,72.95348837209302,2.7906976744186047,0.0,310.0,1.8105263157894738,86.0,0.0,0
PRV53999,1,0,1,60,60.0,60,0.0,1,1,0.0,65.0,1.0,0.0,0.0,1.0,1.0,0.0,0
PRV54000,206,0,206,42220,204.95145631067962,3300,445.1031643341888,95,5,0.8058252427184466,76.11650485436893,2.6699029126213594,0.0,650.0,2.168421052631579,41.2,0.0,0
PRV54001,8,8,0,61000,7625.0,28000,8450.486038430825,8,2,4.875,68.25,7.75,0.625,8544.0,1.0,4.0,1.0,0
PRV54002,11,0,11,2060,187.27272727272728,800,276.8425873701844,11,3,1.8181818181818181,73.63636363636364,2.4545454545454546,0.0,0.0,1.0,3.6666666666666665,0.0,0
PRV54004,8,0,8,1090,136.25,400,126.596941962615,8,1,0.875,75.75,2.875,0.0,0.0,1.0,8.0,0.0,0
PRV54005,8,0,8,1800,225.0,800,289.1366458960192,8,2,2.5,74.125,2.0,0.0,20.0,1.0,4.0,0.0,0
PRV54006,1,0,1,90,90.0,90,0.0,1,1,0.0,80.0,3.0,0.0,0.0,1.0,1.0,0.0,0
PRV54007,5,0,5,1400,280.0,1100,459.29293484659655,5,2,2.8,78.4,1.6,0.0,40.0,1.0,2.5,0.0,0
PRV54008,50,0,50,12860,257.2,2700,454.0881870657428,41,2,1.68,74.44,2.5,0.0,260.0,1.2195121951219512,25.0,0.0,0
PRV54009,1,0,1,40,40.0,40,0.0,1,1,0.0,69.0,2.0,0.0,0.0,1.0,1.0,0.0,0
PRV54011,2,0,2,70,35.0,40,7.0710678118654755,2,2,0.0,70.0,1.0,0.0,0.0,1.0,1.0,0.0,0
PRV54012,8,0,8,3800,475.0,2600,897.9818642775747,8,2,0.0,65.5,3.375,0.0,0.0,1.0,4.0,0.0,0
PRV54013,1,0,1,100,100.0,100,0.0,1,1,0.0,71.0,9.0,0.0,0.0,1.0,1.0,0.0,0
PRV54014,2,0,2,410,205.0,400,275.77164466275354,2,2,0.0,88.5,2.0,0.0,0.0,1.0,1.0,0.0,0
PRV54016,4,0,4,640,160.0,500,229.05603390145973,4,2,1.75,77.25,3.75,0.0,80.0,1.0,2.0,0.0,0
PRV54017,13,0,13,2610,200.76923076923077,1800,488.3213002805553,13,2,0.5384615384615384,67.46153846153847,2.5384615384615383,0.0,0.0,1.0,6.5,0.0,0
PRV54019,4,0,4,900,225.0,500,189.29694486000912,4,2,0.0,71.75,2.5,0.0,0.0,1.0,2.0,0.0,0
PRV54020,7,0,7,2050,292.85714285714283,800,310.3070675806083,6,1,5.285714285714286,67.57142857142857,3.857142857142857,0.0,40.0,1.1666666666666667,7.0,0.0,0
PRV54021,20,0,20,1980,99.0,700,168.80072337086213,19,2,0.0,76.2,1.95,0.0,190.0,1.0526315789473684,10.0,0.0,0
PRV54023,18,0,18,2060,114.44444444444444,500,135.4392515103107,14,1,0.0,77.61111111111111,2.2222222222222223,0.0,0.0,1.2857142857142858,18.0,0.0,0
PRV54024,38,0,38,17870,470.2631578947368,3300,779.7313703817014,32,2,3.4473684210526314,69.84210526315789,2.4210526315789473,0.0,40.0,1.1875,19.0,0.0,0
PRV54025,20,0,20,8980,449.0,3300,802.9478583058146,18,1,2.0,69.3,2.65,0.0,100.0,1.1111111111111112,20.0,0.0,0
PRV54026,3,0,3,2420,806.6666666666666,2200,1210.013774026285,3,2,0.0,75.33333333333333,1.3333333333333333,0.0,50.0,1.0,1.5,0.0,0
PRV54027,14,0,14,1390,99.28571428571429,600,162.07615900767553,8,2,1.0,74.07142857142857,2.4285714285714284,0.0,0.0,1.75,7.0,0.0,0
PRV54028,6,0,6,720,120.0,400,138.70832707519762,6,3,0.0,68.33333333333333,3.5,0.0,0.0,1.0,2.0,0.0,0
PRV54029,2,0,2,320,160.0,300,197.9898987322333,2,1,0.0,75.5,2.0,0.0,0.0,1.0,2.0,0.0,0
PRV54030,14,0,14,2820,201.42857142857142,1900,492.8232190905023,14,2,2.0,68.85714285714286,3.2857142857142856,0.0,0.0,1.0,7.0,0.0,0
PRV54031,5,0,5,2270,454.0,1800,760.085521503995,5,2,0.2,72.6,2.0,0.0,100.0,1.0,2.5,0.0,0
PRV54033,1,0,1,30,30.0,30,0.0,1,1,0.0,54.0,2.0,0.0,0.0,1.0,1.0,0.0,0
PRV54034,1,0,1,70,70.0,70,0.0,1,1,0.0,81.0,2.0,0.0,100.0,1.0,1.0,0.0,0
PRV54036,100,0,100,25890,258.9,3300,545.0380303661888,97,3,1.06,71.68,2.55,0.0,340.0,1.0309278350515463,33.333333333333336,0.0,0
PRV54037,17,0,17,10510,618.2352941176471,3300,1042.3245373569935,16,2,1.5294117647058822,68.41176470588235,4.235294117647059,0.0,0.0,1.0625,8.5,0.0,0
PRV54038,19,0,19,5840,307.36842105263156,1900,463.97847298319016,15,2,2.4210526315789473,80.42105263157895,2.0526315789473686,0.0,80.0,1.2666666666666666,9.5,0.0,0
PRV54039,28,0,28,4770,170.35714285714286,900,236.6037810482943,18,1,0.14285714285714285,75.85714285714286,2.392857142857143,0.0,50.0,1.5555555555555556,28.0,0.0,0
PRV54040,2,0,2,250,125.0,200,106.06601717798213,2,1,0.0,66.5,4.5,0.0,0.0,1.0,2.0,0.0,0
PRV54041,65,0,65,35330,543.5384615384615,14100,1848.106658489668,32,4,2.4153846153846152,77.04615384615384,2.5384615384615383,0.0,200.0,2.03125,16.25,0.0,0
PRV54043,3,0,3,5540,1846.6666666666667,3300,1658.4731934322404,3,1,12.666666666666666,69.66666666666667,2.0,0.0,0.0,1.0,3.0,0.0,0
PRV54044,6,0,6,820,136.66666666666666,400,144.31447143882232,6,6,0.0,73.16666666666667,2.5,0.0,0.0,1.0,1.0,0.0,0
PRV54045,3,0,3,240,80.0,90,17.320508075688775,2,1,6.333333333333333,62.333333333333336,3.3333333333333335,0.0,0.0,1.5,3.0,0.0,0
PRV54046,1,0,1,0,0.0,0,0.0,1,1,20.0,77.0,1.0,0.0,0.0,1.0,1.0,0.0,0
PRV54048,4,0,4,830,207.5,700,329.58306995353996,4,1,0.0,74.75,2.25,0.0,0.0,1.0,4.0,0.0,0
PRV54049,132,0,132,34600,262.1212121212121,3300,527.9255532512313,37,5,1.1818181818181819,70.54545454545455,2.712121212121212,0.0,330.0,3.5675675675675675,26.4,0.0,0
PRV54050,1,0,1,500,500.0,500,0.0,1,1,2.0,84.0,3.0,0.0,0.0,1.0,1.0,0.0,0
PRV54051,5,5,0,38000,7600.0,13000,3714.8351242013423,5,1,4.2,76.2,8.4,1.0,5340.0,1.0,5.0,1.0,0
PRV54052,6,6,0,75000,12500.0,27000,9027.735042633894,6,1,8.333333333333334,76.33333333333333,8.833333333333334,0.8333333333333334,6408.0,1.0,6.0,1.0,0
PRV54053,1,0,1,10,10.0,10,0.0,1,1,0.0,84.0,1.0,0.0,0.0,1.0,1.0,0.0,0
PRV54054,1,1,0,5000,5000.0,5000,0.0,1,1,5.0,83.0,9.0,0.0,1068.0,1.0,1.0,1.0,0
PRV54055,25,25,0,214000,8560.0,35000,6976.627647605491,25,4,3.6,74.8,8.6,0.52,25632.0,1.0,6.25,1.0,0
PRV54056,21,21,0,197000,9380.952380952382,30000,6924.421928769148,15,2,5.142857142857143,69.47619047619048,8.285714285714286,0.7619047619047619,20292.0,1.4,10.5,1.0,1
PRV54057,1,0,1,0,0.0,0,0.0,1,1,0.0,73.0,4.0,0.0,0.0,1.0,1.0,0.0,0
PRV54058,35,35,0,284000,8114.285714285715,28000,6759.618108650067,34,2,6.571428571428571,67.68571428571428,8.228571428571428,0.4857142857142857,37380.0,1.0294117647058822,17.5,1.0,0
PRV54059,18,18,0,172000,9555.555555555555,45000,10427.464991252229,18,4,5.5,69.83333333333333,8.277777777777779,0.6666666666666666,19224.0,1.0,4.5,1.0,0
PRV54060,16,16,0,164000,10250.0,21000,5360.3482473933855,16,1,5.875,70.1875,8.4375,0.625,17088.0,1.0,16.0,1.0,0
PRV54061,11,4,7,30470,2770.0,15000,4708.003823277972,10,8,4.545454545454546,69.0909090909091,4.090909090909091,0.2727272727272727,4282.0,1.1,1.375,0.36363636363636365,0
PRV54062,11,2,9,17730,1611.8181818181818,11000,3355.126877427493,10,7,2.0,77.9090909090909,3.909090909090909,0.0,2186.0,1.1,1.5714285714285714,0.18181818181818182,0
PRV54063,17,1,16,8620,507.05882352941177,3300,1006.7383268871457,13,12,1.1176470588235294,73.0,3.176470588235294,0.0,1118.0,1.3076923076923077,1.4166666666666667,0.058823529411764705,0
PRV54064,122,16,106,222200,1821.311475409836,34000,4575.095166931371,72,15,3.377049180327869,76.47540983606558,3.360655737704918,0.11475409836065574,17898.0,1.6944444444444444,8.133333333333333,0.13114754098360656,0
PRV54065,94,24,70,256620,2730.0,23000,5065.044661141188,71,19,3.25531914893617,71.32978723404256,4.095744680851064,0.2127659574468085,25742.0,1.323943661971831,4.947368421052632,0.2553191489361702,1
PRV54066,148,0,148,41710,281.8243243243243,3300,539.1313713695192,110,8,1.777027027027027,73.23648648648648,2.614864864864865,0.0,720.0,1.3454545454545455,18.5,0.0,0
PRV54068,7,0,7,570,81.42857142857143,300,99.23517041663732,7,7,0.0,72.85714285714286,3.4285714285714284,0.0,0.0,1.0,1.0,0.0,0
PRV54070,1467,0,1467,393990,268.56850715746424,3300,542.5509411865601,1177,255,1.3340149965916837,73.86025903203817,2.58214042263122,0.0,3780.0,1.2463891248937977,5.752941176470588,0.0,1
PRV54071,436,8,428,229020,525.2752293577981,20000,1550.3939929160147,325,23,2.415137614678899,73.58715596330275,2.7522935779816513,0.009174311926605505,9484.0,1.3415384615384616,18.956521739130434,0.01834862385321101,0
PRV54072,30,6,24,105640,3521.3333333333335,34000,7898.819961336579,26,15,2.9,68.9,3.8666666666666667,0.13333333333333333,6408.0,1.1538461538461537,2.0,0.2,0
PRV54073,44,7,37,116390,2645.2272727272725,34000,6871.174534388543,28,18,1.5227272727272727,73.25,3.272727272727273,0.13636363636363635,7616.0,1.5714285714285714,2.4444444444444446,0.1590909090909091,0
PRV54074,113,23,90,342890,3034.424778761062,58000,8673.329495196045,109,77,2.3185840707964602,74.11504424778761,3.734513274336283,0.18584070796460178,23816.0,1.036697247706422,1.4675324675324675,0.20353982300884957,1
PRV54075,1519,32,1487,697520,459.1968400263331,60000,2045.266204498263,910,37,1.532587228439763,74.12376563528638,2.7340355497037523,0.015799868334430547,37768.0,1.6692307692307693,41.054054054054056,0.02106649111257406,1
PRV54076,52,9,43,91970,1768.6538461538462,23000,4448.131147050126,50,26,1.8653846153846154,73.32692307692308,3.8653846153846154,0.1346153846153846,9752.0,1.04,2.0,0.17307692307692307,0
PRV54077,76,52,24,537320,7070.0,50000,8459.375705885946,70,19,5.578947368421052,72.76315789473684,6.276315789473684,0.5263157894736842,53400.0,1.0857142857142856,4.0,0.6842105263157895,1
PRV54078,119,20,99,214380,1801.5126050420167,42000,5126.404336515988,109,72,3.0504201680672267,70.25210084033614,3.7058823529411766,0.09243697478991597,20822.0,1.091743119266055,1.6527777777777777,0.16806722689075632,0
PRV54080,573,0,573,176370,307.80104712041884,11040,737.3374294202596,261,4,1.5340314136125655,73.77312390924956,2.8551483420593367,0.0017452006980802793,1250.0,2.1954022988505746,143.25,0.0,0
PRV54081,14,11,3,135200,9657.142857142857,29000,10330.56735992859,13,9,3.9285714285714284,74.28571428571429,7.142857142857143,0.7857142857142857,11748.0,1.0769230769230769,1.5555555555555556,0.7857142857142857,0
PRV54082,11,5,6,35450,3222.7272727272725,10000,4009.8505979876386,11,11,2.6363636363636362,76.72727272727273,4.181818181818182,0.36363636363636365,5340.0,1.0,1.0,0.45454545454545453,0
PRV54083,279,8,271,133780,479.4982078853047,28000,1924.9631686181278,173,12,1.6129032258064515,74.5089605734767,2.946236559139785,0.017921146953405017,9364.0,1.6127167630057804,23.25,0.02867383512544803,0
PRV54084,49,8,41,82310,1679.795918367347,23000,4384.7412931076105,43,43,1.7755102040816326,71.12244897959184,3.163265306122449,0.14285714285714285,8664.0,1.1395348837209303,1.1395348837209303,0.16326530612244897,0
PRV54085,234,58,176,602110,2573.119658119658,28000,5080.024594686149,197,146,2.3290598290598292,72.65384615384616,3.948717948717949,0.2094017094017094,62504.0,1.1878172588832487,1.6027397260273972,0.24786324786324787,0
PRV54086,66,0,66,12550,190.15151515151516,2700,362.48498079970346,60,39,1.4090909090909092,77.45454545454545,2.742424242424242,0.0,280.0,1.1,1.6923076923076923,0.0,0
PRV54089,41,7,34,91230,2225.121951219512,32000,5967.527596061547,41,21,2.8048780487804876,70.90243902439025,4.439024390243903,0.14634146341463414,7756.0,1.0,1.9523809523809523,0.17073170731707318,0
PRV54090,190,32,158,320740,1688.1052631578948,27000,4007.76080318271,123,17,2.2473684210526317,75.07368421052631,3.3789473684210525,0.11052631578947368,34776.0,1.5447154471544715,11.176470588235293,0.16842105263157894,0
PRV54091,112,0,112,22820,203.75,3300,452.5525702377889,76,3,1.4732142857142858,77.83928571428571,2.4732142857142856,0.0,130.0,1.4736842105263157,37.333333333333336,0.0,0
PRV54092,481,0,481,141550,294.28274428274426,3300,588.2268155701393,401,165,1.3513513513513513,74.04781704781705,2.444906444906445,0.0,1760.0,1.199501246882793,2.915151515151515,0.0,0
PRV54093,89,41,48,514980,5786.29213483146,57000,9078.83920569025,86,66,3.5842696629213484,73.42696629213484,5.191011235955056,0.3258426966292135,42900.0,1.0348837209302326,1.3484848484848484,0.4606741573033708,1
PRV54096,7,0,7,920,131.42857142857142,400,131.58375931050804,7,5,0.0,65.71428571428571,2.5714285714285716,0.0,0.0,1.0,1.4,0.0,0
PRV54098,256,9,247,120400,470.3125,15000,1470.1385488929866,96,23,1.25,75.37890625,2.70703125,0.015625,9044.0,2.6666666666666665,11.130434782608695,0.03515625,1
PRV54099,217,14,203,187860,865.7142857142857,41000,4014.5396133153686,97,12,1.3410138248847927,73.40092165898618,2.7327188940092166,0.03225806451612903,15582.0,2.2371134020618557,18.083333333333332,0.06451612903225806,0
PRV54101,29,11,18,65790,2268.6206896551726,17000,3960.364092333224,28,22,2.5517241379310347,75.0,4.586206896551724,0.2413793103448276,11748.0,1.0357142857142858,1.3181818181818181,0.3793103448275862,0
PRV54102,23,9,14,100720,4379.130434782609,46000,9707.574321605072,18,13,2.347826086956522,74.47826086956522,5.826086956521739,0.21739130434782608,8594.0,1.2777777777777777,1.7692307692307692,0.391304347826087,0
PRV54103,187,8,179,104930,561.1229946524064,17000,1800.2381326517184,82,3,0.8021390374331551,71.20855614973262,2.4919786096256686,0.0213903743315508,8834.0,2.2804878048780486,62.333333333333336,0.0427807486631016,1
PRV54106,39,5,34,69910,1792.5641025641025,29000,5180.452996829686,37,25,2.3846153846153846,70.94871794871794,3.358974358974359,0.15384615384615385,5480.0,1.054054054054054,1.56,0.1282051282051282,0
PRV54107,147,0,147,44080,299.86394557823127,3300,612.106162332277,129,63,1.163265306122449,72.48299319727892,2.503401360544218,0.0,220.0,1.1395348837209303,2.3333333333333335,0.0,0
PRV54109,16,0,16,4950,309.375,2500,596.5396745676966,14,2,4.125,76.125,2.3125,0.0,30.0,1.1428571428571428,8.0,0.0,0
PRV54110,7,0,7,450,64.28571428571429,200,66.7974906856894,7,6,2.857142857142857,73.85714285714286,1.2857142857142858,0.0,20.0,1.0,1.1666666666666667,0.0,0
PRV54111,249,54,195,590000,2369.4779116465866,57000,6402.274051676972,176,19,1.7429718875502007,73.96787148594377,3.6987951807228914,0.14056224899598393,58202.0,1.4147727272727273,13.105263157894736,0.21686746987951808,1
PRV54112,31,0,31,6590,212.58064516129033,2800,507.60856140623093,18,11,1.5483870967741935,67.25806451612904,2.5483870967741935,0.0,40.0,1.7222222222222223,2.8181818181818183,0.0,0
PRV54113,1,0,1,60,60.0,60,0.0,1,1,0.0,78.0,2.0,0.0,0.0,1.0,1.0,0.0,0
PRV54114,11,3,8,22790,2071.818181818182,10000,3270.164577454224,9,6,3.5454545454545454,68.81818181818181,4.2727272727272725,0.2727272727272727,3344.0,1.2222222222222223,1.8333333333333333,0.2727272727272727,0
PRV54115,4,0,4,170,42.5,100,42.720018726587654,4,2,0.0,76.5,3.0,0.0,0.0,1.0,2.0,0.0,0
PRV54116,16,0,16,1280,80.0,300,84.22192905255338,4,2,1.25,58.5625,2.75,0.0,10.0,4.0,8.0,0.0,0
PRV54117,6,0,6,320,53.333333333333336,90,25.819888974716115,6,4,0.0,78.16666666666667,1.5,0.0,0.0,1.0,1.5,0.0,0
PRV54118,8,0,8,470,58.75,90,28.50438562747845,8,5,2.5,77.25,2.125,0.0,100.0,1.0,1.6,0.0,0
PRV54119,14,0,14,1980,141.42857142857142,800,211.40035451746502,12,10,0.0,74.71428571428571,2.9285714285714284,0.0,60.0,1.1666666666666667,1.4,0.0,0
PRV54120,2,0,2,1000,500.0,600,141.4213562373095,2,1,0.0,68.5,5.5,0.0,0.0,1.0,2.0,0.0,0
PRV54121,48,0,48,15370,320.2083333333333,2200,520.8564533875538,19,5,1.5,78.97916666666667,3.0416666666666665,0.0,140.0,2.526315789473684,9.6,0.0,0
PRV54122,4,0,4,510,127.5,200,83.81527307120105,4,4,0.0,84.75,2.5,0.0,0.0,1.0,1.0,0.0,0
PRV54123,2,0,2,110,55.0,80,35.35533905932738,2,2,0.0,76.0,3.0,0.0,60.0,1.0,1.0,0.0,0
PRV54124,5,0,5,700,140.0,500,203.46989949375805,5,4,0.0,67.4,3.2,0.0,0.0,1.0,1.25,0.0,0
PRV54125,11,0,11,7180,652.7272727272727,3300,1148.9394319030998,10,5,2.909090909090909,77.18181818181819,2.727272727272727,0.0,0.0,1.1,2.2,0.0,0
PRV54127,28,0,28,9100,325.0,3300,716.1341690969284,25,9,2.5714285714285716,72.96428571428571,2.1785714285714284,0.0,0.0,1.12,3.111111111111111,0.0,0
PRV54128,27,0,27,10440,386.6666666666667,1700,443.91613899647587,9,7,1.8148148148148149,70.22222222222223,2.8518518518518516,0.0,0.0,3.0,3.857142857142857,0.0,0
PRV54129,5,0,5,3120,624.0,2100,848.8403854671384,5,4,0.0,78.6,1.8,0.0,0.0,1.0,1.25,0.0,0
PRV54130,64,0,64,9210,143.90625,2600,341.29360440061265,36,10,1.359375,74.6875,2.8125,0.0,220.0,1.7777777777777777,6.4,0.0,0
PRV54131,24,0,24,4010,167.08333333333334,1100,251.50813223375135,12,3,0.2916666666666667,75.04166666666667,2.9166666666666665,0.0,10.0,2.0,8.0,0.0,0
PRV54132,5,0,5,530,106.0,300,112.38327277669039,5,3,0.0,64.0,3.6,0.0,0.0,1.0,1.6666666666666667,0.0,0
PRV54133,25,0,25,3560,142.4,900,214.4815454376747,24,8,0.08,75.84,2.96,0.0,0.0,1.0416666666666667,3.125,0.0,0
PRV54134,44,2,42,27250,619.3181818181819,5000,1209.9037011983066,36,21,0.3409090909090909,74.9090909090909,2.9318181818181817,0.022727272727272728,2206.0,1.2222222222222223,2.0952380952380953,0.045454545454545456,0
PRV54135,3,0,3,260,86.66666666666667,100,23.09401076758503,2,2,7.0,47.666666666666664,4.0,0.0,0.0,1.5,1.5,0.0,0
PRV54136,30,0,30,7570,252.33333333333334,2800,531.0086909694205,16,6,1.3666666666666667,71.63333333333334,2.3,0.0,120.0,1.875,5.0,0.0,0
PRV54139,99,5,94,61480,621.010101010101,25000,2715.703950889441,52,7,1.0808080808080809,68.75757575757575,2.7474747474747474,0.030303030303030304,5520.0,1.9038461538461537,14.142857142857142,0.050505050505050504,0
PRV54140,6,0,6,230,38.333333333333336,100,38.68677637987774,6,4,0.0,71.16666666666667,2.3333333333333335,0.0,0.0,1.0,1.5,0.0,0
PRV54141,31,0,31,9100,293.5483870967742,2500,590.5113512151806,11,9,1.3870967741935485,74.48387096774194,2.096774193548387,0.0,10.0,2.8181818181818183,3.4444444444444446,0.0,0
PRV54142,28,0,28,9940,355.0,2700,530.0768637485336,7,13,1.9285714285714286,71.0,2.9642857142857144,0.0,100.0,4.0,2.1538461538461537,0.0,0
PRV54144,294,0,294,73130,248.74149659863946,3300,552.4195441357456,103,11,1.3503401360544218,73.56122448979592,2.3401360544217686,0.0,830.0,2.854368932038835,26.727272727272727,0.0,1
PRV54145,6,0,6,6320,1053.3333333333333,2800,1364.7808126826324,5,6,3.5,76.0,2.3333333333333335,0.0,20.0,1.2,1.0,0.0,0
PRV54146,5,0,5,240,48.0,100,30.331501776206203,3,3,0.0,80.2,1.6,0.0,0.0,1.6666666666666667,1.6666666666666667,0.0,0
PRV54148,1,0,1,90,90.0,90,0.0,1,1,0.0,77.0,1.0,0.0,0.0,1.0,1.0,0.0,0
PRV54149,16,5,11,34700,2168.75,8000,3003.126981442287,14,13,1.25,70.75,3.8125,0.0,5340.0,1.1428571428571428,1.2307692307692308,0.3125,1
PRV54150,25,0,25,11020,440.8,2500,732.8080694606649,24,5,0.8,73.36,2.76,0.0,170.0,1.0416666666666667,5.0,0.0,0
PRV54153,14,3,11,41410,2957.8571428571427,17000,6153.172013212033,11,6,2.642857142857143,70.35714285714286,3.642857142857143,0.2857142857142857,3204.0,1.2727272727272727,2.3333333333333335,0.21428571428571427,0
PRV54154,12,0,12,1640,136.66666666666666,300,107.73142812596798,11,8,1.75,74.83333333333333,2.5833333333333335,0.0,0.0,1.0909090909090908,1.5,0.0,0
PRV54155,51,1,50,24440,479.2156862745098,13000,1846.030165666049,29,11,1.6862745098039216,76.07843137254902,2.215686274509804,0.0196078431372549,1288.0,1.7586206896551724,4.636363636363637,0.0196078431372549,0
PRV54156,121,0,121,30480,251.900826446281,4800,570.7368250042904,46,1,1.0495867768595042,78.37190082644628,2.5950413223140494,0.0,230.0,2.630434782608696,121.0,0.0,0
PRV54157,130,0,130,27980,215.23076923076923,2000,325.0359917688196,51,10,1.1846153846153846,71.4,2.6,0.0,180.0,2.549019607843137,13.0,0.0,0
PRV54158,9,0,9,2360,262.22222222222223,1500,480.38468381542356,9,4,0.6666666666666666,72.11111111111111,1.5555555555555556,0.0,0.0,1.0,2.25,0.0,0
PRV54159,34,0,34,14400,423.52941176470586,2400,731.7553919542984,22,6,2.3529411764705883,76.5,2.676470588235294,0.0,100.0,1.5454545454545454,5.666666666666667,0.0,0
PRV54160,9,0,9,4370,485.55555555555554,2000,676.9067718510266,9,5,4.444444444444445,73.22222222222223,2.0,0.0,0.0,1.0,1.8,0.0,0
PRV54162,32,0,32,8160,255.0,2000,490.43759262322504,18,7,0.6875,78.25,2.59375,0.0,40.0,1.7777777777777777,4.571428571428571,0.0,0
PRV54163,41,0,41,8820,215.1219512195122,1900,433.2962147954879,24,1,0.0975609756097561,71.36585365853658,2.658536585365854,0.0,130.0,1.7083333333333333,41.0,0.0,0
PRV54164,2,1,1,4100,2050.0,4000,2757.7164466275353,2,1,2.5,80.0,3.0,0.0,1068.0,1.0,2.0,0.5,0
PRV54166,20,0,20,6500,325.0,3300,778.4566377404109,17,1,0.9,71.75,3.0,0.0,0.0,1.1764705882352942,20.0,0.0,0
PRV54167,9,0,9,1840,204.44444444444446,800,286.2302880160969,8,7,0.0,73.0,3.5555555555555554,0.0,100.0,1.125,1.2857142857142858,0.0,0
PRV54168,67,1,66,34350,512.6865671641791,7000,1144.9130999040829,39,14,1.9104477611940298,75.34328358208955,2.9402985074626864,0.0,1418.0,1.7179487179487178,4.785714285714286,0.014925373134328358,0
PRV54171,72,0,72,20740,288.05555555555554,3300,524.4625388114852,27,4,0.9722222222222222,75.88888888888889,3.0416666666666665,0.0,330.0,2.6666666666666665,18.0,0.0,0
PRV54172,2,0,2,140,70.0,100,42.42640687119285,2,2,0.0,70.0,3.0,0.0,0.0,1.0,1.0,0.0,0
PRV54173,7,0,7,640,91.42857142857143,400,136.80016708427559,7,5,0.0,77.57142857142857,1.5714285714285714,0.0,0.0,1.0,1.4,0.0,0
PRV54175,1,0,1,80,80.0,80,0.0,1,1,0.0,80.0,1.0,0.0,0.0,1.0,1.0,0.0,0
PRV54176,10,0,10,1670,167.0,400,141.50382798120103,10,1,0.0,72.6,2.8,0.0,0.0,1.0,10.0,0.0,0
PRV54177,2,0,2,1100,550.0,900,494.9747468305833,2,2,0.0,80.5,1.0,0.0,0.0,1.0,1.0,0.0,0
PRV54178,2,0,2,90,45.0,60,21.213203435596427,2,1,0.0,57.0,1.0,0.0,0.0,1.0,2.0,0.0,0
PRV54179,1,0,1,0,0.0,0,0.0,1,1,0.0,68.0,1.0,0.0,0.0,1.0,1.0,0.0,0
PRV54180,2,0,2,150,75.0,80,7.0710678118654755,2,1,0.0,59.0,2.5,0.0,0.0,1.0,2.0,0.0,0
PRV54181,4,0,4,190,47.5,100,41.12987559751022,4,1,0.25,75.25,2.25,0.0,0.0,1.0,4.0,0.0,0
PRV54182,4,0,4,1750,437.5,1600,775.5159572826338,4,2,5.25,75.25,6.0,0.0,0.0,1.0,2.0,0.0,0
PRV54183,2,0,2,4400,2200.0,2300,141.4213562373095,2,1,0.0,70.0,2.5,0.0,0.0,1.0,2.0,0.0,0
PRV54184,10,0,10,3560,356.0,2000,607.4390687321834,8,1,4.0,76.7,3.4,0.0,0.0,1.25,10.0,0.0,0
PRV54185,2,0,2,350,175.0,300,176.7766952966369,2,1,10.5,75.0,2.5,0.0,0.0,1.0,2.0,0.0,0
PRV54186,11,0,11,1730,157.27272727272728,500,201.10151213210253,7,3,0.0,72.54545454545455,3.1818181818181817,0.0,0.0,1.5714285714285714,3.6666666666666665,0.0,0
PRV54187,1,0,1,200,200.0,200,0.0,1,1,0.0,66.0,5.0,0.0,0.0,1.0,1.0,0.0,0
PRV54188,4,0,4,3060,765.0,2600,1227.7486170493808,4,1,5.0,66.0,1.5,0.0,0.0,1.0,4.0,0.0,0
PRV54191,2,0,2,360,180.0,300,169.7056274847714,2,1,0.0,76.5,2.0,0.0,0.0,1.0,2.0,0.0,0
PRV54192,2,0,2,890,445.0,800,502.04581464244876,2,2,0.0,80.0,4.0,0.0,0.0,1.0,1.0,0.0,0
PRV54193,24,0,24,4030,167.91666666666666,900,235.37166108216962,12,1,0.20833333333333334,76.70833333333333,2.8333333333333335,0.0,0.0,2.0,24.0,0.0,0
PRV54194,7,0,7,3630,518.5714285714286,3300,1226.953253271813,7,1,0.14285714285714285,72.85714285714286,2.7142857142857144,0.0,0.0,1.0,7.0,0.0,0
PRV54196,10,0,10,4320,432.0,2600,816.4394241665044,10,2,2.1,72.2,2.8,0.0,0.0,1.0,5.0,0.0,0
PRV54197,14,0,14,850,60.714285714285715,400,101.03040560713818,12,6,0.0,76.35714285714286,2.2857142857142856,0.0,0.0,1.1666666666666667,2.3333333333333335,0.0,0
PRV54198,6,0,6,490,81.66666666666667,200,61.12828041640519,6,5,3.3333333333333335,68.83333333333333,2.6666666666666665,0.0,0.0,1.0,1.2,0.0,0
PRV54199,1,0,1,40,40.0,40,0.0,1,1,0.0,57.0,1.0,0.0,0.0,1.0,1.0,0.0,0
PRV54200,13,13,0,173090,13314.615384615385,43000,14090.130479277932,13,3,4.769230769230769,75.0,8.153846153846153,0.6153846153846154,13884.0,1.0,4.333333333333333,1.0,0
PRV54201,4,4,0,19600,4900.0,12000,4943.6828377233105,4,3,5.25,73.25,5.25,0.0,4272.0,1.0,1.3333333333333333,1.0,0
PRV54202,10,10,0,137000,13700.0,47000,12789.318459818984,10,4,5.3,77.0,7.2,0.9,9612.0,1.0,2.5,1.0,0
PRV54203,51,0,51,12930,253.52941176470588,2300,498.90609749495655,45,2,1.3529411764705883,76.6078431372549,2.7058823529411766,0.0,160.0,1.1333333333333333,25.5,0.0,0
PRV54204,4,4,0,62200,15550.0,49000,22677.668898426633,4,2,9.0,72.25,7.5,1.0,4272.0,1.0,2.0,1.0,0
PRV54205,9,9,0,65000,7222.222222222223,13000,3382.96385503074,8,3,4.666666666666667,73.11111111111111,8.555555555555555,0.6666666666666666,9612.0,1.125,3.0,1.0,0
PRV54206,44,1,43,21400,486.3636363636364,10000,1547.2978560675124,41,16,1.75,74.13636363636364,2.3636363636363638,0.045454545454545456,1118.0,1.0731707317073171,2.75,0.022727272727272728,0
PRV54207,41,0,41,6950,169.5121951219512,2300,362.20816680130355,32,25,0.7560975609756098,71.8048780487805,2.4146341463414633,0.0,100.0,1.28125,1.64,0.0,0
PRV54208,27,10,17,114160,4228.148148148148,28000,7809.394754956778,24,17,3.5555555555555554,71.5925925925926,4.555555555555555,0.18518518518518517,10680.0,1.125,1.588235294117647,0.37037037037037035,0
PRV54209,151,20,131,178900,1184.76821192053,29000,3673.0007413443464,139,87,1.390728476821192,73.57615894039735,3.5033112582781456,0.08609271523178808,21830.0,1.0863309352517985,1.735632183908046,0.13245033112582782,1
PRV54210,20,0,20,4610,230.5,800,261.8049695961922,18,5,2.25,74.2,1.65,0.0,100.0,1.1111111111111112,4.0,0.0,0
PRV54212,54,0,54,11920,220.74074074074073,2300,477.6983016146056,32,8,1.0925925925925926,74.44444444444444,2.4444444444444446,0.0,0.0,1.6875,6.75,0.0,0
PRV54213,67,21,46,169320,2527.1641791044776,18000,4093.874139813877,61,24,2.328358208955224,70.64179104477611,4.701492537313433,0.23880597014925373,22518.0,1.098360655737705,2.7916666666666665,0.31343283582089554,0
PRV54215,31,14,17,144370,4657.096774193548,28000,7147.941985190976,26,13,3.7096774193548385,72.41935483870968,5.483870967741935,0.3870967741935484,12876.0,1.1923076923076923,2.3846153846153846,0.45161290322580644,0
PRV54216,49,10,39,163340,3333.469387755102,33000,7145.256454174221,43,26,1.8775510204081634,70.75510204081633,4.081632653061225,0.1836734693877551,10680.0,1.1395348837209303,1.8846153846153846,0.20408163265306123,0
PRV54217,30,0,30,5260,175.33333333333334,1200,313.92655997457626,14,7,1.0,76.76666666666667,2.5,0.0,100.0,2.142857142857143,4.285714285714286,0.0,0
PRV54219,101,0,101,18730,185.44554455445544,3300,442.3472046989226,33,5,1.386138613861386,68.61386138613861,2.6930693069306932,0.009900990099009901,90.0,3.0606060606060606,20.2,0.0,0
PRV54220,32,8,24,185140,5785.625,77000,14701.672702176971,29,16,3.6875,76.15625,4.5625,0.21875,7476.0,1.103448275862069,2.0,0.25,0
PRV54222,19,0,19,3130,164.73684210526315,1200,282.55517496691647,11,3,0.3684210526315789,72.42105263157895,2.473684210526316,0.0,0.0,1.7272727272727273,6.333333333333333,0.0,0
PRV54223,74,0,74,16480,222.7027027027027,3300,536.2944838586845,25,5,1.1486486486486487,66.16216216216216,2.864864864864865,0.0,160.0,2.96,14.8,0.0,0
PRV54224,43,0,43,15460,359.5348837209302,3300,653.043984110354,23,5,0.8604651162790697,74.53488372093024,2.558139534883721,0.0,30.0,1.8695652173913044,8.6,0.0,0
PRV54225,104,0,104,53620,515.5769230769231,12200,1333.033497217907,59,1,2.0,66.5,2.730769230769231,0.0,530.0,1.7627118644067796,104.0,0.0,1
PRV54226,13,0,13,760,58.46153846153846,200,50.96504583963304,11,7,1.0769230769230769,80.46153846153847,2.076923076923077,0.0,0.0,1.1818181818181819,1.8571428571428572,0.0,0
PRV54227,53,0,53,7630,143.96226415094338,2100,319.1656166574235,47,22,1.830188679245283,74.58490566037736,2.358490566037736,0.0,30.0,1.127659574468085,2.409090909090909,0.0,0
PRV54228,352,41,311,406000,1153.409090909091,23000,2839.4442441512415,198,54,1.9943181818181819,70.32386363636364,3.1704545454545454,0.06818181818181818,43180.0,1.7777777777777777,6.518518518518518,0.11647727272727272,0
PRV54230,126,44,82,408650,3243.253968253968,31000,5868.878574905441,113,76,2.619047619047619,72.56349206349206,4.7936507936507935,0.24603174603174602,47482.0,1.1150442477876106,1.6578947368421053,0.3492063492063492,1
PRV54231,190,0,190,67880,357.2631578947368,3300,670.2355932709999,64,21,2.3947368421052633,68.99473684210527,2.626315789473684,0.0,330.0,2.96875,9.047619047619047,0.0,0
PRV54232,42,8,34,107750,2565.4761904761904,37000,7323.790902418372,34,18,2.4285714285714284,73.0952380952381,3.8095238095238093,0.07142857142857142,8544.0,1.2352941176470589,2.3333333333333335,0.19047619047619047,0
PRV54233,7,1,6,6350,907.1428571428571,6000,2245.9126896484217,7,6,0.2857142857142857,80.14285714285714,3.142857142857143,0.0,1068.0,1.0,1.1666666666666667,0.14285714285714285,0
PRV54235,16,0,16,4280,267.5,1900,490.36720934418116,13,9,1.0625,70.375,2.4375,0.0,0.0,1.2307692307692308,1.7777777777777777,0.0,0
PRV54237,234,0,234,52560,224.6153846153846,3300,450.0062726535417,119,15,0.9102564102564102,73.25641025641026,2.3675213675213675,0.0,920.0,1.9663865546218486,15.6,0.0,0
PRV54238,348,0,348,92890,266.92528735632186,3800,538.907556666709,153,4,1.235632183908046,72.79885057471265,2.7241379310344827,0.0,900.0,2.2745098039215685,87.0,0.0,0
PRV54239,62,0,62,20980,338.38709677419354,2300,593.7328249067597,44,2,1.4838709677419355,72.83870967741936,2.9838709677419355,0.0,180.0,1.4090909090909092,31.0,0.0,0
PRV54240,72,0,72,14400,200.0,2700,411.36666759871,37,12,0.5833333333333334,73.30555555555556,2.4722222222222223,0.0,290.0,1.945945945945946,6.0,0.0,0
PRV54242,88,4,84,53270,605.3409090909091,12000,1704.8611692988593,74,42,0.7613636363636364,71.9659090909091,3.215909090909091,0.056818181818181816,4392.0,1.1891891891891893,2.0952380952380953,0.045454545454545456,0
PRV54244,231,49,182,576370,2495.1082251082253,40000,5840.383092071056,189,97,2.4372294372294374,72.0952380952381,3.857142857142857,0.17316017316017315,50576.0,1.2222222222222223,2.381443298969072,0.21212121212121213,0
PRV54245,173,14,159,157450,910.1156069364162,38000,3436.2621641801334,104,55,1.5144508670520231,74.80346820809248,3.0289017341040463,0.04046242774566474,15742.0,1.6634615384615385,3.1454545454545455,0.08092485549132948,0
PRV54246,43,0,43,9900,230.2325581395349,1700,366.25185435638485,27,18,1.8604651162790697,69.44186046511628,2.9302325581395348,0.0,120.0,1.5925925925925926,2.388888888888889,0.0,0
PRV54247,70,4,66,47030,671.8571428571429,11000,1808.9209633811627,48,13,1.4285714285714286,74.28571428571429,2.7,0.014285714285714285,4412.0,1.4583333333333333,5.384615384615385,0.05714285714285714,0
PRV54250,62,0,62,22530,363.38709677419354,3300,784.4491510929496,61,41,0.6451612903225806,70.54838709677419,2.3548387096774195,0.0,220.0,1.0163934426229508,1.5121951219512195,0.0,0
PRV54251,47,6,41,77590,1650.8510638297873,16000,3626.6800183634437,32,5,3.723404255319149,68.68085106382979,3.8085106382978724,0.0851063829787234,6508.0,1.46875,9.4,0.1276595744680851,0
PRV54252,17,0,17,6030,354.70588235294116,2100,490.77894269032697,16,6,1.5294117647058822,68.41176470588235,2.764705882352941,0.0,0.0,1.0625,2.8333333333333335,0.0,0
PRV54253,14,4,10,82850,5917.857142857143,51000,13640.830776962022,13,9,3.5714285714285716,73.28571428571429,4.071428571428571,0.14285714285714285,4272.0,1.0769230769230769,1.5555555555555556,0.2857142857142857,0
PRV54254,104,0,104,23140,222.5,3300,505.98313414464224,44,18,1.5192307692307692,70.82692307692308,2.7211538461538463,0.0,290.0,2.3636363636363638,5.777777777777778,0.0,0
PRV54255,232,0,232,107230,462.19827586206895,10100,1146.680091936617,154,5,1.5086206896551724,70.67241379310344,2.831896551724138,0.0,160.0,1.5064935064935066,46.4,0.0,0
PRV54256,262,5,257,117080,446.8702290076336,14000,1320.072901719291,100,16,1.4122137404580153,70.04961832061069,2.4770992366412212,0.015267175572519083,5930.0,2.62,16.375,0.019083969465648856,0
PRV54257,282,0,282,69540,246.59574468085106,3300,470.67957198460107,134,1,1.7836879432624113,68.51773049645391,2.5709219858156027,0.0,620.0,2.1044776119402986,282.0,0.0,0
PRV54258,238,118,120,1217250,5114.495798319328,57000,8440.002671999451,201,75,3.226890756302521,72.25210084033614,5.453781512605042,0.36134453781512604,119816.0,1.1840796019900497,3.1733333333333333,0.4957983193277311,1
PRV54259,29,12,17,89900,3100.0,14000,4138.619507586005,26,12,2.9655172413793105,68.62068965517241,4.379310344827586,0.3103448275862069,12816.0,1.1153846153846154,2.4166666666666665,0.41379310344827586,0
PRV54261,75,0,75,25490,339.8666666666667,3300,583.7124739563583,66,38,2.4,75.58666666666667,2.546666666666667,0.013333333333333334,380.0,1.1363636363636365,1.9736842105263157,0.0,0
PRV54262,1,1,0,3000,3000.0,3000,0.0,1,1,4.0,78.0,6.0,0.0,1068.0,1.0,1.0,1.0,0
PRV54263,6,1,5,4860,810.0,4000,1585.1309094204175,6,5,0.16666666666666666,65.33333333333333,3.5,0.0,1168.0,1.0,1.2,0.16666666666666666,0
PRV54265,406,0,406,112930,278.1527093596059,3300,555.7659924380636,197,13,1.2635467980295567,70.41133004926108,2.7438423645320196,0.0,1360.0,2.0609137055837565,31.23076923076923,0.0,0
PRV54266,65,21,44,339180,5218.153846153846,51000,11270.206421732546,59,19,2.3846153846153846,72.01538461538462,4.384615384615385,0.3076923076923077,21450.0,1.1016949152542372,3.4210526315789473,0.3230769230769231,0
PRV54267,226,0,226,78960,349.3805309734513,14040,1106.939149736458,84,2,1.0663716814159292,71.28318584070796,2.725663716814159,0.0,550.0,2.6904761904761907,113.0,0.0,0
PRV54269,118,0,118,32740,277.45762711864404,3300,545.8533450090501,26,14,0.8813559322033898,75.83050847457628,2.3728813559322033,0.0,290.0,4.538461538461538,8.428571428571429,0.0,0
PRV54270,34,0,34,11320,332.94117647058823,2300,494.01588375743,27,4,1.1764705882352942,68.3529411764706,2.4411764705882355,0.0,150.0,1.2592592592592593,8.5,0.0,0
PRV54271,29,0,29,6240,215.17241379310346,1000,296.3181288708758,12,9,1.4137931034482758,65.72413793103448,2.896551724137931,0.0,130.0,2.4166666666666665,3.2222222222222223,0.0,0
PRV54273,234,0,234,72020,307.77777777777777,11100,867.1160934408105,108,5,1.5683760683760684,72.8076923076923,2.6965811965811968,0.0,930.0,2.1666666666666665,46.8,0.0,0
PRV54274,47,0,47,16740,356.17021276595744,3300,775.5546491873031,17,7,2.0425531914893615,73.27659574468085,2.8085106382978724,0.0,40.0,2.764705882352941,6.714285714285714,0.0,0
PRV54275,1,0,1,50,50.0,50,0.0,1,1,4.0,82.0,1.0,0.0,0.0,1.0,1.0,0.0,0
PRV54276,77,4,73,100810,1309.2207792207791,57000,6723.418766605386,35,12,1.0909090909090908,68.9090909090909,2.4935064935064934,0.05194805194805195,4592.0,2.2,6.416666666666667,0.05194805194805195,0
PRV54278,61,0,61,19690,322.78688524590166,3200,640.2815296090228,27,6,2.3114754098360657,67.18032786885246,3.1147540983606556,0.0,140.0,2.259259259259259,10.166666666666666,0.0,0
PRV54280,20,0,20,7030,351.5,2300,704.98432233408,15,1,0.5,70.5,2.2,0.0,0.0,1.3333333333333333,20.0,0.0,0
PRV54282,19,0,19,6540,344.2105263157895,2000,602.2210353670789,11,1,1.105263157894737,66.10526315789474,2.9473684210526314,0.0,70.0,1.7272727272727273,19.0,0.0,0
PRV54283,5,0,5,550,110.0,500,218.28879952943075,5,4,0.0,57.6,3.6,0.0,0.0,1.0,1.25,0.0,0
PRV54284,113,8,105,96100,850.4424778761062,14000,2227.8682914153173,43,4,2.0973451327433628,68.98230088495575,3.1946902654867255,0.05309734513274336,8774.0,2.627906976744186,28.25,0.07079646017699115,0
PRV54285,20,0,20,2550,127.5,700,173.35315338774106,16,10,1.55,75.6,2.65,0.0,200.0,1.25,2.0,0.0,0
PRV54287,155,0,155,37900,244.51612903225808,3000,462.0664953951287,67,8,0.9870967741935484,72.05806451612904,2.52258064516129,0.0,720.0,2.3134328358208953,19.375,0.0,0
PRV54288,15,0,15,4100,273.3333333333333,2300,581.6315312078929,13,7,1.1333333333333333,68.26666666666667,2.8666666666666667,0.0,0.0,1.1538461538461537,2.142857142857143,0.0,0
PRV54289,56,0,56,17720,316.42857142857144,3300,563.0579772228484,28,2,1.9107142857142858,74.32142857142857,3.1964285714285716,0.0,170.0,2.0,28.0,0.0,0
PRV54290,6,0,6,3300,550.0,1700,670.9396396100025,6,2,0.0,71.5,2.3333333333333335,0.0,0.0,1.0,3.0,0.0,0
PRV54291,10,0,10,1710,171.0,500,207.70973336204864,9,5,0.0,69.9,1.6,0.0,60.0,1.1111111111111112,2.0,0.0,0
PRV54293,2,0,2,2520,1260.0,2500,1753.624817342638,2,1,0.0,70.5,2.5,0.0,0.0,1.0,2.0,0.0,0
PRV54294,1,0,1,60,60.0,60,0.0,1,1,0.0,76.0,8.0,0.0,0.0,1.0,1.0,0.0,0
PRV54295,1,0,1,3300,3300.0,3300,0.0,1,1,7.0,89.0,2.0,0.0,0.0,1.0,1.0,0.0,0
PRV54296,54,0,54,10460,193.7037037037037,2200,339.27946012320797,18,1,0.9444444444444444,75.25925925925925,2.9444444444444446,0.0,200.0,3.0,54.0,0.0,0
PRV54297,8,8,0,168000,21000.0,57000,21718.984454027443,7,4,6.875,76.5,8.625,1.375,8544.0,1.1428571428571428,2.0,1.0,1
PRV54298,3,3,0,38000,12666.666666666666,21000,8020.806277010643,3,3,5.333333333333333,68.33333333333333,9.0,1.0,3204.0,1.0,1.0,1.0,0
PRV54299,5,0,5,1800,360.0,1000,389.8076448711595,5,1,5.4,71.8,2.8,0.0,0.0,1.0,5.0,0.0,0
PRV54300,6,0,6,1490,248.33333333333334,800,355.77614684892336,6,2,2.0,69.16666666666667,3.0,0.0,280.0,1.0,3.0,0.0,0
PRV54301,13,0,13,3690,283.84615384615387,2500,671.4975609478969,11,1,2.6923076923076925,71.92307692307692,2.076923076923077,0.0,0.0,1.1818181818181819,13.0,0.0,0
PRV54302,1,0,1,3300,3300.0,3300,0.0,1,1,0.0,82.0,1.0,0.0,0.0,1.0,1.0,0.0,0
PRV54303,16,0,16,5160,322.5,1900,526.2128846769148,14,1,2.5625,67.5625,3.0,0.0,0.0,1.1428571428571428,16.0,0.0,0
PRV54304,1,0,1,50,50.0,50,0.0,1,1,0.0,76.0,4.0,0.0,0.0,1.0,1.0,0.0,0
PRV54305,6,0,6,2660,443.3333333333333,1800,687.0419686355898,5,1,1.6666666666666667,69.33333333333333,3.3333333333333335,0.0,10.0,1.2,6.0,0.0,0
PRV54306,33,0,33,13300,403.030303030303,2200,640.7294907392903,28,3,4.757575757575758,68.96969696969697,3.878787878787879,0.0,400.0,1.1785714285714286,11.0,0.0,0
PRV54307,2,0,2,400,200.0,300,141.4213562373095,2,1,0.0,58.5,2.0,0.0,0.0,1.0,2.0,0.0,0
PRV54308,1,0,1,70,70.0,70,0.0,1,1,0.0,85.0,3.0,0.0,0.0,1.0,1.0,0.0,0
PRV54309,29,0,29,6160,212.41379310344828,1000,249.35137532081959,18,1,2.413793103448276,75.48275862068965,2.3793103448275863,0.0,220.0,1.6111111111111112,29.0,0.0,0
PRV54310,7,0,7,300,42.857142857142854,60,23.603873774083297,3,1,5.285714285714286,67.57142857142857,1.7142857142857142,0.0,0.0,2.3333333333333335,7.0,0.0,0
PRV54311,3,0,3,100,33.333333333333336,90,49.32882862316247,3,1,6.666666666666667,85.66666666666667,1.6666666666666667,0.0,0.0,1.0,3.0,0.0,0
PRV54312,4,0,4,350,87.5,200,83.81527307120105,4,2,0.0,76.5,2.25,0.0,30.0,1.0,2.0,0.0,0
PRV54313,16,0,16,7070,441.875,3300,921.8403242066021,16,4,3.875,68.0,3.4375,0.0,80.0,1.0,4.0,0.0,0
PRV54315,103,0,103,37770,366.6990291262136,3300,659.8000118121274,41,2,2.3592233009708736,68.80582524271844,2.6893203883495147,0.0,250.0,2.5121951219512195,51.5,0.0,0
PRV54316,2,0,2,250,125.0,200,106.06601717798213,1,1,0.0,88.0,1.5,0.0,0.0,2.0,2.0,0.0,0
PRV54317,25,0,25,3650,146.0,600,181.45247311624058,22,1,0.88,69.28,2.72,0.0,40.0,1.1363636363636365,25.0,0.0,0
PRV54319,1,0,1,100,100.0,100,0.0,1,1,0.0,85.0,9.0,0.0,0.0,1.0,1.0,0.0,0
PRV54320,102,0,102,21760,213.33333333333334,3100,401.10820083722786,44,1,1.7254901960784315,74.87254901960785,2.676470588235294,0.0,180.0,2.3181818181818183,102.0,0.0,0
PRV54323,51,0,51,10380,203.52941176470588,1600,315.33996593779074,30,5,2.196078431372549,70.47058823529412,2.392156862745098,0.0,310.0,1.7,10.2,0.0,1
PRV54324,32,32,0,266000,8312.5,32000,6669.32070826388,28,3,5.8125,74.0,8.15625,0.75,34176.0,1.1428571428571428,10.666666666666666,1.0,0
PRV54325,15,15,0,142000,9466.666666666666,22000,6081.196624098942,15,2,4.533333333333333,68.13333333333334,7.6,1.0,16020.0,1.0,7.5,1.0,0
PRV54326,5,5,0,20000,4000.0,9000,3937.0039370059058,4,1,5.2,78.8,9.0,0.6,5340.0,1.25,5.0,1.0,0
PRV54327,70,13,57,195380,2791.1428571428573,57000,8152.609174743238,43,36,2.642857142857143,78.04285714285714,3.6285714285714286,0.12857142857142856,14034.0,1.627906976744186,1.9444444444444444,0.18571428571428572,1
PRV54328,117,17,100,195980,1675.042735042735,37000,4964.513835963024,99,36,2.5384615384615383,74.64957264957265,3.5555555555555554,0.13675213675213677,17258.0,1.1818181818181819,3.25,0.1452991452991453,0
PRV54330,472,18,454,280120,593.4745762711865,22000,1910.383017417611,372,103,1.38135593220339,74.34745762711864,2.8665254237288136,0.025423728813559324,19166.0,1.2688172043010753,4.58252427184466,0.038135593220338986,0
PRV54332,995,0,995,333170,334.84422110552765,14200,773.0168049523259,531,3,1.3809045226130654,72.35276381909547,2.516582914572864,0.0,2360.0,1.8738229755178908,331.6666666666667,0.0,0
PRV54333,360,50,310,629430,1748.4166666666667,65000,5467.739318227337,291,92,1.5583333333333333,71.79722222222222,3.3833333333333333,0.11944444444444445,54140.0,1.2371134020618557,3.9130434782608696,0.1388888888888889,1
PRV54334,105,0,105,22590,215.14285714285714,3300,441.96918245705575,49,12,0.9428571428571428,73.5904761904762,2.5142857142857142,0.0,270.0,2.142857142857143,8.75,0.0,0
PRV54335,219,19,200,245690,1121.8721461187215,25000,3197.340159205797,187,94,1.1598173515981736,72.41095890410959,3.050228310502283,0.0547945205479452,20702.0,1.1711229946524064,2.3297872340425534,0.0867579908675799,0
PRV54336,232,14,218,232060,1000.2586206896551,48000,4120.299228659443,103,29,1.1810344827586208,73.40086206896552,3.0301724137931036,0.03879310344827586,15252.0,2.2524271844660193,8.0,0.0603448275862069,1
PRV54337,149,64,85,640510,4298.724832214765,57000,7891.542623884247,132,71,3.3959731543624163,76.19463087248322,4.919463087248322,0.2550335570469799,66646.0,1.128787878787879,2.0985915492957745,0.42953020134228187,0
PRV54339,123,11,112,143870,1169.6747967479675,21000,3313.1305919938472,68,28,1.975609756097561,72.8780487804878,2.8292682926829267,0.04878048780487805,11938.0,1.8088235294117647,4.392857142857143,0.08943089430894309,0
PRV54340,96,3,93,69900,728.125,23000,2465.166296301539,54,36,1.6979166666666667,70.84375,2.8958333333333335,0.020833333333333332,3834.0,1.7777777777777777,2.6666666666666665,0.03125,0
PRV54341,55,1,54,23970,435.8181818181818,6100,1028.8373353578604,34,10,1.5272727272727273,76.34545454545454,2.618181818181818,0.0,1218.0,1.6176470588235294,5.5,0.01818181818181818,0
PRV54342,35,7,28,44280,1265.142857142857,9000,2649.731808214217,34,18,0.8571428571428571,69.68571428571428,3.7142857142857144,0.05714285714285714,7656.0,1.0294117647058822,1.9444444444444444,0.2,0
PRV54343,17,0,17,3110,182.94117647058823,900,276.4453993531624,16,14,0.29411764705882354,67.70588235294117,1.5294117647058822,0.0,100.0,1.0625,1.2142857142857142,0.0,0
PRV54344,51,0,51,17170,336.6666666666667,3300,753.2215256262042,42,32,1.6666666666666667,69.3921568627451,2.411764705882353,0.0,200.0,1.2142857142857142,1.59375,0.0,0
PRV54345,167,0,167,47280,283.1137724550898,3300,600.4806349932927,139,75,1.3712574850299402,74.40119760479043,2.3592814371257487,0.0,500.0,1.2014388489208634,2.2266666666666666,0.0,0
PRV54347,26,0,26,6530,251.15384615384616,2100,434.9650737526122,25,17,0.6923076923076923,72.23076923076923,2.1923076923076925,0.0,0.0,1.04,1.5294117647058822,0.0,0
PRV54348,217,91,126,959880,4423.410138248848,86000,8739.206749666428,203,93,3.410138248847926,73.68202764976958,4.783410138248848,0.35944700460829493,95392.0,1.0689655172413792,2.3333333333333335,0.41935483870967744,0
PRV54349,77,0,77,17850,231.8181818181818,2000,370.8444392007576,27,10,0.7142857142857143,70.77922077922078,2.675324675324675,0.0,550.0,2.8518518518518516,7.7,0.0,0
PRV54350,1495,105,1390,1425070,953.2240802675585,98000,4348.947006677551,530,84,1.534448160535117,72.59598662207358,3.0153846153846153,0.05284280936454849,115414.0,2.8207547169811322,17.797619047619047,0.07023411371237458,1
PRV54352,12,0,12,1670,139.16666666666666,900,244.483066278566,7,1,0.0,63.083333333333336,2.1666666666666665,0.0,0.0,1.7142857142857142,12.0,0.0,0
PRV54353,32,0,32,6620,206.875,1900,378.35328685954266,31,22,1.125,73.125,2.21875,0.0,250.0,1.032258064516129,1.4545454545454546,0.0,0
PRV54354,100,25,75,259620,2596.2,30000,5157.22534827879,89,34,3.01,74.26,3.75,0.18,26770.0,1.1235955056179776,2.9411764705882355,0.25,1
PRV54355,16,2,14,14040,877.5,5000,1680.2440298956576,10,10,1.25,70.6875,3.5,0.0,2336.0,1.6,1.6,0.125,0
PRV54356,31,15,16,195370,6302.258064516129,51000,11494.070271137614,24,15,3.5483870967741935,69.70967741935483,4.67741935483871,0.4838709677419355,14952.0,1.2916666666666667,2.066666666666667,0.4838709677419355,0
PRV54357,10,0,10,2190,219.0,1700,521.5883860329374,9,6,0.3,79.2,4.0,0.0,0.0,1.1111111111111112,1.6666666666666667,0.0,0
PRV54358,43,0,43,13150,305.8139534883721,3200,646.4085121365351,30,19,1.813953488372093,68.93023255813954,2.255813953488372,0.0,30.0,1.4333333333333333,2.263157894736842,0.0,0
PRV54359,490,44,446,584210,1192.265306122449,90000,5495.053210508468,152,42,1.4653061224489796,70.93673469387755,3.1408163265306124,0.07551020408163266,47892.0,3.223684210526316,11.666666666666666,0.08979591836734693,1
PRV54360,37,0,37,9100,245.94594594594594,2500,478.44922788490703,32,27,1.6216216216216217,79.08108108108108,2.2162162162162162,0.0,200.0,1.15625,1.3703703703703705,0.0,0
PRV54361,40,7,33,83640,2091.0,33000,5793.796328611829,27,13,2.55,71.3,3.625,0.125,6428.0,1.4814814814814814,3.076923076923077,0.175,1
PRV54362,50,0,50,14510,290.2,3300,664.5314138549057,38,18,0.24,73.6,2.3,0.0,410.0,1.3157894736842106,2.7777777777777777,0.0,0
PRV54363,64,12,52,136700,2135.9375,33000,5376.007463722499,47,23,2.28125,74.0,3.546875,0.15625,13086.0,1.3617021276595744,2.782608695652174,0.1875,0
PRV54365,115,0,115,31190,271.2173913043478,2900,545.1446739025918,61,16,1.208695652173913,76.71304347826087,2.7043478260869565,0.0,380.0,1.8852459016393444,7.1875,0.0,0
PRV54367,636,322,314,3133880,4927.4842767295595,57000,8000.059997298917,558,163,3.5267295597484276,73.4622641509434,5.29874213836478,0.38522012578616355,335394.0,1.1397849462365592,3.901840490797546,0.5062893081761006,1
PRV54368,110,4,106,45340,412.1818181818182,5000,807.856356813741,98,39,1.309090909090909,72.24545454545455,2.7545454545454544,0.0,4612.0,1.1224489795918366,2.8205128205128207,0.03636363636363636,0
PRV54370,181,0,181,42270,233.53591160220995,3300,504.02456408710106,113,74,0.47513812154696133,72.67955801104972,2.453038674033149,0.0,490.0,1.6017699115044248,2.445945945945946,0.0,0
PRV54371,31,0,31,8280,267.0967741935484,1900,422.96724497599183,30,19,2.2903225806451615,73.35483870967742,2.774193548387097,0.0,50.0,1.0333333333333334,1.631578947368421,0.0,0
PRV54372,1617,21,1596,673000,416.20284477427333,49000,1749.5903490593446,805,68,1.3129251700680271,72.68274582560296,2.683364254792826,0.011750154607297465,26618.0,2.008695652173913,23.779411764705884,0.012987012987012988,1
PRV54373,8,1,7,5830,728.75,5000,1728.165315339611,8,5,0.375,74.375,2.875,0.125,1068.0,1.0,1.6,0.125,0
PRV54374,854,0,854,280020,327.89227166276345,15000,933.845059766054,455,10,1.5011709601873535,73.3407494145199,2.659250585480094,0.00234192037470726,2270.0,1.876923076923077,85.4,0.0,0
PRV54375,56,16,40,143990,2571.25,17000,4496.709124965218,48,37,3.7857142857142856,72.71428571428571,4.178571428571429,0.21428571428571427,16030.0,1.1666666666666667,1.5135135135135136,0.2857142857142857,0
PRV54377,20,2,18,33110,1655.5,16000,4447.378263769861,19,16,2.7,64.15,3.0,0.1,2226.0,1.0526315789473684,1.25,0.1,0
PRV54378,79,18,61,200510,2538.1012658227846,32000,5704.750623990627,58,50,2.7088607594936707,73.12658227848101,3.8227848101265822,0.17721518987341772,19624.0,1.3620689655172413,1.58,0.22784810126582278,0
PRV54379,116,28,88,280670,2419.5689655172414,35000,5056.376154183319,96,40,2.956896551724138,70.37931034482759,3.853448275862069,0.16379310344827586,28018.0,1.2083333333333333,2.9,0.2413793103448276,0
PRV54380,12,2,10,16940,1411.6666666666667,12000,3519.4623384140864,11,9,1.6666666666666667,71.75,3.0833333333333335,0.08333333333333333,2136.0,1.0909090909090908,1.3333333333333333,0.16666666666666666,0
PRV54381,129,13,116,163410,1266.7441860465117,57000,5527.834703060545,124,75,1.0852713178294573,73.5891472868217,2.9689922480620154,0.05426356589147287,14144.0,1.0403225806451613,1.72,0.10077519379844961,0
PRV54382,257,66,191,704830,2742.5291828793775,57000,6841.645754138517,214,87,2.4396887159533076,73.7431906614786,3.67704280155642,0.19844357976653695,67644.0,1.2009345794392523,2.954022988505747,0.25680933852140075,1
PRV54383,29,0,29,5470,188.6206896551724,2500,458.3333482609342,22,14,0.6896551724137931,77.89655172413794,1.9310344827586208,0.0,0.0,1.3181818181818181,2.0714285714285716,0.0,0
PRV54384,28,2,26,44280,1581.4285714285713,33000,6226.218586236584,27,21,1.0714285714285714,73.92857142857143,2.9285714285714284,0.07142857142857142,2136.0,1.037037037037037,1.3333333333333333,0.07142857142857142,0
PRV54387,415,0,415,113710,274.0,3300,545.4519023504985,235,3,2.1156626506024097,72.41445783132531,2.6602409638554216,0.0024096385542168677,1290.0,1.7659574468085106,138.33333333333334,0.0,0
PRV54388,76,6,70,48840,642.6315789473684,7000,1434.1216763078867,73,27,2.526315789473684,75.65789473684211,3.25,0.05263157894736842,6478.0,1.0410958904109588,2.814814814814815,0.07894736842105263,1
PRV54389,56,0,56,25590,456.9642857142857,3300,796.2798038215122,44,39,1.5892857142857142,72.57142857142857,2.392857142857143,0.0,100.0,1.2727272727272727,1.435897435897436,0.0,0
PRV54390,95,38,57,352760,3713.2631578947367,32000,6312.283270702103,86,49,4.063157894736842,74.05263157894737,4.8,0.30526315789473685,40654.0,1.1046511627906976,1.9387755102040816,0.4,0
PRV54391,318,21,297,237230,746.0062893081761,33000,2510.006113071734,222,141,1.6918238993710693,73.062893081761,2.9056603773584904,0.03459119496855346,21720.0,1.4324324324324325,2.25531914893617,0.0660377358490566,1
PRV54392,35,0,35,4860,138.85714285714286,700,189.00313456117487,33,28,0.2857142857142857,67.57142857142857,2.7714285714285714,0.0,20.0,1.0606060606060606,1.25,0.0,0
PRV54393,75,5,70,48090,641.2,12000,1613.8747732658144,63,30,1.5466666666666666,68.85333333333334,3.36,0.02666666666666667,5770.0,1.1904761904761905,2.5,0.06666666666666667,0
PRV54396,44,1,43,26840,610.0,10000,1652.4119087803347,32,21,3.0454545454545454,74.75,2.9545454545454546,0.0,1128.0,1.375,2.0952380952380953,0.022727272727272728,0
PRV54399,349,13,336,263040,753.6962750716332,32000,2881.9331852937817,144,21,1.9226361031518624,72.74785100286533,2.828080229226361,0.025787965616045846,14744.0,2.423611111111111,16.61904761904762,0.03724928366762178,1
PRV54400,96,0,96,28030,291.9791666666667,2600,522.1183971227551,88,2,2.21875,73.4375,2.5104166666666665,0.0,20.0,1.0909090909090908,48.0,0.0,0
PRV54401,22,0,22,3020,137.27272727272728,1400,287.71980116544637,22,17,1.8181818181818181,72.9090909090909,2.3636363636363638,0.0,0.0,1.0,1.2941176470588236,0.0,0
PRV54402,56,6,50,74520,1330.7142857142858,20000,3740.3416747879924,50,23,1.3214285714285714,72.5,2.9642857142857144,0.03571428571428571,6518.0,1.12,2.4347826086956523,0.10714285714285714,0
PRV54403,12,0,12,1880,156.66666666666666,500,160.3594447332352,11,9,0.6666666666666666,64.66666666666667,3.0833333333333335,0.0,100.0,1.0909090909090908,1.3333333333333333,0.0,0
PRV54404,266,2,264,83080,312.3308270676692,6000,669.3718680133005,188,25,1.3270676691729324,72.60902255639098,2.43609022556391,0.0,3166.0,1.4148936170212767,10.64,0.007518796992481203,0
PRV54407,19,0,19,2540,133.68421052631578,600,175.537603642062,16,8,1.7894736842105263,73.57894736842105,1.9473684210526316,0.0,20.0,1.1875,2.375,0.0,0
PRV54408,106,2,104,53140,501.3207547169811,6000,982.031980345998,28,14,2.4056603773584904,68.88679245283019,2.707547169811321,0.0,2176.0,3.7857142857142856,7.571428571428571,0.018867924528301886,0
PRV54409,19,5,14,35160,1850.5263157894738,14000,3500.94982934665,16,9,3.1052631578947367,76.94736842105263,3.9473684210526314,0.10526315789473684,5340.0,1.1875,2.111111111111111,0.2631578947368421,0
PRV54410,37,0,37,10350,279.72972972972974,2200,457.1377526795669,20,4,0.7567567567567568,63.21621621621622,2.2432432432432434,0.0,50.0,1.85,9.25,0.0,0
PRV54411,22,1,21,8070,366.8181818181818,2000,540.4705741836844,16,7,1.6363636363636365,70.77272727272727,2.727272727272727,0.045454545454545456,1238.0,1.375,3.142857142857143,0.045454545454545456,0
PRV54412,70,0,70,12280,175.42857142857142,1900,317.2192846189549,43,5,0.7142857142857143,70.54285714285714,2.1,0.0,30.0,1.627906976744186,14.0,0.0,0
PRV54413,20,0,20,3150,157.5,800,204.88443469172415,14,5,0.05,73.4,2.3,0.0,40.0,1.4285714285714286,4.0,0.0,0
PRV54414,30,1,29,31780,1059.3333333333333,13000,2486.1796386026294,18,6,2.533333333333333,72.53333333333333,2.8333333333333335,0.03333333333333333,1288.0,1.6666666666666667,5.0,0.03333333333333333,0
PRV54415,27,0,27,7130,264.0740740740741,3300,649.1785297841907,16,8,0.0,72.85185185185185,2.5555555555555554,0.0,210.0,1.6875,3.375,0.0,0
PRV54416,17,0,17,7880,463.52941176470586,3300,895.0694189312259,16,9,0.058823529411764705,71.29411764705883,2.2941176470588234,0.0,0.0,1.0625,1.8888888888888888,0.0,0
PRV54419,28,0,28,4970,177.5,1100,265.82680242761245,27,10,1.4642857142857142,74.0,2.5714285714285716,0.0,0.0,1.037037037037037,2.8,0.0,0
PRV54420,1,0,1,300,300.0,300,0.0,1,1,5.0,46.0,2.0,0.0,0.0,1.0,1.0,0.0,0
PRV54421,65,0,65,14530,223.53846153846155,2500,390.0858510044246,31,7,1.7692307692307692,67.49230769230769,2.3384615384615386,0.0,100.0,2.096774193548387,9.285714285714286,0.0,0
PRV54422,15,0,15,2750,183.33333333333334,1100,282.5816359078929,12,5,0.0,70.0,2.3333333333333335,0.0,0.0,1.25,3.0,0.0,0
PRV54423,93,0,93,22480,241.72043010752688,2600,448.44083429219785,51,11,0.5806451612903226,74.48387096774194,2.7096774193548385,0.0,390.0,1.8235294117647058,8.454545454545455,0.0,0
PRV54424,2,0,2,150,75.0,90,21.213203435596427,2,2,10.0,69.5,3.0,0.0,0.0,1.0,1.0,0.0,0
PRV54425,18,4,14,74300,4127.777777777777,29000,9180.101598537845,13,11,2.111111111111111,72.55555555555556,4.333333333333333,0.16666666666666666,4272.0,1.3846153846153846,1.6363636363636365,0.2222222222222222,0
PRV54426,24,9,15,100390,4182.916666666667,19000,6069.536533532364,20,13,3.2083333333333335,73.08333333333333,5.0,0.25,9612.0,1.2,1.8461538461538463,0.375,0
PRV54427,62,0,62,11740,189.3548387096774,3300,437.12875009147007,20,12,2.1451612903225805,71.40322580645162,2.629032258064516,0.0,290.0,3.1,5.166666666666667,0.0,0
PRV54429,65,3,62,51170,787.2307692307693,14000,2238.8937751797116,27,11,1.9384615384615385,65.50769230769231,2.830769230769231,0.046153846153846156,2366.0,2.4074074074074074,5.909090909090909,0.046153846153846156,0
PRV54430,64,0,64,12900,201.5625,1400,282.1865798953165,30,5,1.21875,71.28125,2.671875,0.0,440.0,2.1333333333333333,12.8,0.0,0
PRV54431,9,0,9,1580,175.55555555555554,600,203.23084848953854,9,7,4.0,67.44444444444444,1.8888888888888888,0.0,0.0,1.0,1.2857142857142858,0.0,0
PRV54432,5,0,5,1110,222.0,700,291.58189244190044,5,4,0.0,70.8,2.4,0.0,0.0,1.0,1.25,0.0,0
PRV54433,14,0,14,4040,288.57142857142856,2700,710.3071615408813,12,9,1.2142857142857142,71.5,2.5,0.0,0.0,1.1666666666666667,1.5555555555555556,0.0,0
PRV54434,42,2,40,28830,686.4285714285714,12000,1975.6157686921877,31,25,1.5238095238095237,75.78571428571429,3.142857142857143,0.0,2306.0,1.3548387096774193,1.68,0.047619047619047616,0
PRV54435,11,0,11,4280,389.09090909090907,1600,545.1321774662462,8,4,0.18181818181818182,70.0909090909091,1.7272727272727273,0.0,0.0,1.375,2.75,0.0,0
PRV54436,2,0,2,2200,1100.0,2100,1414.213562373095,2,2,3.5,76.5,3.0,0.0,0.0,1.0,1.0,0.0,0
PRV54437,14,0,14,3230,230.71428571428572,2100,553.2208389994873,14,7,1.7857142857142858,71.78571428571429,2.0714285714285716,0.0,0.0,1.0,2.0,0.0,0
PRV54438,272,0,272,61630,226.5808823529412,3300,444.27942497491927,98,1,1.2941176470588236,67.7279411764706,2.6654411764705883,0.0,710.0,2.7755102040816326,272.0,0.0,0
PRV54439,3,0,3,190,63.333333333333336,100,55.075705472861024,3,1,0.0,83.66666666666667,2.0,0.0,0.0,1.0,3.0,0.0,0
PRV54441,4,0,4,480,120.0,300,125.69805089976535,4,1,0.0,81.25,3.75,0.0,0.0,1.0,4.0,0.0,0
PRV54442,68,0,68,25300,372.05882352941177,3300,755.399585518539,56,1,2.2058823529411766,74.58823529411765,2.8676470588235294,0.0,70.0,1.2142857142857142,68.0,0.0,0
PRV54443,61,0,61,27200,445.9016393442623,3300,893.9190437789101,51,2,2.8360655737704916,75.73770491803279,2.639344262295082,0.0,310.0,1.196078431372549,30.5,0.0,0
PRV54444,27,0,27,9770,361.85185185185185,3300,704.3111038838811,25,3,1.5925925925925926,74.33333333333333,2.962962962962963,0.0,140.0,1.08,9.0,0.0,0
PRV54448,23,0,23,6720,292.17391304347825,2800,660.7018067709181,23,5,1.1304347826086956,70.17391304347827,1.8695652173913044,0.0,60.0,1.0,4.6,0.0,0
PRV54449,1,0,1,50,50.0,50,0.0,1,1,0.0,72.0,2.0,0.0,0.0,1.0,1.0,0.0,0
PRV54450,10,0,10,5790,579.0,2400,844.6491710895253,10,1,3.0,66.3,2.7,0.0,0.0,1.0,10.0,0.0,0
PRV54451,13,0,13,8310,639.2307692307693,2900,1032.6540364392902,13,1,1.6153846153846154,75.84615384615384,2.4615384615384617,0.0,70.0,1.0,13.0,0.0,0
PRV54452,5,0,5,520,104.0,300,113.49008767288886,5,2,0.0,75.4,3.6,0.0,90.0,1.0,2.5,0.0,0
PRV54454,171,0,171,45040,263.39181286549706,3300,559.6744471173453,138,1,1.4795321637426901,72.09356725146199,2.608187134502924,0.0,420.0,1.2391304347826086,171.0,0.0,0
PRV54455,6,0,6,1390,231.66666666666666,1100,426.39965603488315,6,1,0.0,75.66666666666667,2.3333333333333335,0.0,0.0,1.0,6.0,0.0,0
PRV54456,8,0,8,1370,171.25,500,175.04591234465153,6,2,0.0,73.125,1.75,0.0,0.0,1.3333333333333333,4.0,0.0,0
PRV54457,16,0,16,2220,138.75,1000,240.60687161148715,8,1,1.25,68.0,2.9375,0.0,0.0,2.0,16.0,0.0,0
PRV54459,9,0,9,3080,342.22222222222223,2200,712.7372899213598,9,2,2.2222222222222223,70.22222222222223,2.4444444444444446,0.0,0.0,1.0,4.5,0.0,0
PRV54460,5,5,0,47000,9400.0,16000,4615.192303685731,5,5,4.4,65.2,8.4,0.6,5340.0,1.0,1.0,1.0,0
PRV54461,12,12,0,152000,12666.666666666666,32000,9754.563811443091,12,4,5.583333333333333,72.91666666666667,8.416666666666666,1.1666666666666667,11748.0,1.0,3.0,1.0,0
PRV54462,80,0,80,16330,204.125,2500,385.9090656644714,75,2,1.2875,70.625,2.3875,0.0,120.0,1.0666666666666667,40.0,0.0,0
PRV54463,3,0,3,2010,670.0,1300,645.5230437405004,3,3,0.0,59.0,4.0,0.0,0.0,1.0,1.0,0.0,0
PRV54465,9,0,9,3610,401.1111111111111,2200,760.4183789935058,5,1,0.0,72.44444444444444,2.111111111111111,0.0,140.0,1.8,9.0,0.0,0
PRV54466,3,0,3,120,40.0,100,51.96152422706632,3,2,0.0,78.33333333333333,3.6666666666666665,0.0,0.0,1.0,1.5,0.0,0
PRV54467,7,0,7,1380,197.14285714285714,900,315.2625512021309,5,2,0.0,69.71428571428571,2.2857142857142856,0.0,0.0,1.4,3.5,0.0,0
PRV54468,21,0,21,1710,81.42857142857143,400,95.9315231967946,19,4,0.0,72.14285714285714,3.1904761904761907,0.0,0.0,1.105263157894737,5.25,0.0,0
PRV54469,11,0,11,3290,299.09090909090907,1100,341.6856609650029,10,2,0.09090909090909091,68.9090909090909,3.090909090909091,0.0,0.0,1.1,5.5,0.0,0
PRV54471,46,0,46,16700,363.04347826086956,3300,654.1656927898226,23,1,1.3043478260869565,72.73913043478261,2.6956521739130435,0.0,10.0,2.0,46.0,0.0,0
PRV54472,32,0,32,16300,509.375,3300,952.0773128677205,19,1,2.0625,72.09375,2.75,0.0,160.0,1.6842105263157894,32.0,0.0,0
PRV54473,19,0,19,11020,580.0,2300,888.0878334939624,8,3,5.2631578947368425,71.52631578947368,2.789473684210526,0.0,0.0,2.375,6.333333333333333,0.0,0
PRV54475,151,0,151,43120,285.5629139072848,2600,530.4886247747945,60,1,1.6688741721854305,71.35761589403974,2.9271523178807946,0.0,350.0,2.5166666666666666,151.0,0.0,0
PRV54477,100,0,100,34310,343.1,4010,672.5193024153373,60,11,1.76,69.94,2.68,0.0,550.0,1.6666666666666667,9.090909090909092,0.0,0
PRV54478,64,0,64,21590,337.34375,2700,551.6159297269899,47,3,0.609375,78.265625,2.546875,0.0,0.0,1.3617021276595744,21.333333333333332,0.0,0
PRV54479,17,0,17,8640,508.2352941176471,3300,908.4343350933356,9,4,1.1764705882352942,76.52941176470588,2.411764705882353,0.0,0.0,1.8888888888888888,4.25,0.0,0
PRV54480,6,6,0,40000,6666.666666666667,11000,3141.1250638372658,6,1,3.5,75.33333333333333,7.166666666666667,1.0,6408.0,1.0,6.0,1.0,0
PRV54481,8,0,8,1890,236.25,700,291.8383848247911,8,2,0.0,73.25,4.0,0.0,100.0,1.0,4.0,0.0,0
PRV54482,6,0,6,370,61.666666666666664,100,27.141603981096377,6,3,0.0,73.33333333333333,2.3333333333333335,0.0,0.0,1.0,2.0,0.0,0
PRV54483,13,0,13,1170,90.0,200,67.82329983125267,11,1,0.23076923076923078,74.92307692307692,2.923076923076923,0.0,140.0,1.1818181818181819,13.0,0.0,0
PRV54486,28,0,28,8010,286.07142857142856,2700,541.167046748758,19,2,2.0,74.60714285714286,2.2857142857142856,0.0,0.0,1.4736842105263157,14.0,0.0,0
PRV54489,14,0,14,6300,450.0,3300,953.4471870332087,14,2,1.6428571428571428,72.92857142857143,2.5,0.0,0.0,1.0,7.0,0.0,0
PRV54490,23,0,23,2160,93.91304347826087,600,124.30677339969644,19,2,0.0,77.3913043478261,2.5652173913043477,0.0,90.0,1.2105263157894737,11.5,0.0,0
PRV54491,14,0,14,8730,623.5714285714286,3300,1174.030579754123,10,2,1.5,72.57142857142857,2.5714285714285716,0.0,90.0,1.4,7.0,0.0,0
PRV54496,8,0,8,2360,295.0,700,280.6115769936393,7,1,3.0,74.75,1.875,0.0,100.0,1.1428571428571428,8.0,0.0,0
PRV54497,5,5,0,51000,10200.0,14000,3420.526275297414,5,3,4.2,69.0,9.2,0.6,4272.0,1.0,1.6666666666666667,1.0,0
PRV54498,1,1,0,12000,12000.0,12000,0.0,1,1,6.0,98.0,10.0,1.0,1068.0,1.0,1.0,1.0,0
PRV54499,1,1,0,11000,11000.0,11000,0.0,1,1,1.0,68.0,4.0,3.0,1068.0,1.0,1.0,1.0,0
PRV54500,2,2,0,25000,12500.0,16000,4949.747468305833,2,1,13.5,77.5,10.0,1.0,2136.0,1.0,2.0,1.0,0
PRV54501,3,3,0,40000,13333.333333333334,24000,9451.631252505218,3,2,3.0,84.33333333333333,9.333333333333334,1.3333333333333333,3204.0,1.0,1.5,1.0,0
PRV54502,3,3,0,55000,18333.333333333332,23000,7234.178138070235,3,1,11.333333333333334,61.0,8.666666666666666,0.6666666666666666,3204.0,1.0,3.0,1.0,0
PRV54503,1,1,0,8000,8000.0,8000,0.0,1,1,8.0,72.0,10.0,0.0,1068.0,1.0,1.0,1.0,0
PRV54504,120,44,76,434920,3624.3333333333335,57000,7314.808938306015,103,40,2.1166666666666667,75.55,4.641666666666667,0.2,47072.0,1.1650485436893203,3.0,0.36666666666666664,1
PRV54505,38,5,33,55140,1451.0526315789473,14000,3602.586000229132,24,21,0.868421052631579,74.84210526315789,3.6315789473684212,0.10526315789473684,5440.0,1.5833333333333333,1.8095238095238095,0.13157894736842105,1
PRV54506,134,3,131,56570,422.1641791044776,9000,1250.053449648411,75,47,0.8731343283582089,72.23880597014926,2.9925373134328357,0.007462686567164179,3634.0,1.7866666666666666,2.851063829787234,0.022388059701492536,0
PRV54507,109,39,70,363310,3333.119266055046,32000,5913.818046219552,73,55,1.7155963302752293,74.13761467889908,4.330275229357798,0.24770642201834864,39636.0,1.4931506849315068,1.981818181818182,0.3577981651376147,0
PRV54508,90,0,90,33010,366.77777777777777,3300,652.2972848442886,75,44,1.511111111111111,72.35555555555555,2.7444444444444445,0.0,360.0,1.2,2.0454545454545454,0.0,0
PRV54509,4,0,4,250,62.5,100,35.0,4,2,3.75,74.0,2.0,0.0,0.0,1.0,2.0,0.0,0
PRV54510,149,0,149,41250,276.8456375838926,3300,511.6336939862903,75,26,1.308724832214765,72.29530201342281,2.577181208053691,0.0,510.0,1.9866666666666666,5.730769230769231,0.0,0
PRV54511,32,0,32,8690,271.5625,2000,434.0069077419643,30,22,1.4375,71.78125,2.1875,0.0,0.0,1.0666666666666667,1.4545454545454546,0.0,0
PRV54514,387,48,339,644010,1664.108527131783,61000,5342.082603982912,305,146,1.5348837209302326,74.7157622739018,3.253229974160207,0.10335917312661498,51964.0,1.2688524590163934,2.6506849315068495,0.12403100775193798,1
PRV54515,67,0,67,22750,339.55223880597015,3300,708.321603116749,66,28,0.8955223880597015,74.56716417910448,2.6417910447761193,0.0,180.0,1.0151515151515151,2.392857142857143,0.0,0
PRV54517,45,0,45,5660,125.77777777777777,600,154.6622256415704,16,10,0.06666666666666667,79.26666666666667,2.3555555555555556,0.0,80.0,2.8125,4.5,0.0,0
PRV54519,15,0,15,4540,302.6666666666667,2500,633.6568096224898,10,2,1.3333333333333333,74.46666666666667,2.533333333333333,0.0,150.0,1.5,7.5,0.0,0
PRV54520,15,0,15,8080,538.6666666666666,2200,794.8303203170084,11,6,4.6,77.4,2.2,0.0,120.0,1.3636363636363635,2.5,0.0,0
PRV54521,64,0,64,31840,497.5,3300,919.3803986709296,39,8,1.734375,69.265625,2.578125,0.0,280.0,1.641025641025641,8.0,0.0,0
PRV54522,2,0,2,2030,1015.0,2000,1393.0003589374987,2,2,0.5,66.5,3.0,0.0,0.0,1.0,1.0,0.0,0
PRV54523,1,0,1,90,90.0,90,0.0,1,1,0.0,83.0,5.0,0.0,0.0,1.0,1.0,0.0,0
PRV54524,21,0,21,2840,135.23809523809524,600,166.9017389849203,16,8,0.09523809523809523,69.95238095238095,2.4285714285714284,0.0,0.0,1.3125,2.625,0.0,0
PRV54526,46,0,46,10230,222.3913043478261,2100,391.0566016582293,17,7,0.15217391304347827,63.391304347826086,2.9130434782608696,0.0,80.0,2.7058823529411766,6.571428571428571,0.0,0
PRV54528,23,0,23,5710,248.2608695652174,2100,472.2350356059522,9,1,0.8695652173913043,77.65217391304348,1.9565217391304348,0.0,0.0,2.5555555555555554,23.0,0.0,0
PRV54529,5,0,5,160,32.0,50,21.6794833886788,5,5,0.0,83.4,1.8,0.0,70.0,1.0,1.0,0.0,0
PRV54530,13,0,13,2580,198.46153846153845,1400,375.429668376696,4,2,3.076923076923077,76.38461538461539,2.1538461538461537,0.0,50.0,3.25,6.5,0.0,0
PRV54531,30,1,29,14030,467.6666666666667,5000,1120.34379986014,26,14,1.1333333333333333,74.9,2.7,0.0,1168.0,1.1538461538461537,2.142857142857143,0.03333333333333333,0
PRV54535,34,0,34,7090,208.52941176470588,2900,507.7349126591324,29,14,2.235294117647059,68.97058823529412,2.0588235294117645,0.0,100.0,1.1724137931034482,2.4285714285714284,0.0,0
PRV54536,13,0,13,4890,376.15384615384613,2700,731.2493699317909,11,6,0.8461538461538461,72.07692307692308,3.8461538461538463,0.0,0.0,1.1818181818181819,2.1666666666666665,0.0,0
PRV54537,60,0,60,22470,374.5,3300,728.9961172619857,20,1,2.316666666666667,72.53333333333333,3.1166666666666667,0.0,200.0,3.0,60.0,0.0,0
PRV54538,48,0,48,21330,444.375,3300,763.6862067239564,32,11,1.3333333333333333,75.85416666666667,2.9583333333333335,0.0,480.0,1.5,4.363636363636363,0.0,0
PRV54539,69,0,69,18130,262.7536231884058,3300,599.6491230367457,43,14,0.463768115942029,73.8840579710145,2.739130434782609,0.0,310.0,1.6046511627906976,4.928571428571429,0.0,0
PRV54540,20,0,20,9690,484.5,3300,950.2269811942164,19,11,0.0,75.8,1.95,0.0,100.0,1.0526315789473684,1.8181818181818181,0.0,1
PRV54541,7,2,5,6050,864.2857142857143,3000,1168.5298048239526,6,5,0.7142857142857143,76.85714285714286,3.7142857142857144,0.2857142857142857,2136.0,1.1666666666666667,1.4,0.2857142857142857,0
PRV54542,20,5,15,35420,1771.0,10000,3055.57626574587,14,6,2.35,73.2,3.85,0.1,5420.0,1.4285714285714286,3.3333333333333335,0.25,0
PRV54543,17,3,14,41500,2441.176470588235,17000,5235.285190838391,15,10,3.0,71.23529411764706,3.588235294117647,0.29411764705882354,3464.0,1.1333333333333333,1.7,0.17647058823529413,1
PRV54544,28,0,28,5250,187.5,800,222.07147664826465,8,2,1.4285714285714286,75.89285714285714,2.5,0.0,100.0,3.5,14.0,0.0,0
PRV54545,2,0,2,180,90.0,90,0.0,1,1,0.0,97.0,2.0,0.0,0.0,2.0,2.0,0.0,0
PRV54546,6,0,6,910,151.66666666666666,600,223.28606464951338,6,2,0.0,65.16666666666667,2.6666666666666665,0.0,100.0,1.0,3.0,0.0,0
PRV54547,3,0,3,540,180.0,400,192.8730152198591,3,2,0.0,70.66666666666667,4.0,0.0,0.0,1.0,1.5,0.0,0
PRV54548,12,0,12,1890,157.5,900,256.23586435512533,7,2,0.08333333333333333,67.16666666666667,2.6666666666666665,0.0,0.0,1.7142857142857142,6.0,0.0,0
PRV54549,1,0,1,40,40.0,40,0.0,1,1,0.0,67.0,2.0,0.0,0.0,1.0,1.0,0.0,0
PRV54550,21,0,21,5550,264.2857142857143,2400,553.3856831231851,13,1,2.4285714285714284,73.33333333333333,2.0476190476190474,0.0,0.0,1.6153846153846154,21.0,0.0,0
PRV54551,7,0,7,1960,280.0,1300,468.86387505685843,5,1,1.4285714285714286,78.14285714285714,4.714285714285714,0.0,0.0,1.4,7.0,0.0,0
PRV54552,45,0,45,11370,252.66666666666666,2100,421.12079890778045,28,3,0.8,76.95555555555555,3.088888888888889,0.0,200.0,1.6071428571428572,15.0,0.0,0
PRV54553,18,0,18,3740,207.77777777777777,1700,385.5409577014607,12,3,0.0,75.5,2.9444444444444446,0.0,0.0,1.5,6.0,0.0,0
PRV54554,26,0,26,6990,268.84615384615387,3050,590.4799872854416,8,2,0.46153846153846156,78.92307692307692,3.1153846153846154,0.0,0.0,3.25,13.0,0.0,0
PRV54555,6,6,0,51000,8500.0,18000,5753.25994545701,6,5,7.0,77.0,8.666666666666666,0.3333333333333333,6408.0,1.0,1.2,1.0,0
PRV54557,564,0,564,157890,279.9468085106383,14090,813.6114460155335,263,40,1.5407801418439717,73.31737588652483,2.526595744680851,0.0,1730.0,2.1444866920152093,14.1,0.0,1
PRV54558,73,15,58,197970,2711.917808219178,36000,6017.5270985712705,69,50,2.1506849315068495,74.28767123287672,4.136986301369863,0.136986301369863,16090.0,1.0579710144927537,1.46,0.2054794520547945,0
PRV54559,66,24,42,255560,3872.121212121212,43000,7613.268077235348,57,47,3.5,71.04545454545455,4.848484848484849,0.30303030303030304,24584.0,1.1578947368421053,1.4042553191489362,0.36363636363636365,0
PRV54560,98,40,58,473080,4827.34693877551,50000,8927.551995999753,87,49,3.520408163265306,74.27551020408163,4.571428571428571,0.21428571428571427,42720.0,1.1264367816091954,2.0,0.40816326530612246,1
PRV54561,186,25,161,269670,1449.8387096774193,51000,4651.530695554167,102,43,2.510752688172043,76.60752688172043,3.4623655913978495,0.06451612903225806,27060.0,1.8235294117647058,4.325581395348837,0.13440860215053763,0
PRV54562,206,0,206,57510,279.1747572815534,2700,516.2612295299681,75,8,1.1990291262135921,77.29611650485437,2.6262135922330097,0.0,440.0,2.7466666666666666,25.75,0.0,0
PRV54563,267,0,267,79070,296.14232209737827,4060,670.6626915474613,172,39,1.6666666666666667,72.09363295880149,2.5580524344569286,0.0,1090.0,1.552325581395349,6.846153846153846,0.0,0
PRV54564,803,0,803,229780,286.1519302615193,14020,720.0149013632789,330,69,1.7048567870485678,73.41469489414695,2.638854296388543,0.0,2250.0,2.433333333333333,11.63768115942029,0.0,0
PRV54565,130,39,91,412130,3170.230769230769,57000,6845.875175832299,106,78,2.669230769230769,76.07692307692308,4.207692307692308,0.18461538461538463,40784.0,1.2264150943396226,1.6666666666666667,0.3,0
PRV54566,308,40,268,755660,2453.4415584415583,103000,10501.173775241088,247,154,2.477272727272727,73.43506493506493,3.2759740259740258,0.12012987012987013,42072.0,1.2469635627530364,2.0,0.12987012987012986,1
PRV54567,57,6,51,112690,1977.017543859649,37000,6790.953269111646,34,25,1.6140350877192982,76.08771929824562,2.6666666666666665,0.14035087719298245,6508.0,1.6764705882352942,2.28,0.10526315789473684,0
PRV54568,56,5,51,53640,957.8571428571429,12000,2623.3446481271094,46,26,1.3214285714285714,72.71428571428571,3.4285714285714284,0.05357142857142857,5340.0,1.2173913043478262,2.1538461538461537,0.08928571428571429,0
PRV54569,63,12,51,209350,3323.0158730158732,49000,9212.73008377637,42,27,1.9365079365079365,72.76190476190476,3.5396825396825395,0.1746031746031746,12906.0,1.5,2.3333333333333335,0.19047619047619047,0
PRV54571,17,4,13,50610,2977.0588235294117,20000,6289.567517629772,17,6,4.176470588235294,70.47058823529412,3.588235294117647,0.17647058823529413,4272.0,1.0,2.8333333333333335,0.23529411764705882,0
PRV54572,146,0,146,53110,363.7671232876712,3300,747.9942286435646,117,34,1.773972602739726,75.77397260273973,2.8493150684931505,0.0,270.0,1.2478632478632479,4.294117647058823,0.0,0
PRV54573,22,0,22,5960,270.90909090909093,2800,622.9339878725139,14,8,0.9545454545454546,74.0909090909091,2.1818181818181817,0.0,120.0,1.5714285714285714,2.75,0.0,0
PRV54574,35,0,35,7800,222.85714285714286,2400,423.8102476939652,24,12,0.9428571428571428,70.14285714285714,2.1142857142857143,0.0,130.0,1.4583333333333333,2.9166666666666665,0.0,0
PRV54575,273,33,240,504080,1846.4468864468865,95000,7580.073881536925,155,18,2.3003663003663,75.28205128205128,3.2051282051282053,0.08424908424908426,33608.0,1.761290322580645,15.166666666666666,0.12087912087912088,0
PRV54576,16,14,2,113100,7068.75,18000,5016.8461208213275,16,13,6.75,76.75,6.5625,0.5,12816.0,1.0,1.2307692307692308,0.875,0
PRV54577,61,45,16,494010,8098.524590163935,57000,10697.766408003989,56,21,4.737704918032787,76.31147540983606,6.622950819672131,0.5245901639344263,45924.0,1.0892857142857142,2.9047619047619047,0.7377049180327869,0
PRV54578,77,0,77,24130,313.3766233766234,3000,604.6956833369517,37,27,0.5194805194805194,75.24675324675324,2.8051948051948052,0.0,390.0,2.081081081081081,2.8518518518518516,0.0,0
PRV54579,2,0,2,1290,645.0,1200,784.8885271170677,2,2,0.0,48.0,1.0,0.0,0.0,1.0,1.0,0.0,0
PRV54580,30,0,30,7280,242.66666666666666,3200,596.4662220302072,19,15,1.3666666666666667,73.43333333333334,2.433333333333333,0.0,60.0,1.5789473684210527,2.0,0.0,0
PRV54581,11,0,11,2160,196.36363636363637,900,307.0267977643882,9,5,0.0,75.0909090909091,1.5454545454545454,0.0,0.0,1.2222222222222223,2.2,0.0,0
PRV54582,71,0,71,18960,267.0422535211268,3100,540.7518426524239,35,14,0.6056338028169014,76.94366197183099,2.3943661971830985,0.0,300.0,2.0285714285714285,5.071428571428571,0.0,0
PRV54585,75,0,75,22620,301.6,3300,629.8928265768494,34,13,2.013333333333333,71.50666666666666,2.6266666666666665,0.0,320.0,2.2058823529411766,5.769230769230769,0.0,0
PRV54587,3,0,3,150,50.0,70,26.457513110645905,2,3,0.0,95.0,2.0,0.0,0.0,1.5,1.0,0.0,0
PRV54588,63,0,63,17220,273.3333333333333,2900,510.0917058599333,47,5,1.2063492063492063,74.53968253968254,2.5714285714285716,0.0,120.0,1.3404255319148937,12.6,0.0,0
PRV54589,11,0,11,1700,154.54545454545453,700,198.96550637553418,5,4,0.0,67.63636363636364,2.727272727272727,0.0,0.0,2.2,2.75,0.0,0
PRV54590,66,1,65,28700,434.8484848484849,16000,1976.72086074523,34,7,1.5,78.65151515151516,2.5606060606060606,0.015151515151515152,1248.0,1.9411764705882353,9.428571428571429,0.015151515151515152,0
PRV54591,45,0,45,8280,184.0,1110,245.88800111211017,14,8,1.2444444444444445,73.24444444444444,2.7777777777777777,0.0,80.0,3.2142857142857144,5.625,0.0,0
PRV54593,35,0,35,10960,313.14285714285717,3300,689.1289106271662,22,1,0.9714285714285714,70.37142857142857,2.7142857142857144,0.0,30.0,1.5909090909090908,35.0,0.0,0
PRV54595,11,0,11,7620,692.7272727272727,2300,882.8600218504732,9,4,3.6363636363636362,74.9090909090909,2.4545454545454546,0.0,0.0,1.2222222222222223,2.75,0.0,0
PRV54596,64,0,64,16490,257.65625,1800,390.0945843282398,20,1,1.125,77.6875,3.3125,0.0,150.0,3.2,64.0,0.0,0
PRV54597,15,0,15,5000,333.3333333333333,3300,839.4442606073775,10,3,0.0,72.0,2.6666666666666665,0.0,10.0,1.5,5.0,0.0,0
PRV54598,9,0,9,1010,112.22222222222223,300,108.14085465005557,7,6,0.1111111111111111,67.33333333333333,2.888888888888889,0.0,0.0,1.2857142857142858,1.5,0.0,0
PRV54599,17,0,17,3820,224.7058823529412,800,216.8270522518703,11,6,1.1764705882352942,73.58823529411765,2.4705882352941178,0.0,60.0,1.5454545454545454,2.8333333333333335,0.0,0
PRV54601,11,0,11,710,64.54545454545455,200,54.472678723124375,6,3,1.8181818181818181,70.63636363636364,2.272727272727273,0.0,60.0,1.8333333333333333,3.6666666666666665,0.0,0
PRV54602,14,0,14,1710,122.14285714285714,700,185.18924089982912,13,5,2.857142857142857,71.78571428571429,2.142857142857143,0.0,30.0,1.0769230769230769,2.8,0.0,0
PRV54603,57,0,57,16180,283.859649122807,3300,564.1199036234764,32,9,1.9824561403508771,75.80701754385964,2.4210526315789473,0.0,280.0,1.78125,6.333333333333333,0.0,0
PRV54604,38,0,38,8240,216.8421052631579,1500,317.30371896831554,15,3,0.5789473684210527,72.13157894736842,3.1315789473684212,0.02631578947368421,70.0,2.533333333333333,12.666666666666666,0.0,0
PRV54606,8,0,8,1510,188.75,900,293.18144065212783,8,4,2.5,67.5,3.0,0.0,0.0,1.0,2.0,0.0,0
PRV54608,33,0,33,10650,322.72727272727275,3300,628.0986821714042,10,2,2.515151515151515,74.6969696969697,2.0606060606060606,0.0,0.0,3.3,16.5,0.0,0
PRV54609,45,0,45,17160,381.3333333333333,2300,609.525150499066,14,4,0.6666666666666666,67.93333333333334,2.7111111111111112,0.0,170.0,3.2142857142857144,11.25,0.0,0
PRV54610,45,0,45,14470,321.55555555555554,2900,634.733142049603,21,3,2.688888888888889,77.37777777777778,2.488888888888889,0.0,190.0,2.142857142857143,15.0,0.0,0
PRV54611,6,1,5,4760,793.3333333333334,4000,1577.030965665122,6,5,0.3333333333333333,69.5,2.5,0.0,1168.0,1.0,1.2,0.16666666666666666,0
PRV54612,12,0,12,1120,93.33333333333333,400,110.56329600840608,4,4,0.0,71.83333333333333,2.0833333333333335,0.0,90.0,3.0,3.0,0.0,0
PRV54614,15,0,15,1440,96.0,300,93.10516327557472,8,4,0.6,60.46666666666667,3.533333333333333,0.0,40.0,1.875,3.75,0.0,0
PRV54615,5,0,5,310,62.0,100,33.46640106136302,2,1,0.0,81.2,1.4,0.0,0.0,2.5,5.0,0.0,0
PRV54616,5,2,3,23310,4662.0,18000,7752.078430975786,5,4,1.6,78.2,4.0,0.4,2136.0,1.0,1.25,0.4,0
PRV54618,32,0,32,10200,318.75,2300,453.72828304912804,18,1,0.0625,69.46875,2.65625,0.0,180.0,1.7777777777777777,32.0,0.0,0
PRV54619,33,0,33,9710,294.24242424242425,1500,340.5604783205758,21,2,1.0303030303030303,79.78787878787878,3.0606060606060606,0.0,0.0,1.5714285714285714,16.5,0.0,0
PRV54620,13,7,6,74520,5732.307692307692,34000,9447.210482329474,12,5,2.923076923076923,72.38461538461539,6.384615384615385,0.5384615384615384,7476.0,1.0833333333333333,2.6,0.5384615384615384,0
PRV54621,1,0,1,900,900.0,900,0.0,1,1,0.0,79.0,1.0,0.0,0.0,1.0,1.0,0.0,0
PRV54622,10,0,10,890,89.0,300,90.48634028281715,8,6,1.8,74.6,2.3,0.0,30.0,1.25,1.6666666666666667,0.0,0
PRV54623,43,0,43,8030,186.74418604651163,1400,259.4290519604684,11,2,0.8837209302325582,76.0,2.558139534883721,0.0,300.0,3.909090909090909,21.5,0.0,0
PRV54624,10,0,10,10180,1018.0,3300,1254.634076799553,8,6,4.0,67.7,2.6,0.0,0.0,1.25,1.6666666666666667,0.0,0
PRV54625,16,0,16,7290,455.625,2900,913.3160734378871,7,1,1.875,74.25,1.9375,0.0,0.0,2.2857142857142856,16.0,0.0,0
PRV54627,26,0,26,5530,212.69230769230768,2000,444.4822398459375,13,5,0.8076923076923077,80.07692307692308,2.9615384615384617,0.0,0.0,2.0,5.2,0.0,0
PRV54628,4,0,4,1540,385.0,1400,677.1755065466165,4,2,0.75,75.25,2.0,0.0,0.0,1.0,2.0,0.0,0
PRV54629,3,0,3,580,193.33333333333334,400,179.25772879665004,3,2,0.0,79.66666666666667,2.0,0.0,0.0,1.0,1.5,0.0,0
PRV54630,85,0,85,25680,302.11764705882354,4300,659.52380750134,23,4,1.576470588235294,77.74117647058823,2.4235294117647057,0.0,100.0,3.6956521739130435,21.25,0.0,0
PRV54633,12,0,12,1430,119.16666666666667,500,158.08273629701478,6,7,3.25,66.33333333333333,1.9166666666666667,0.0,30.0,2.0,1.7142857142857142,0.0,0
PRV54634,32,0,32,6110,190.9375,1900,447.23782642694346,23,12,0.71875,72.375,2.90625,0.0,190.0,1.391304347826087,2.6666666666666665,0.0,0
PRV54635,33,0,33,6590,199.6969696969697,2400,427.43043913955205,11,1,2.121212121212121,76.15151515151516,2.9696969696969697,0.0,240.0,3.0,33.0,0.0,0
PRV54636,76,0,76,26500,348.6842105263158,3300,764.332112989745,51,2,2.039473684210526,75.19736842105263,2.4078947368421053,0.0,80.0,1.4901960784313726,38.0,0.0,0
PRV54637,13,13,0,226000,17384.615384615383,57000,19324.157858056242,12,4,7.3076923076923075,67.84615384615384,8.692307692307692,0.9230769230769231,12816.0,1.0833333333333333,3.25,1.0,0
PRV54638,6,6,0,82000,13666.666666666666,41000,13677.2316887105,6,3,3.5,81.0,9.0,0.6666666666666666,6408.0,1.0,2.0,1.0,0
PRV54639,13,13,0,110000,8461.538461538461,41000,10308.696851165561,12,4,4.0,78.92307692307692,8.153846153846153,0.6153846153846154,12816.0,1.0833333333333333,3.25,1.0,0
PRV54640,19,7,12,74260,3908.4210526315787,29000,7538.538955967747,19,16,3.6842105263157894,69.26315789473684,4.7894736842105265,0.3684210526315789,7516.0,1.0,1.1875,0.3684210526315789,0
PRV54642,49,0,49,14110,287.9591836734694,2800,513.3183693375095,46,30,2.2653061224489797,75.18367346938776,2.326530612244898,0.0,240.0,1.065217391304348,1.6333333333333333,0.0,0
PRV54643,18,0,18,8380,465.55555555555554,3300,1024.2370028018402,18,16,0.0,71.22222222222223,2.5,0.0,0.0,1.0,1.125,0.0,0
PRV54644,68,22,46,212370,3123.0882352941176,57000,7646.808769042632,66,53,2.0588235294117645,72.61764705882354,4.5588235294117645,0.2647058823529412,23516.0,1.0303030303030303,1.2830188679245282,0.3235294117647059,1
PRV54645,2,0,2,1010,505.0,1000,700.035713374682,2,2,0.0,85.0,3.0,0.0,60.0,1.0,1.0,0.0,0
PRV54646,23,0,23,11180,486.0869565217391,3300,789.1637641455139,13,1,2.4782608695652173,63.91304347826087,2.0869565217391304,0.0,0.0,1.7692307692307692,23.0,0.0,0
PRV54649,75,22,53,315080,4201.066666666667,57000,9967.527489415428,73,47,3.16,76.64,4.04,0.21333333333333335,22718.0,1.0273972602739727,1.5957446808510638,0.29333333333333333,1
PRV54651,91,21,70,291760,3206.153846153846,36000,7312.206806161076,87,61,2.208791208791209,71.89010989010988,3.868131868131868,0.18681318681318682,21470.0,1.0459770114942528,1.4918032786885247,0.23076923076923078,1
PRV54652,38,0,38,12020,316.3157894736842,2800,611.8311949347678,33,2,1.2105263157894737,74.23684210526316,3.5789473684210527,0.0,80.0,1.1515151515151516,19.0,0.0,0
PRV54653,70,40,30,377740,5396.285714285715,42000,7547.108894855532,61,34,3.1285714285714286,74.75714285714285,5.885714285714286,0.44285714285714284,42720.0,1.1475409836065573,2.0588235294117645,0.5714285714285714,0
PRV54656,35,0,35,11380,325.14285714285717,2500,556.170580205133,35,21,0.7714285714285715,72.65714285714286,2.5142857142857142,0.0,30.0,1.0,1.6666666666666667,0.0,0
PRV54657,46,17,29,292220,6352.608695652174,101000,17355.482954934843,46,34,2.3260869565217392,74.0,4.456521739130435,0.3695652173913043,18156.0,1.0,1.3529411764705883,0.3695652173913043,0
PRV54658,85,27,58,192580,2265.6470588235293,12000,3465.232228546754,85,57,2.3411764705882354,73.03529411764706,4.3882352941176475,0.21176470588235294,26800.0,1.0,1.4912280701754386,0.3176470588235294,0
PRV54660,24,0,24,5110,212.91666666666666,2400,486.2320001511774,21,18,1.3333333333333333,69.83333333333333,2.375,0.0,30.0,1.1428571428571428,1.3333333333333333,0.0,0
PRV54661,19,3,16,88200,4642.105263157895,68000,15597.848348391366,19,12,0.9473684210526315,73.36842105263158,3.3157894736842106,0.10526315789473684,3204.0,1.0,1.5833333333333333,0.15789473684210525,0
PRV54662,45,3,42,25590,568.6666666666666,8000,1471.763938581555,44,22,3.533333333333333,72.86666666666666,3.0,0.044444444444444446,3314.0,1.0227272727272727,2.0454545454545454,0.06666666666666667,0
PRV54664,2,0,2,1200,600.0,900,424.26406871192853,2,2,0.0,71.5,4.0,0.0,100.0,1.0,1.0,0.0,0
PRV54666,5,1,4,11310,2262.0,10000,4348.680259573012,5,3,2.0,72.8,3.6,0.0,1158.0,1.0,1.6666666666666667,0.2,0
PRV54667,166,9,157,136690,823.433734939759,17000,2148.912540729274,66,15,3.1325301204819276,68.68072289156626,3.1867469879518073,0.04216867469879518,8744.0,2.515151515151515,11.066666666666666,0.05421686746987952,0
PRV54668,306,1,305,96050,313.8888888888889,3300,633.2768597197171,261,26,1.2581699346405228,73.09803921568627,2.447712418300654,0.0,1598.0,1.1724137931034482,11.76923076923077,0.0032679738562091504,0
PRV54670,159,0,159,39370,247.61006289308176,3200,486.33407687358005,115,13,1.9119496855345912,73.9622641509434,2.559748427672956,0.0,240.0,1.382608695652174,12.23076923076923,0.0,0
PRV54671,3,0,3,920,306.6666666666667,800,427.70706486254505,1,2,0.0,75.0,1.0,0.0,0.0,3.0,1.5,0.0,0
PRV54672,10,0,10,4200,420.0,1700,589.5949645495815,7,4,3.4,60.0,3.2,0.0,0.0,1.4285714285714286,2.5,0.0,0
PRV54673,1,1,0,6000,6000.0,6000,0.0,1,1,13.0,66.0,9.0,1.0,0.0,1.0,1.0,1.0,0
PRV54674,3,3,0,27000,9000.0,16000,6244.9979983983985,3,1,10.0,86.0,9.0,0.6666666666666666,3204.0,1.0,3.0,1.0,0
PRV54675,37,37,0,422000,11405.405405405405,47000,10610.42322817903,34,3,5.054054054054054,72.62162162162163,7.972972972972973,0.7567567567567568,39516.0,1.088235294117647,12.333333333333334,1.0,1
PRV54676,40,40,0,375200,9380.0,40000,8110.651432940925,36,4,5.125,73.95,7.575,0.825,40584.0,1.1111111111111112,10.0,1.0,1
PRV54677,27,0,27,16270,602.5925925925926,2800,868.3033526658252,15,2,4.962962962962963,73.22222222222223,3.4074074074074074,0.0,110.0,1.8,13.5,0.0,0
PRV54678,15,0,15,6850,456.6666666666667,2500,806.4974241980535,7,3,0.0,70.0,2.6,0.0,70.0,2.142857142857143,5.0,0.0,0
PRV54679,1,1,0,7000,7000.0,7000,0.0,1,1,5.0,71.0,10.0,1.0,1068.0,1.0,1.0,1.0,0
PRV54680,18,18,0,257000,14277.777777777777,57000,13345.215293948242,17,4,7.277777777777778,70.11111111111111,8.61111111111111,1.2222222222222223,19224.0,1.0588235294117647,4.5,1.0,1
PRV54681,301,0,301,63790,211.9269102990033,3300,413.65155381482845,285,125,1.1295681063122924,74.54817275747509,2.7574750830564785,0.0,590.0,1.056140350877193,2.408,0.0,0
PRV54682,96,6,90,57690,600.9375,9000,1560.9343208307544,88,50,1.3854166666666667,70.16666666666667,2.7604166666666665,0.041666666666666664,5740.0,1.0909090909090908,1.92,0.0625,0
PRV54683,462,0,462,123850,268.0735930735931,8060,624.458091311511,406,140,1.2878787878787878,74.02597402597402,2.6255411255411256,0.0,1080.0,1.1379310344827587,3.3,0.0,0
PRV54684,133,0,133,43360,326.01503759398497,3000,570.0318170939499,128,44,2.0,73.93984962406014,2.593984962406015,0.0,240.0,1.0390625,3.022727272727273,0.0,0
PRV54685,145,0,145,40150,276.8965517241379,3300,627.3838064638159,139,46,2.3241379310344827,76.22758620689655,2.7103448275862068,0.0,260.0,1.0431654676258992,3.152173913043478,0.0,0
PRV54686,157,14,143,145620,927.515923566879,13000,2415.1184225493203,125,55,1.5541401273885351,71.17834394904459,2.9745222929936306,0.050955414012738856,15382.0,1.256,2.8545454545454545,0.08917197452229299,0
PRV54687,18,0,18,9390,521.6666666666666,2200,666.2471719396992,18,16,1.1111111111111112,73.88888888888889,2.611111111111111,0.0,70.0,1.0,1.125,0.0,0
PRV54688,1032,11,1021,401660,389.20542635658916,81000,2659.3794533801934,481,30,1.193798449612403,71.87112403100775,2.703488372093023,0.007751937984496124,14968.0,2.1455301455301456,34.4,0.01065891472868217,1
PRV54689,20,0,20,2070,103.5,600,131.28013438525468,20,16,0.1,77.5,1.6,0.0,0.0,1.0,1.25,0.0,0
PRV54690,840,0,840,224960,267.8095238095238,3300,522.237746656775,366,10,1.2738095238095237,72.27619047619048,2.580952380952381,0.0,1760.0,2.2950819672131146,84.0,0.0,0
PRV54691,67,7,60,98310,1467.313432835821,41000,5407.566130975878,66,34,0.9850746268656716,72.22388059701493,2.8805970149253732,0.014925373134328358,7048.0,1.0151515151515151,1.9705882352941178,0.1044776119402985,0
PRV54692,72,48,24,375880,5220.555555555556,51000,7805.990095891218,62,16,3.8194444444444446,78.65277777777777,6.291666666666667,0.4027777777777778,51264.0,1.1612903225806452,4.5,0.6666666666666666,1
PRV54693,52,2,50,39930,767.8846153846154,11000,1718.383116608444,51,26,3.0576923076923075,73.0576923076923,3.2884615384615383,0.038461538461538464,2136.0,1.0196078431372548,2.0,0.038461538461538464,0
PRV54694,330,0,330,90760,275.030303030303,3300,490.8637932427132,155,17,1.396969696969697,72.04545454545455,2.639393939393939,0.0,430.0,2.129032258064516,19.41176470588235,0.0,0
PRV54695,53,0,53,15750,297.1698113207547,3300,535.7933634358368,53,25,1.7735849056603774,76.9622641509434,2.981132075471698,0.0,260.0,1.0,2.12,0.0,0
PRV54696,71,6,65,139150,1959.8591549295775,50000,7833.432287857647,63,28,2.6901408450704225,71.47887323943662,2.915492957746479,0.07042253521126761,6798.0,1.126984126984127,2.5357142857142856,0.08450704225352113,0
PRV54697,8,1,7,10880,1360.0,10000,3499.020271039146,8,6,3.125,76.125,2.875,0.125,1068.0,1.0,1.3333333333333333,0.125,0
PRV54699,4,0,4,360,90.0,200,80.82903768654761,4,4,0.0,77.25,1.25,0.0,100.0,1.0,1.0,0.0,0
PRV54701,6,0,6,1310,218.33333333333334,1000,384.0008680545744,5,5,0.0,82.0,1.1666666666666667,0.0,0.0,1.2,1.2,0.0,0
PRV54703,11,0,11,660,60.0,200,58.309518948453004,11,11,0.0,75.63636363636364,2.8181818181818183,0.0,0.0,1.0,1.0,0.0,0
PRV54704,161,0,161,44710,277.70186335403724,3000,546.0371421057417,115,20,1.1055900621118013,74.24844720496894,2.3850931677018634,0.0,170.0,1.4,8.05,0.0,0
PRV54705,257,20,237,219740,855.0194552529183,19000,2585.6728338144903,119,19,1.5330739299610896,74.30739299610894,3.0311284046692606,0.0311284046692607,20672.0,2.1596638655462184,13.526315789473685,0.07782101167315175,0
PRV54707,9,0,9,1280,142.22222222222223,500,157.93810320642845,8,1,0.0,64.66666666666667,2.111111111111111,0.0,0.0,1.125,9.0,0.0,0
PRV54708,8,0,8,2680,335.0,1800,611.6021115538622,8,2,0.125,74.625,3.125,0.0,0.0,1.0,4.0,0.0,0
PRV54710,2,0,2,860,430.0,800,523.2590180780452,2,2,0.0,61.5,1.0,0.0,0.0,1.0,1.0,0.0,0
PRV54711,2,0,2,40,20.0,20,0.0,2,1,0.0,81.5,2.5,0.0,0.0,1.0,2.0,0.0,0
PRV54712,14,0,14,7460,532.8571428571429,2300,711.2548885480624,13,1,1.4285714285714286,68.78571428571429,3.2142857142857144,0.0,0.0,1.0769230769230769,14.0,0.0,0
PRV54713,17,0,17,1770,104.11764705882354,400,109.43370273420179,17,1,1.2941176470588236,69.94117647058823,2.6470588235294117,0.0,200.0,1.0,17.0,0.0,0
PRV54714,10,0,10,2480,248.0,1400,424.4421175038018,10,1,0.3,78.5,2.2,0.0,0.0,1.0,10.0,0.0,0
PRV54715,19,0,19,6890,362.63157894736844,2200,640.7360533468361,18,2,2.0526315789473686,77.3157894736842,2.5789473684210527,0.0,100.0,1.0555555555555556,9.5,0.0,0
PRV54716,141,0,141,39240,278.29787234042556,3300,597.3022176500994,55,2,0.8014184397163121,74.47517730496453,2.5106382978723403,0.0,680.0,2.5636363636363635,70.5,0.0,0
PRV54717,3,0,3,2400,800.0,2300,1300.0,3,1,0.0,59.666666666666664,1.3333333333333333,0.0,0.0,1.0,3.0,0.0,0
PRV54718,29,29,0,302000,10413.793103448275,57000,12508.617719051907,24,2,6.137931034482759,75.06896551724138,8.137931034482758,0.7241379310344828,30972.0,1.2083333333333333,14.5,1.0,1
PRV54720,9,9,0,127000,14111.111111111111,27000,8594.248722902492,9,1,3.888888888888889,76.77777777777777,8.666666666666666,1.0,8544.0,1.0,9.0,1.0,0
PRV54723,90,0,90,24350,270.55555555555554,2200,452.54178802913805,86,36,1.5444444444444445,74.45555555555555,2.7666666666666666,0.0,170.0,1.0465116279069768,2.5,0.0,0
PRV54724,71,48,23,495650,6980.985915492958,57000,8738.07532827773,67,14,4.295774647887324,78.08450704225352,6.464788732394366,0.5211267605633803,50266.0,1.0597014925373134,5.071428571428571,0.676056338028169,0
PRV54725,116,0,116,34700,299.13793103448273,3300,573.595174568141,112,65,2.0344827586206895,77.01724137931035,2.836206896551724,0.0,150.0,1.0357142857142858,1.7846153846153847,0.0,0
PRV54726,34,2,32,33290,979.1176470588235,22000,3846.382296862669,34,26,1.8823529411764706,73.8529411764706,2.323529411764706,0.058823529411764705,2286.0,1.0,1.3076923076923077,0.058823529411764705,0
PRV54727,59,0,59,24270,411.35593220338984,3300,626.6398009171718,59,47,1.7118644067796611,77.88135593220339,2.6610169491525424,0.0,370.0,1.0,1.2553191489361701,0.0,0
PRV54728,11,2,9,13690,1244.5454545454545,6000,2001.596181233186,11,9,3.1818181818181817,76.36363636363636,3.090909090909091,0.18181818181818182,2136.0,1.0,1.2222222222222223,0.18181818181818182,0
PRV54730,40,0,40,9450,236.25,2700,509.0044959753076,39,21,1.875,72.0,2.575,0.0,0.0,1.0256410256410255,1.9047619047619047,0.0,0
PRV54734,138,0,138,42870,310.6521739130435,3300,667.5712668937309,127,38,1.108695652173913,73.65217391304348,2.630434782608696,0.0,390.0,1.0866141732283465,3.6315789473684212,0.0,0
PRV54735,38,5,33,59710,1571.3157894736842,20000,4090.0163027842877,38,28,2.473684210526316,75.92105263157895,3.9473684210526314,0.10526315789473684,5600.0,1.0,1.3571428571428572,0.13157894736842105,0
PRV54737,35,13,22,169510,4843.142857142857,42000,8883.725626582765,35,23,4.228571428571429,77.2,4.6,0.37142857142857144,13884.0,1.0,1.5217391304347827,0.37142857142857144,0
PRV54739,186,45,141,632650,3401.3440860215055,57000,8286.703372165683,180,41,2.3118279569892475,74.38709677419355,3.8870967741935485,0.20967741935483872,45126.0,1.0333333333333334,4.536585365853658,0.24193548387096775,1
PRV54741,177,0,177,47650,269.2090395480226,3300,560.7112430651276,171,90,0.8361581920903954,73.99435028248588,2.689265536723164,0.0,960.0,1.0350877192982457,1.9666666666666666,0.0,0
PRV54742,1892,231,1661,2969530,1569.5190274841439,125000,5567.776485097408,989,15,1.885306553911205,74.67706131078224,3.2299154334038054,0.09460887949260043,245058.0,1.9130434782608696,126.13333333333334,0.12209302325581395,1
PRV54743,80,7,73,87470,1093.375,18000,3227.130223255346,77,56,2.075,72.4125,2.95,0.0875,6538.0,1.0389610389610389,1.4285714285714286,0.0875,1
PRV54745,828,10,818,295740,357.17391304347825,14000,1083.7568379785212,502,23,1.2330917874396135,75.10386473429952,2.778985507246377,0.010869565217391304,13090.0,1.649402390438247,36.0,0.012077294685990338,0
PRV54747,21,0,21,5420,258.0952380952381,2700,588.1464022470856,20,18,1.0476190476190477,73.57142857142857,2.5714285714285716,0.0,160.0,1.05,1.1666666666666667,0.0,0
PRV54748,85,0,85,32110,377.7647058823529,2800,626.1111579207235,83,38,2.1176470588235294,76.18823529411765,2.364705882352941,0.0,290.0,1.0240963855421688,2.236842105263158,0.0,0
PRV54753,16,0,16,7780,486.25,3300,809.2043417250469,16,9,1.9375,75.6875,2.4375,0.0,0.0,1.0,1.7777777777777777,0.0,0
PRV54756,19,3,16,17390,915.2631578947369,4000,1337.7068621797555,19,13,2.473684210526316,70.10526315789474,3.263157894736842,0.0,3254.0,1.0,1.4615384615384615,0.15789473684210525,0
PRV54757,65,15,50,117290,1804.4615384615386,16000,3468.1785703959717,65,50,2.0923076923076924,77.56923076923077,3.9846153846153847,0.15384615384615385,13904.0,1.0,1.3,0.23076923076923078,0
PRV54758,95,0,95,25690,270.42105263157896,3300,601.533352375541,93,68,1.6526315789473685,74.50526315789473,2.6736842105263157,0.0,420.0,1.021505376344086,1.3970588235294117,0.0,0
PRV54759,44,5,39,45140,1025.909090909091,15000,2659.034024797673,44,22,1.5,71.93181818181819,3.5681818181818183,0.06818181818181818,5380.0,1.0,2.0,0.11363636363636363,0
PRV54760,31,24,7,195090,6293.225806451613,38000,7133.484135678617,29,10,3.967741935483871,78.06451612903226,7.096774193548387,0.6451612903225806,25632.0,1.0689655172413792,3.1,0.7741935483870968,0
PRV54761,822,0,822,216040,262.82238442822387,3300,555.2798858283214,483,8,1.6313868613138687,74.09610705596107,2.670316301703163,0.0,2290.0,1.7018633540372672,102.75,0.0,0
PRV54763,34,0,34,11770,346.1764705882353,3300,731.7021032595427,33,23,1.5588235294117647,73.26470588235294,2.588235294117647,0.0,0.0,1.0303030303030303,1.4782608695652173,0.0,0
PRV54764,51,13,38,162080,3178.0392156862745,34000,6854.489337538676,48,36,1.7450980392156863,74.31372549019608,3.8823529411764706,0.2549019607843137,14064.0,1.0625,1.4166666666666667,0.2549019607843137,0
PRV54765,239,196,43,2000500,8370.292887029289,57000,9039.273200755155,201,32,4.510460251046025,74.2928870292887,7.112970711297071,0.5815899581589958,205136.0,1.1890547263681592,7.46875,0.8200836820083682,1
PRV54767,63,8,55,62080,985.3968253968254,10000,2229.680886611084,62,35,1.0634920634920635,74.66666666666667,3.365079365079365,0.031746031746031744,8624.0,1.0161290322580645,1.8,0.12698412698412698,0
PRV54768,32,7,25,79420,2481.875,17000,4872.824204278916,31,26,3.34375,69.90625,3.28125,0.09375,6478.0,1.032258064516129,1.2307692307692308,0.21875,0
PRV54771,85,12,73,171560,2018.3529411764705,38000,6209.498071706036,80,50,1.4470588235294117,73.82352941176471,3.552941176470588,0.11764705882352941,12906.0,1.0625,1.7,0.1411764705882353,1
PRV54772,2115,109,2006,1751320,828.0472813238771,57000,3247.633854867986,1061,42,1.7546099290780142,74.57730496453901,2.9442080378250592,0.04018912529550828,120824.0,1.993402450518379,50.357142857142854,0.051536643026004726,1
PRV54773,34,10,24,160210,4712.058823529412,38000,9749.523929142375,34,24,4.088235294117647,74.52941176470588,4.705882352941177,0.2647058823529412,9822.0,1.0,1.4166666666666667,0.29411764705882354,0
PRV54774,488,5,483,203170,416.33196721311475,33000,1711.853069831821,264,15,1.7336065573770492,73.49795081967213,2.682377049180328,0.00819672131147541,6650.0,1.8484848484848484,32.53333333333333,0.010245901639344262,0
PRV54776,37,5,32,37450,1012.1621621621622,15000,2624.852519809589,37,31,1.8108108108108107,74.21621621621621,3.081081081081081,0.10810810810810811,5340.0,1.0,1.1935483870967742,0.13513513513513514,0
PRV54778,1672,64,1608,998160,596.9856459330143,33000,2205.285502109463,857,8,1.8026315789473684,75.37679425837321,2.909688995215311,0.025119617224880382,72234.0,1.9509918319719954,209.0,0.03827751196172249,1
PRV54779,31,9,22,120680,3892.9032258064517,34000,7214.50954375897,31,26,1.935483870967742,71.80645161290323,4.096774193548387,0.22580645161290322,9612.0,1.0,1.1923076923076923,0.2903225806451613,0
PRV54780,21,0,21,4950,235.71428571428572,2400,512.9285664551295,21,9,1.9047619047619047,78.42857142857143,2.380952380952381,0.0,50.0,1.0,2.3333333333333335,0.0,0
PRV54781,205,71,134,776560,3788.0975609756097,53000,7315.054299333661,189,44,3.029268292682927,74.9560975609756,4.507317073170731,0.24878048780487805,75070.0,1.0846560846560847,4.659090909090909,0.3463414634146341,1
PRV54783,28,0,28,20530,733.2142857142857,3300,1031.6332020112882,26,14,2.892857142857143,75.39285714285714,2.3214285714285716,0.0,180.0,1.0769230769230769,2.0,0.0,0
PRV54784,9,0,9,1520,168.88888888888889,600,245.27762048566746,9,4,0.7777777777777778,76.44444444444444,1.6666666666666667,0.0,0.0,1.0,2.25,0.0,0
PRV54785,8,2,6,26330,3291.25,17000,6031.729052033327,8,7,4.25,69.375,4.125,0.125,2236.0,1.0,1.1428571428571428,0.25,0
PRV54786,1316,0,1316,415900,316.03343465045594,11900,749.1815024385636,697,9,1.7765957446808511,74.02963525835867,2.599544072948328,0.0,3400.0,1.8880918220946916,146.22222222222223,0.0,1
PRV54787,77,24,53,297820,3867.7922077922076,55000,8740.909055364267,76,48,2.0259740259740258,72.46753246753246,4.324675324675325,0.2857142857142857,24724.0,1.013157894736842,1.6041666666666667,0.3116883116883117,0
PRV54789,3,3,0,30000,10000.0,14000,3605.5512754639894,3,3,4.333333333333333,74.66666666666667,7.666666666666667,0.3333333333333333,3204.0,1.0,1.0,1.0,0
PRV54790,8,0,8,3560,445.0,1800,631.2572488975586,8,2,3.0,75.0,3.125,0.0,0.0,1.0,4.0,0.0,0
PRV54792,22,0,22,5390,245.0,1300,322.57520348712774,22,2,1.0909090909090908,75.72727272727273,2.1818181818181817,0.0,60.0,1.0,11.0,0.0,0
PRV54793,10,0,10,3820,382.0,2500,762.6824007701007,5,3,2.8,67.6,1.9,0.0,0.0,2.0,3.3333333333333335,0.0,0
PRV54794,3,0,3,450,150.0,300,130.7669683062202,3,3,0.0,74.66666666666667,3.0,0.0,0.0,1.0,1.0,0.0,0
PRV54795,21,0,21,7510,357.6190476190476,3300,823.6559036509407,21,6,0.9523809523809523,79.0952380952381,2.619047619047619,0.0,60.0,1.0,3.5,0.0,0
PRV54796,2,0,2,1700,850.0,1100,353.5533905932738,2,1,0.0,51.0,2.5,0.0,0.0,1.0,2.0,0.0,0
PRV54798,5,0,5,290,58.0,100,37.013511046643494,5,1,4.0,83.6,4.4,0.0,0.0,1.0,5.0,0.0,0
PRV54799,1,0,1,100,100.0,100,0.0,1,1,0.0,67.0,3.0,0.0,0.0,1.0,1.0,0.0,0
PRV54800,2,0,2,500,250.0,400,212.13203435596427,2,2,0.0,66.5,2.5,0.0,0.0,1.0,1.0,0.0,0
PRV54802,17,0,17,1770,104.11764705882354,500,119.89885443204888,17,4,1.5294117647058822,77.41176470588235,3.1176470588235294,0.0,0.0,1.0,4.25,0.0,0
PRV54803,3,0,3,1880,626.6666666666666,1800,1016.1856785712606,3,2,0.0,70.33333333333333,2.6666666666666665,0.0,0.0,1.0,1.5,0.0,0
PRV54805,5,0,5,270,54.0,200,85.32291603080617,5,1,4.0,75.4,2.2,0.0,0.0,1.0,5.0,0.0,0
PRV54806,75,0,75,13300,177.33333333333334,2000,310.81989802618654,56,1,1.1866666666666668,75.4,2.3466666666666667,0.0,510.0,1.3392857142857142,75.0,0.0,0
PRV54808,32,0,32,15140,473.125,4020,941.4588456563123,32,3,0.03125,70.03125,2.5,0.0,110.0,1.0,10.666666666666666,0.0,1
PRV54809,55,0,55,21170,384.90909090909093,3300,724.3435667510291,53,4,0.8909090909090909,75.67272727272727,2.9272727272727272,0.0,160.0,1.0377358490566038,13.75,0.0,0
PRV54810,7,0,7,3800,542.8571428571429,2700,990.7693018679018,7,2,2.857142857142857,71.0,2.142857142857143,0.0,40.0,1.0,3.5,0.0,0
PRV54812,12,12,0,156000,13000.0,42000,12869.97916223502,12,3,5.833333333333333,77.41666666666667,7.916666666666667,1.0,12816.0,1.0,4.0,1.0,0
PRV54813,1056,0,1056,300030,284.1193181818182,5300,604.6544436090892,711,1,1.4583333333333333,74.6155303030303,2.5643939393939394,0.001893939393939394,3680.0,1.4852320675105486,1056.0,0.0,0
PRV54814,82,0,82,20790,253.53658536585365,2700,440.3544362319789,72,3,1.2926829268292683,72.41463414634147,2.7439024390243905,0.0,210.0,1.1388888888888888,27.333333333333332,0.0,0
PRV54817,1,1,0,7000,7000.0,7000,0.0,1,1,19.0,99.0,9.0,2.0,1068.0,1.0,1.0,1.0,0
PRV54818,5,5,0,46000,9200.0,26000,9782.63768111648,5,2,3.0,70.6,7.4,0.4,5340.0,1.0,2.5,1.0,0
PRV54819,25,23,2,158110,6324.4,20000,4233.099809832033,23,4,4.36,75.48,7.2,0.8,22428.0,1.0869565217391304,6.25,0.92,0
PRV54820,1,1,0,12000,12000.0,12000,0.0,1,1,2.0,96.0,9.0,0.0,1068.0,1.0,1.0,1.0,0
PRV54821,7,7,0,39000,5571.428571428572,9000,2070.1966780270627,7,1,4.571428571428571,74.71428571428571,7.0,1.0,7476.0,1.0,7.0,1.0,0
PRV54822,16,16,0,136000,8500.0,18000,5059.644256269407,16,2,6.125,68.625,8.0,0.6875,17088.0,1.0,8.0,1.0,1
PRV54824,10,10,0,100000,10000.0,23000,5868.938953886337,10,1,6.5,72.2,8.8,0.9,10680.0,1.0,10.0,1.0,0
PRV54827,17,0,17,2570,151.1764705882353,600,204.7828835908038,12,1,1.2941176470588236,75.88235294117646,2.411764705882353,0.0,0.0,1.4166666666666667,17.0,0.0,0
PRV54828,60,3,57,111610,1860.1666666666667,57000,7967.937974468159,22,16,2.0,69.61666666666666,2.716666666666667,0.03333333333333333,3384.0,2.727272727272727,3.75,0.05,1
PRV54829,75,0,75,21140,281.8666666666667,2500,469.8323258508448,55,30,1.3333333333333333,74.98666666666666,2.24,0.0,200.0,1.3636363636363635,2.5,0.0,0
PRV54830,11,1,10,13810,1255.4545454545455,13000,3895.259589902484,11,6,2.5454545454545454,73.54545454545455,2.909090909090909,0.09090909090909091,1068.0,1.0,1.8333333333333333,0.09090909090909091,0
PRV54831,17,4,13,34040,2002.3529411764705,20000,4876.51198272362,17,13,0.8235294117647058,69.82352941176471,3.9411764705882355,0.058823529411764705,4272.0,1.0,1.3076923076923077,0.23529411764705882,0
PRV54832,60,5,55,95240,1587.3333333333333,54000,7230.040407479431,58,19,1.9,73.06666666666666,3.1333333333333333,0.08333333333333333,5450.0,1.0344827586206897,3.1578947368421053,0.08333333333333333,1
PRV54833,88,0,88,19000,215.9090909090909,3300,473.0911709262386,48,3,1.3068181818181819,69.5909090909091,2.6818181818181817,0.0,340.0,1.8333333333333333,29.333333333333332,0.0,0
PRV54834,16,6,10,59300,3706.25,24000,6355.67659655524,15,8,3.4375,72.6875,4.9375,0.3125,6608.0,1.0666666666666667,2.0,0.375,0
PRV54836,8,0,8,3400,425.0,1600,668.3668795760946,8,6,0.125,71.125,2.125,0.0,30.0,1.0,1.3333333333333333,0.0,0
PRV54837,1843,0,1843,524060,284.35160065111234,16300,665.1307089762304,728,12,1.6006511123168747,73.15355398806294,2.5246880086814976,0.0005425935973955507,5600.0,2.5315934065934065,153.58333333333334,0.0,1
PRV54838,58,0,58,10800,186.20689655172413,1600,263.3310742932654,31,1,0.6896551724137931,74.39655172413794,2.810344827586207,0.0,170.0,1.8709677419354838,58.0,0.0,0
PRV54840,26,0,26,6520,250.76923076923077,1900,468.51188311011344,21,12,1.3846153846153846,71.46153846153847,2.6153846153846154,0.0,0.0,1.2380952380952381,2.1666666666666665,0.0,0
PRV54841,6,3,3,50250,8375.0,27000,11074.142404719203,5,5,1.5,78.16666666666667,5.5,0.3333333333333333,3204.0,1.2,1.2,0.5,0
PRV54842,130,3,127,62420,480.15384615384613,11000,1269.553412669491,59,18,1.1076923076923078,73.96923076923076,2.853846153846154,0.015384615384615385,3534.0,2.2033898305084745,7.222222222222222,0.023076923076923078,0
PRV54845,41,8,33,100280,2445.8536585365855,37000,6469.037399648329,36,18,2.048780487804878,69.78048780487805,3.4634146341463414,0.1951219512195122,8884.0,1.1388888888888888,2.2777777777777777,0.1951219512195122,1
PRV54846,42,9,33,117930,2807.8571428571427,31000,6808.276360686625,40,27,0.8333333333333334,72.9047619047619,4.023809523809524,0.16666666666666666,9672.0,1.05,1.5555555555555556,0.21428571428571427,0
PRV54847,296,10,286,128200,433.1081081081081,16000,1399.5896983995838,135,59,1.2905405405405406,70.02027027027027,2.814189189189189,0.010135135135135136,11960.0,2.1925925925925926,5.016949152542373,0.033783783783783786,0
PRV54848,28,24,4,239270,8545.357142857143,57000,11199.160511575014,26,5,6.785714285714286,73.46428571428571,6.857142857142857,0.75,24764.0,1.0769230769230769,5.6,0.8571428571428571,0
PRV54849,12,0,12,1590,132.5,300,104.37040681238058,12,8,0.0,72.16666666666667,1.9166666666666667,0.0,0.0,1.0,1.5,0.0,0
PRV54852,180,0,180,51420,285.6666666666667,3300,570.2984615054917,82,2,1.9444444444444444,75.85,2.727777777777778,0.0,450.0,2.1951219512195124,90.0,0.0,0
PRV54854,131,0,131,39660,302.7480916030534,3300,591.435090963711,55,3,1.6870229007633588,69.95419847328245,2.3893129770992365,0.0,440.0,2.381818181818182,43.666666666666664,0.0,0
PRV54855,212,0,212,56930,268.5377358490566,3200,513.5604123639748,129,3,1.5943396226415094,72.57075471698113,2.693396226415094,0.0,490.0,1.6434108527131783,70.66666666666667,0.0,0
PRV54856,1,0,1,40,40.0,40,0.0,1,1,0.0,66.0,1.0,0.0,0.0,1.0,1.0,0.0,0
PRV54859,25,0,25,12250,490.0,3300,825.8228219983589,6,4,1.16,69.12,2.04,0.0,280.0,4.166666666666667,6.25,0.0,0
PRV54860,21,0,21,14080,670.4761904761905,3300,1044.8228375685335,8,1,3.0476190476190474,69.61904761904762,3.2857142857142856,0.0,280.0,2.625,21.0,0.0,0
PRV54861,43,0,43,6450,150.0,900,206.66282638521088,32,9,1.4186046511627908,67.32558139534883,2.511627906976744,0.0,180.0,1.34375,4.777777777777778,0.0,0
PRV54862,7,0,7,3530,504.2857142857143,2800,1034.8567878835076,1,2,0.14285714285714285,86.0,2.2857142857142856,0.0,0.0,7.0,3.5,0.0,0
PRV54863,6,0,6,1140,190.0,500,240.49948024891862,6,2,0.6666666666666666,69.33333333333333,2.5,0.0,0.0,1.0,3.0,0.0,0
PRV54864,5,0,5,860,172.0,500,196.6468916611702,5,2,2.8,69.6,1.4,0.0,0.0,1.0,2.5,0.0,0
PRV54865,6,0,6,610,101.66666666666667,300,119.73582031567106,6,2,0.0,75.33333333333333,2.3333333333333335,0.0,50.0,1.0,3.0,0.0,0
PRV54866,2,0,2,40,20.0,20,0.0,2,1,0.0,52.5,1.0,0.0,90.0,1.0,2.0,0.0,0
PRV54867,3,0,3,3550,1183.3333333333333,3300,1834.620760084583,3,1,6.666666666666667,76.66666666666667,4.0,0.0,20.0,1.0,3.0,0.0,0
PRV54868,105,0,105,25220,240.1904761904762,3100,463.4672442005869,91,1,1.6,72.4952380952381,2.6666666666666665,0.0,260.0,1.1538461538461537,105.0,0.0,0
PRV54869,8,0,8,950,118.75,300,101.90156314516756,8,1,0.0,69.75,2.125,0.0,0.0,1.0,8.0,0.0,0
PRV54870,8,0,8,1080,135.0,300,102.81745265969477,8,1,0.0,80.25,2.125,0.0,0.0,1.0,8.0,0.0,0
PRV54871,10,0,10,3260,326.0,2000,601.354027729645,8,1,0.0,73.9,3.6,0.0,0.0,1.25,10.0,0.0,0
PRV54873,8,0,8,420,52.5,90,31.05295017040594,8,3,0.0,64.125,2.375,0.0,0.0,1.0,2.6666666666666665,0.0,0
PRV54875,20,20,0,172000,8600.0,25000,7479.093668704995,19,3,9.15,69.55,8.3,0.85,20292.0,1.0526315789473684,6.666666666666667,1.0,1
PRV54876,3,3,0,58000,19333.333333333332,37000,15373.13674346694,3,2,10.666666666666666,71.0,8.0,1.3333333333333333,2136.0,1.0,1.5,1.0,1
PRV54877,70,0,70,26290,375.57142857142856,3300,668.2068492426138,63,20,1.8285714285714285,74.05714285714286,2.7142857142857144,0.014285714285714285,180.0,1.1111111111111112,3.5,0.0,0
PRV54878,16,1,15,9240,577.5,5000,1353.723260739309,15,7,2.125,73.625,3.0,0.0625,1158.0,1.0666666666666667,2.2857142857142856,0.0625,0
PRV54879,245,60,185,643720,2627.4285714285716,57000,6842.789516027486,197,36,2.2816326530612243,73.28571428571429,3.8612244897959185,0.18775510204081633,62364.0,1.2436548223350254,6.805555555555555,0.24489795918367346,1
PRV54881,39,33,6,294510,7551.538461538462,35000,7345.006373277139,39,6,5.538461538461538,73.2051282051282,7.17948717948718,0.4358974358974359,35244.0,1.0,6.5,0.8461538461538461,0
PRV54882,253,32,221,369680,1461.1857707509882,34000,4221.511918031556,220,132,2.067193675889328,74.3913043478261,3.41897233201581,0.1067193675889328,34946.0,1.15,1.9166666666666667,0.12648221343873517,1
PRV54883,1,1,0,13000,13000.0,13000,0.0,1,1,7.0,81.0,9.0,0.0,1068.0,1.0,1.0,1.0,0
PRV54885,316,36,280,411400,1301.8987341772151,41000,4202.938148697427,289,180,2.0348101265822787,73.18987341772151,3.2183544303797467,0.08860759493670886,38868.0,1.0934256055363323,1.7555555555555555,0.11392405063291139,0
PRV54886,9,0,9,7940,882.2222222222222,5300,1710.3857589574477,9,8,3.4444444444444446,78.22222222222223,4.222222222222222,0.0,0.0,1.0,1.125,0.0,0
PRV54887,143,0,143,48780,341.1188811188811,3300,663.271984335516,126,77,1.3006993006993006,75.12587412587412,2.3076923076923075,0.0,430.0,1.1349206349206349,1.8571428571428572,0.0,0
PRV54888,413,0,413,120880,292.6876513317191,3300,540.9455868473875,324,146,1.74818401937046,74.9225181598063,2.709443099273608,0.0,710.0,1.2746913580246915,2.828767123287671,0.0,0
PRV54889,56,7,49,100580,1796.0714285714287,34000,5388.718747555838,48,33,1.625,74.51785714285714,3.392857142857143,0.125,7506.0,1.1666666666666667,1.696969696969697,0.125,0
PRV54890,77,4,73,74320,965.1948051948052,44000,5078.721764793104,77,53,2.5064935064935066,74.25974025974025,3.207792207792208,0.03896103896103896,4672.0,1.0,1.4528301886792452,0.05194805194805195,0
PRV54891,50,6,44,83380,1667.6,35000,5360.783738010168,44,18,0.52,73.5,3.24,0.06,5460.0,1.1363636363636365,2.7777777777777777,0.12,0
PRV54892,49,0,49,10670,217.75510204081633,3300,526.1228678824401,46,30,1.6122448979591837,70.36734693877551,2.9183673469387754,0.0,0.0,1.065217391304348,1.6333333333333333,0.0,0
PRV54893,8,0,8,1830,228.75,1000,324.36476380766146,8,6,3.875,66.75,1.875,0.0,0.0,1.0,1.3333333333333333,0.0,0
PRV54894,229,138,91,1757060,7672.751091703057,103000,12733.769505505901,209,64,4.471615720524017,74.47598253275109,5.8384279475982535,0.4410480349344978,142144.0,1.0956937799043063,3.578125,0.6026200873362445,1
PRV54895,3436,3,3433,1057610,307.80267753201394,36000,901.6328565014481,1469,26,1.3780558789289872,73.4697322467986,2.59895227008149,0.002328288707799767,14964.0,2.339006126616746,132.15384615384616,0.0008731082654249127,1
PRV54896,159,56,103,616860,3879.622641509434,57000,7489.672288954958,152,56,3.0377358490566038,74.27044025157232,4.490566037735849,0.2830188679245283,60498.0,1.0460526315789473,2.8392857142857144,0.3522012578616352,1
PRV54898,9,9,0,72000,8000.0,17000,4301.162633521313,9,1,5.444444444444445,71.66666666666667,8.11111111111111,0.7777777777777778,9612.0,1.0,9.0,1.0,0
PRV54900,14,0,14,3490,249.28571428571428,1000,291.5070730297528,14,14,1.3571428571428572,72.28571428571429,3.5,0.0,100.0,1.0,1.0,0.0,0
PRV54901,25,8,17,103960,4158.4,46000,9651.92583546586,25,23,2.84,75.0,4.16,0.2,7576.0,1.0,1.0869565217391304,0.32,0
PRV54902,16,1,15,9840,615.0,5000,1295.6131109761639,15,10,1.375,69.6875,2.5625,0.0625,1068.0,1.0666666666666667,1.6,0.0625,0
PRV54903,7,7,0,57000,8142.857142857143,17000,5145.5019654248,6,1,2.142857142857143,70.42857142857143,6.571428571428571,0.14285714285714285,7476.0,1.1666666666666667,7.0,1.0,0
PRV54904,19,0,19,7970,419.4736842105263,2900,778.741675070256,19,9,1.0,73.73684210526316,2.3684210526315788,0.0,100.0,1.0,2.111111111111111,0.0,0
PRV54905,149,4,145,79620,534.3624161073825,17000,1796.3985450428204,114,44,0.7516778523489933,76.52348993288591,2.61744966442953,0.026845637583892617,4652.0,1.3070175438596492,3.3863636363636362,0.026845637583892617,0
PRV54906,22,8,14,127150,5779.545454545455,57000,12292.602296182904,22,14,4.045454545454546,74.36363636363636,4.681818181818182,0.22727272727272727,8544.0,1.0,1.5714285714285714,0.36363636363636365,0
PRV54907,170,0,170,59920,352.47058823529414,5020,727.3090646081556,120,22,1.4058823529411764,75.35882352941177,2.6470588235294117,0.0,520.0,1.4166666666666667,7.7272727272727275,0.0,0
PRV54908,115,0,115,34230,297.6521739130435,4200,631.8301604386811,109,41,1.2434782608695651,74.47826086956522,2.6869565217391305,0.0,100.0,1.055045871559633,2.8048780487804876,0.0,0
PRV54909,27,8,19,89860,3328.1481481481483,15000,5201.283892564808,27,22,2.4814814814814814,75.55555555555556,4.148148148148148,0.25925925925925924,7476.0,1.0,1.2272727272727273,0.2962962962962963,0
PRV54910,215,3,212,80880,376.1860465116279,12000,1068.7460390878987,152,69,0.6558139534883721,74.10232558139535,2.6372093023255814,0.009302325581395349,3314.0,1.4144736842105263,3.1159420289855073,0.013953488372093023,0
PRV54911,85,0,85,25520,300.2352941176471,3000,572.2948300911162,82,35,0.9529411764705882,73.61176470588235,2.3529411764705883,0.0,270.0,1.0365853658536586,2.4285714285714284,0.0,0
PRV54914,402,14,388,212930,529.6766169154229,24000,1888.7505653619564,220,14,1.256218905472637,75.43781094527363,2.9054726368159205,0.012437810945273632,16172.0,1.8272727272727274,28.714285714285715,0.03482587064676617,0
PRV54916,107,16,91,183750,1717.2897196261683,55000,5891.948546908877,99,13,2.3551401869158877,73.23364485981308,3.411214953271028,0.102803738317757,17348.0,1.0808080808080809,8.23076923076923,0.14953271028037382,0
PRV54917,37,15,22,112450,3039.189189189189,13000,4293.281170994185,36,5,3.5405405405405403,75.1891891891892,4.486486486486487,0.2972972972972973,16030.0,1.0277777777777777,7.4,0.40540540540540543,0
PRV54918,166,71,95,874860,5270.240963855422,83000,10833.607471690833,139,50,2.9397590361445785,75.8433734939759,4.759036144578313,0.30120481927710846,76068.0,1.1942446043165467,3.32,0.42771084337349397,1
PRV54919,178,4,174,66770,375.1123595505618,9000,1192.3448098163958,155,40,1.2134831460674158,75.92696629213484,2.466292134831461,0.0,4402.0,1.1483870967741936,4.45,0.02247191011235955,0
PRV54923,79,0,79,30400,384.8101265822785,3300,654.9414942739378,57,17,1.3164556962025316,70.0886075949367,2.2911392405063293,0.0,20.0,1.3859649122807018,4.647058823529412,0.0,0
PRV54924,173,21,152,279220,1613.9884393063585,41000,4945.4153939249845,144,46,1.7341040462427746,75.26011560693641,3.3352601156069364,0.1329479768786127,22948.0,1.2013888888888888,3.760869565217391,0.12138728323699421,0
PRV54925,122,39,83,478870,3925.1639344262294,57000,8952.09234821223,97,24,2.6557377049180326,72.9672131147541,4.745901639344262,0.1885245901639344,40734.0,1.2577319587628866,5.083333333333333,0.319672131147541,1
PRV54926,47,8,39,85620,1821.7021276595744,32000,5247.6666943919145,45,19,2.25531914893617,69.2127659574468,3.4680851063829787,0.14893617021276595,8614.0,1.0444444444444445,2.473684210526316,0.1702127659574468,0
PRV54927,102,0,102,22600,221.5686274509804,2300,447.3037931456135,94,40,1.588235294117647,75.26470588235294,2.411764705882353,0.0,50.0,1.0851063829787233,2.55,0.0,0
PRV54929,26,15,11,197630,7601.153846153846,41000,10651.937786871673,26,21,5.5,73.84615384615384,6.384615384615385,0.38461538461538464,16020.0,1.0,1.2380952380952381,0.5769230769230769,1
PRV54930,211,5,206,93570,443.45971563981044,10000,1143.2309569760998,186,55,1.872037914691943,74.43127962085308,2.772511848341232,0.018957345971563982,6320.0,1.1344086021505377,3.8363636363636364,0.023696682464454975,0
PRV54931,52,24,28,248540,4779.615384615385,37000,7899.387407754979,50,35,4.346153846153846,75.01923076923077,4.6923076923076925,0.3269230769230769,25632.0,1.04,1.4857142857142858,0.46153846153846156,1
PRV54932,59,1,58,21160,358.64406779661016,3300,689.3311541585165,59,45,0.8983050847457628,73.30508474576271,2.5254237288135593,0.01694915254237288,170.0,1.0,1.3111111111111111,0.01694915254237288,0
PRV54933,64,29,35,273200,4268.75,41000,7983.236504035507,53,16,3.34375,72.21875,5.21875,0.4375,28966.0,1.2075471698113207,4.0,0.453125,1
PRV54934,71,18,53,178930,2520.1408450704225,23000,4991.303721175674,57,28,2.183098591549296,74.25352112676056,4.140845070422535,0.18309859154929578,18306.0,1.2456140350877194,2.5357142857142856,0.2535211267605634,0
PRV54935,89,3,86,23250,261.23595505617976,3300,624.0389342179028,77,32,0.7640449438202247,73.92134831460675,2.8202247191011236,0.033707865168539325,3524.0,1.155844155844156,2.78125,0.033707865168539325,0
PRV54936,221,131,90,1139730,5157.149321266968,57000,8484.100558765094,209,55,3.981900452488688,72.92307692307692,5.873303167420814,0.4072398190045249,130526.0,1.0574162679425838,4.0181818181818185,0.5927601809954751,1
PRV54937,36,3,33,36260,1007.2222222222222,11000,2427.1330661162606,36,26,2.888888888888889,69.75,3.388888888888889,0.05555555555555555,3274.0,1.0,1.3846153846153846,0.08333333333333333,0
PRV54938,86,0,86,25530,296.86046511627904,3100,580.2236113124723,86,57,1.1162790697674418,74.13953488372093,2.686046511627907,0.0,270.0,1.0,1.5087719298245614,0.0,0
PRV54939,1380,0,1380,407800,295.5072463768116,7900,600.8983756139401,1163,239,1.267391304347826,74.07028985507246,2.4985507246376812,0.0,3520.0,1.1865864144454,5.7740585774058575,0.0,1
PRV54941,18,0,18,4990,277.22222222222223,2100,481.4048749179543,18,11,1.8888888888888888,72.66666666666667,2.5,0.0,0.0,1.0,1.6363636363636365,0.0,0
PRV54942,130,20,110,365970,2815.153846153846,124000,12262.831042216412,119,58,1.8846153846153846,76.07692307692308,3.376923076923077,0.07692307692307693,20832.0,1.0924369747899159,2.2413793103448274,0.15384615384615385,1
PRV54943,23,2,21,23450,1019.5652173913044,16000,3316.282801655094,21,15,0.30434782608695654,68.52173913043478,3.0,0.043478260869565216,2136.0,1.0952380952380953,1.5333333333333334,0.08695652173913043,0
PRV54944,120,0,120,38620,321.8333333333333,3300,627.6366011325603,115,85,0.8916666666666667,74.45,2.3833333333333333,0.0,310.0,1.0434782608695652,1.411764705882353,0.0,0
PRV54945,37,0,37,5950,160.8108108108108,1100,212.89510169171186,36,14,1.2162162162162162,72.08108108108108,2.8378378378378377,0.0,100.0,1.0277777777777777,2.642857142857143,0.0,0
PRV54946,91,0,91,33740,370.7692307692308,3300,723.1984985991526,91,61,0.9120879120879121,72.8021978021978,2.4065934065934065,0.0,120.0,1.0,1.4918032786885247,0.0,0
PRV54947,26,0,26,7630,293.46153846153845,3060,662.0328832176982,24,15,0.8461538461538461,72.38461538461539,1.9615384615384615,0.0,50.0,1.0833333333333333,1.7333333333333334,0.0,0
PRV54949,412,42,370,525140,1274.611650485437,45000,4183.611705784702,375,138,2.383495145631068,74.33252427184466,3.262135922330097,0.07281553398058252,43780.0,1.0986666666666667,2.9855072463768115,0.10194174757281553,0
PRV54950,18,5,13,75400,4188.888888888889,37000,9316.73313666702,18,14,3.4444444444444446,77.72222222222223,4.277777777777778,0.2777777777777778,5430.0,1.0,1.2857142857142858,0.2777777777777778,1
PRV54952,149,12,137,181650,1219.1275167785234,79000,6677.619127099309,147,77,2.1073825503355703,74.76510067114094,3.087248322147651,0.040268456375838924,12058.0,1.0136054421768708,1.9350649350649352,0.08053691275167785,1
PRV54953,102,0,102,28200,276.47058823529414,3200,523.9693269286159,84,34,1.2352941176470589,72.38235294117646,2.735294117647059,0.0,240.0,1.2142857142857142,3.0,0.0,0
PRV54954,71,0,71,18080,254.64788732394365,3300,518.4367463440053,71,47,1.7605633802816902,73.50704225352112,2.380281690140845,0.0,80.0,1.0,1.5106382978723405,0.0,0
PRV54955,314,205,109,2134890,6799.012738853503,57000,8975.575127113418,300,69,4.308917197452229,74.13694267515923,6.178343949044586,0.4299363057324841,209488.0,1.0466666666666666,4.550724637681159,0.6528662420382165,1
PRV54959,95,7,88,86510,910.6315789473684,12000,2233.8145080643935,92,54,1.8736842105263158,73.48421052631579,3.2526315789473683,0.08421052631578947,7696.0,1.0326086956521738,1.7592592592592593,0.07368421052631578,0
PRV54960,193,0,193,51400,266.32124352331607,3300,500.32847586871605,187,70,1.6424870466321244,76.10880829015544,2.5906735751295336,0.0,60.0,1.032085561497326,2.757142857142857,0.0,0
PRV54963,67,1,66,29770,444.32835820895525,13000,1596.018933472222,67,45,1.2537313432835822,73.83582089552239,2.8656716417910446,0.014925373134328358,1168.0,1.0,1.488888888888889,0.014925373134328358,0
PRV54965,107,9,98,151480,1415.7009345794393,55000,5726.749236292478,105,73,2.074766355140187,75.61682242990655,3.205607476635514,0.056074766355140186,9812.0,1.019047619047619,1.4657534246575343,0.08411214953271028,0
PRV54966,1796,0,1796,502010,279.51559020044544,3300,561.1471927236709,1289,10,1.2733853006681515,74.51002227171492,2.5863028953229397,0.0005567928730512249,5980.0,1.3933281613653996,179.6,0.0,1
PRV54967,51,0,51,21920,429.80392156862746,3300,846.6486643137835,51,25,1.196078431372549,74.33333333333333,2.7058823529411766,0.0,90.0,1.0,2.04,0.0,0
PRV54968,49,10,39,127820,2608.5714285714284,57000,8312.88532941481,41,24,2.36734693877551,68.91836734693878,4.142857142857143,0.12244897959183673,10870.0,1.1951219512195121,2.0416666666666665,0.20408163265306123,0
PRV54970,233,6,227,106170,455.6652360515021,15000,1351.8989229209706,180,35,1.4334763948497855,73.90557939914163,2.832618025751073,0.012875536480686695,7288.0,1.2944444444444445,6.6571428571428575,0.02575107296137339,0
PRV54971,429,52,377,541030,1261.1421911421912,47000,4158.175524475997,189,11,1.8484848484848484,71.92074592074592,3.13986013986014,0.09090909090909091,54330.0,2.2698412698412698,39.0,0.12121212121212122,0
PRV54972,62,0,62,16950,273.38709677419354,2400,459.6718128931579,56,31,1.032258064516129,73.96774193548387,2.403225806451613,0.0,180.0,1.1071428571428572,2.0,0.0,0
PRV54973,129,9,120,68880,533.953488372093,10000,1487.8877743532164,123,70,2.3255813953488373,77.15503875968992,2.9224806201550386,0.046511627906976744,9872.0,1.048780487804878,1.8428571428571427,0.06976744186046512,0
PRV54975,132,0,132,36460,276.2121212121212,3500,609.797276166345,122,39,0.7651515151515151,74.87878787878788,2.7196969696969697,0.0,240.0,1.0819672131147542,3.3846153846153846,0.0,0
PRV54976,55,0,55,19940,362.54545454545456,3300,709.5257106030296,53,23,1.8181818181818181,75.12727272727273,2.6,0.0,180.0,1.0377358490566038,2.391304347826087,0.0,0
PRV54977,53,5,48,89140,1681.8867924528302,28000,5197.177879389402,41,28,1.6603773584905661,76.37735849056604,2.6792452830188678,0.05660377358490566,5340.0,1.2926829268292683,1.8928571428571428,0.09433962264150944,0
PRV54978,265,0,265,86760,327.39622641509436,5900,684.2212544094974,126,14,1.1622641509433962,74.84528301886793,2.483018867924528,0.0,500.0,2.1031746031746033,18.928571428571427,0.0,0
PRV54981,95,81,14,816730,8597.157894736842,57000,10707.237427360425,90,14,5.768421052631579,74.56842105263158,7.073684210526316,0.7578947368421053,84372.0,1.0555555555555556,6.785714285714286,0.8526315789473684,0
PRV54982,37,0,37,11860,320.5405405405405,3300,645.4453498939315,33,16,0.7837837837837838,76.94594594594595,2.810810810810811,0.0,60.0,1.121212121212121,2.3125,0.0,0
PRV54983,126,0,126,42140,334.44444444444446,3300,628.9096031139045,116,53,1.3571428571428572,72.65873015873017,2.619047619047619,0.0,170.0,1.0862068965517242,2.3773584905660377,0.0,0
PRV54985,223,0,223,63340,284.0358744394619,3100,542.0339061940537,203,100,1.6771300448430493,75.10762331838565,2.4708520179372195,0.0,860.0,1.0985221674876848,2.23,0.0,0
PRV54986,618,153,465,1693410,2740.145631067961,85000,6708.855910561519,542,105,2.598705501618123,72.92556634304208,3.8576051779935274,0.19741100323624594,158536.0,1.1402214022140222,5.885714285714286,0.24757281553398058,1
PRV54988,41,0,41,14310,349.0243902439024,3300,639.1431955283917,41,26,1.6097560975609757,70.82926829268293,2.975609756097561,0.0,0.0,1.0,1.5769230769230769,0.0,0
PRV54990,20,4,16,46600,2330.0,27000,6139.552529554406,20,16,1.05,74.8,4.25,0.1,4272.0,1.0,1.25,0.2,0
PRV54991,130,0,130,21180,162.92307692307693,3300,385.9056521114254,125,63,1.0153846153846153,74.20769230769231,2.1846153846153844,0.0,660.0,1.04,2.0634920634920637,0.0,0
PRV54992,18,0,18,11710,650.5555555555555,3300,938.6941632002106,17,14,2.6666666666666665,72.27777777777777,2.6666666666666665,0.0,0.0,1.0588235294117647,1.2857142857142858,0.0,0
PRV54993,53,8,45,185920,3507.9245283018868,92000,13665.33350637109,48,28,3.1132075471698113,73.84905660377359,3.2264150943396226,0.1509433962264151,8584.0,1.1041666666666667,1.8928571428571428,0.1509433962264151,0
PRV54995,16,0,16,6060,378.75,3300,810.4474073004368,16,9,0.6875,77.125,2.375,0.0,130.0,1.0,1.7777777777777777,0.0,0
PRV54997,34,5,29,39770,1169.7058823529412,15000,2804.143563192629,22,15,1.6470588235294117,74.44117647058823,3.6176470588235294,0.08823529411764706,5390.0,1.5454545454545454,2.2666666666666666,0.14705882352941177,0
PRV54998,207,59,148,563540,2722.415458937198,33000,5415.446172203331,130,23,2.7246376811594204,76.35748792270532,4.072463768115942,0.2222222222222222,62384.0,1.5923076923076922,9.0,0.28502415458937197,1
PRV54999,10,3,7,40940,4094.0,16000,6472.483981354368,10,9,4.0,75.6,4.0,0.2,3204.0,1.0,1.1111111111111112,0.3,0
PRV55000,764,86,678,1166020,1526.2041884816754,49000,5168.332142245146,707,139,1.9921465968586387,74.41884816753927,3.298429319371728,0.08769633507853403,91462.0,1.0806223479490806,5.496402877697841,0.112565445026178,0
PRV55001,158,0,158,41400,262.0253164556962,3300,462.7565695558482,153,68,1.1265822784810127,73.42405063291139,2.607594936708861,0.0,370.0,1.0326797385620916,2.323529411764706,0.0,0
PRV55002,100,0,100,27060,270.6,3300,591.2165509362961,93,30,1.26,71.46,2.53,0.0,440.0,1.075268817204301,3.3333333333333335,0.0,0
PRV55003,76,5,71,77850,1024.342105263158,28000,3769.6381207489276,73,32,2.1710526315789473,75.5657894736842,3.0921052631578947,0.05263157894736842,5350.0,1.0410958904109588,2.375,0.06578947368421052,0
PRV55004,2399,3,2396,703610,293.29303876615256,23000,800.4670199050614,992,25,1.4651938307628178,73.69445602334306,2.645268862025844,0.0029178824510212586,9476.0,2.4183467741935485,95.96,0.0012505210504376823,1
PRV55005,130,56,74,516780,3975.230769230769,42000,6908.857276066817,128,43,2.8923076923076922,75.03846153846153,4.915384615384616,0.2153846153846154,58810.0,1.015625,3.0232558139534884,0.4307692307692308,0
PRV55006,41,3,38,37250,908.5365853658536,10000,1938.3053951526958,41,21,2.4146341463414633,72.14634146341463,2.902439024390244,0.024390243902439025,3344.0,1.0,1.9523809523809523,0.07317073170731707,0
PRV55007,14,0,14,3330,237.85714285714286,1600,441.2077579942195,13,9,1.4285714285714286,78.28571428571429,2.857142857142857,0.0,0.0,1.0769230769230769,1.5555555555555556,0.0,0
PRV55010,289,0,289,66400,229.75778546712803,3300,507.31689035505553,143,26,1.1038062283737025,76.4878892733564,2.6955017301038064,0.0,590.0,2.020979020979021,11.115384615384615,0.0,1
PRV55011,56,0,56,13750,245.53571428571428,3300,548.5614895271157,54,28,0.5,74.32142857142857,2.5357142857142856,0.0,250.0,1.037037037037037,2.0,0.0,0
PRV55012,73,0,73,19800,271.2328767123288,3300,518.6492745731172,69,24,0.9178082191780822,75.05479452054794,2.3013698630136985,0.0,330.0,1.0579710144927537,3.0416666666666665,0.0,0
PRV55013,83,0,83,17800,214.4578313253012,3300,505.00725184855486,78,49,2.3734939759036147,72.36144578313252,2.6265060240963853,0.0,550.0,1.064102564102564,1.6938775510204083,0.0,0
PRV55016,146,0,146,38140,261.2328767123288,3300,550.7372994274428,86,26,0.9178082191780822,72.63698630136986,2.684931506849315,0.0,510.0,1.697674418604651,5.615384615384615,0.0,0
PRV55018,75,63,12,615940,8212.533333333333,49000,9253.773823796535,72,10,4.666666666666667,74.97333333333333,7.1066666666666665,0.6,67284.0,1.0416666666666667,7.5,0.84,1
PRV55019,285,158,127,1857020,6515.859649122807,57000,10110.439437236897,221,52,3.6912280701754385,74.3578947368421,5.505263157894737,0.43157894736842106,167826.0,1.2895927601809956,5.480769230769231,0.5543859649122806,1
PRV55022,137,76,61,716850,5232.481751824817,57000,8534.62892306654,123,34,3.4963503649635035,76.11678832116789,5.671532846715328,0.3284671532846715,80340.0,1.113821138211382,4.029411764705882,0.5547445255474452,1
PRV55023,64,34,30,420150,6564.84375,57000,9602.799524376062,52,13,5.09375,72.140625,5.609375,0.359375,34176.0,1.2307692307692308,4.923076923076923,0.53125,0
PRV55024,46,3,43,32980,716.9565217391304,8000,1584.7998395384088,45,40,2.0434782608695654,73.5,3.108695652173913,0.043478260869565216,3374.0,1.0222222222222221,1.15,0.06521739130434782,0
PRV55026,272,0,272,76910,282.75735294117646,3300,544.7624892441034,239,124,1.3419117647058822,73.15073529411765,2.7279411764705883,0.0,810.0,1.1380753138075315,2.193548387096774,0.0,0
PRV55027,156,13,143,191990,1230.7051282051282,57000,5107.79355333175,147,68,1.9679487179487178,75.0576923076923,3.0961538461538463,0.057692307692307696,14334.0,1.0612244897959184,2.2941176470588234,0.08333333333333333,1
PRV55028,223,20,203,241790,1084.2600896860986,51000,4279.96245506118,87,11,1.3004484304932735,71.78026905829596,2.986547085201794,0.06278026905829596,20782.0,2.5632183908045976,20.272727272727273,0.08968609865470852,0
PRV55029,255,14,241,224000,878.4313725490196,22000,2559.023691592167,209,90,1.6784313725490196,73.48235294117647,2.7215686274509805,0.047058823529411764,14274.0,1.2200956937799043,2.8333333333333335,0.054901960784313725,0
PRV55030,311,73,238,782900,2517.363344051447,57000,6275.316015160979,239,78,2.9356913183279745,74.10610932475885,4.112540192926045,0.16720257234726688,75360.0,1.301255230125523,3.9871794871794872,0.2347266881028939,1
PRV55031,32,4,28,45300,1415.625,19000,3890.8071453023067,30,26,2.59375,71.4375,3.125,0.09375,4272.0,1.0666666666666667,1.2307692307692308,0.125,0
PRV55032,36,1,35,20340,565.0,5000,1136.021881076995,36,18,0.8333333333333334,76.13888888888889,2.4166666666666665,0.0,1738.0,1.0,2.0,0.027777777777777776,0
PRV55034,612,26,586,435780,712.0588235294117,48000,3068.5981504011584,466,2,1.3725490196078431,73.99673202614379,2.8300653594771243,0.0392156862745098,26214.0,1.3133047210300428,306.0,0.042483660130718956,1
PRV55035,14,0,14,3860,275.7142857142857,3300,870.8237858109215,14,5,1.6428571428571428,76.71428571428571,3.142857142857143,0.0,0.0,1.0,2.8,0.0,0
PRV55036,64,0,64,14760,230.625,2400,422.8244973455956,63,30,2.765625,76.046875,2.546875,0.0,360.0,1.0158730158730158,2.1333333333333333,0.0,0
PRV55037,649,11,638,313660,483.2973805855162,26000,1753.5250843981382,448,14,1.546995377503852,72.8135593220339,2.7812018489984593,0.012326656394453005,13130.0,1.4486607142857142,46.357142857142854,0.01694915254237288,0
PRV55038,15,0,15,4230,282.0,1400,466.08092491693816,15,13,0.06666666666666667,68.8,3.8666666666666667,0.0,0.0,1.0,1.1538461538461537,0.0,0
PRV55039,2058,31,2027,816200,396.5986394557823,27000,1380.6610674660253,647,55,1.3760932944606414,74.77356656948494,2.857142857142857,0.011661807580174927,36112.0,3.1808346213292116,37.41818181818182,0.015063168124392614,1
PRV55040,6,0,6,6630,1105.0,3300,1462.5149571884726,6,5,3.3333333333333335,79.66666666666667,3.0,0.0,0.0,1.0,1.2,0.0,0
PRV55041,21,5,16,63880,3041.904761904762,30000,6844.480710066775,20,18,3.0952380952380953,74.42857142857143,3.857142857142857,0.0,5340.0,1.05,1.1666666666666667,0.23809523809523808,0
PRV55042,124,8,116,126300,1018.5483870967741,29000,3438.086462859091,110,47,1.7903225806451613,73.7741935483871,3.088709677419355,0.06451612903225806,8944.0,1.1272727272727272,2.6382978723404253,0.06451612903225806,0
PRV55043,119,0,119,35450,297.89915966386553,3300,630.9971580552991,114,65,1.361344537815126,75.21848739495799,2.6638655462184873,0.0,540.0,1.043859649122807,1.8307692307692307,0.0,0
PRV55044,9,0,9,1070,118.88888888888889,700,219.28545576738804,9,9,1.8888888888888888,81.77777777777777,3.4444444444444446,0.0,0.0,1.0,1.0,0.0,0
PRV55045,66,0,66,27630,418.6363636363636,4700,906.2804564450595,65,22,1.9393939393939394,74.78787878787878,2.590909090909091,0.0,10.0,1.0153846153846153,3.0,0.0,0
PRV55048,94,82,12,866240,9215.31914893617,56000,9429.19918173737,88,14,5.23404255319149,73.70212765957447,7.308510638297872,0.7659574468085106,85440.0,1.0681818181818181,6.714285714285714,0.8723404255319149,1
PRV55049,148,75,73,725150,4899.6621621621625,49000,7397.213983319743,117,38,4.27027027027027,73.64864864864865,5.412162162162162,0.42567567567567566,79032.0,1.264957264957265,3.8947368421052633,0.5067567567567568,1
PRV55050,183,0,183,49610,271.09289617486337,3300,536.4852108239098,137,1,1.530054644808743,73.30601092896175,2.726775956284153,0.0,510.0,1.3357664233576643,183.0,0.0,0
PRV55051,7,7,0,60000,8571.42857142857,18000,4649.62876142253,7,2,10.857142857142858,75.42857142857143,8.714285714285714,0.8571428571428571,7476.0,1.0,3.5,1.0,0
PRV55052,49,0,49,8480,173.0612244897959,2100,369.02012186347787,31,7,0.04081632653061224,75.16326530612245,2.510204081632653,0.0,0.0,1.5806451612903225,7.0,0.0,0
PRV55053,54,0,54,13340,247.03703703703704,3000,517.255564839174,29,5,2.2962962962962963,74.51851851851852,1.8888888888888888,0.0,100.0,1.8620689655172413,10.8,0.0,0
PRV55054,69,0,69,12650,183.33333333333334,1300,268.04118793829525,59,6,0.9565217391304348,74.84057971014492,2.579710144927536,0.0,50.0,1.1694915254237288,11.5,0.0,0
PRV55056,100,0,100,40290,402.9,8900,1048.8187631711203,91,20,0.84,74.89,2.76,0.0,360.0,1.098901098901099,5.0,0.0,0
PRV55057,347,0,347,94560,272.507204610951,9200,643.4249908719581,146,6,1.7377521613832854,72.09798270893371,2.605187319884726,0.0,1040.0,2.3767123287671232,57.833333333333336,0.0,1
PRV55058,227,0,227,63470,279.6035242290749,7600,719.3675452230718,164,8,1.2819383259911894,73.08810572687224,2.4537444933920707,0.0,1200.0,1.3841463414634145,28.375,0.0,0
PRV55059,153,0,153,51910,339.281045751634,3300,656.4929796545742,84,4,1.7320261437908497,74.98692810457516,2.8823529411764706,0.0,360.0,1.8214285714285714,38.25,0.0,0
PRV55061,95,0,95,24290,255.68421052631578,2900,482.3869124040148,83,21,1.2105263157894737,76.2,2.6526315789473682,0.0,70.0,1.144578313253012,4.523809523809524,0.0,0
PRV55062,29,0,29,7460,257.2413793103448,1600,392.9367138404655,28,8,1.0344827586206897,77.51724137931035,3.4482758620689653,0.0,0.0,1.0357142857142858,3.625,0.0,0
PRV55063,10,0,10,660,66.0,200,53.374983736661584,10,10,0.0,78.8,1.6,0.0,0.0,1.0,1.0,0.0,0
PRV55064,621,0,621,187750,302.33494363929145,8700,656.7796732883214,380,1,1.4363929146537842,73.22061191626409,2.4847020933977455,0.0,1300.0,1.6342105263157896,621.0,0.0,0
PRV55067,1,1,0,29000,29000.0,29000,0.0,1,1,20.0,78.0,9.0,2.0,1068.0,1.0,1.0,1.0,0
PRV55068,6,0,6,2620,436.6666666666667,1700,656.2519841239847,6,1,3.6666666666666665,65.5,2.0,0.0,0.0,1.0,6.0,0.0,0
PRV55069,21,0,21,2050,97.61904761904762,500,131.4117484057176,20,4,0.9523809523809523,71.0952380952381,1.8571428571428572,0.0,100.0,1.05,5.25,0.0,0
PRV55070,20,0,20,3220,161.0,1000,273.35921999796295,19,1,1.3,74.35,2.7,0.0,0.0,1.0526315789473684,20.0,0.0,0
PRV55071,70,0,70,25930,370.42857142857144,3300,663.9854104261624,58,5,1.7428571428571429,75.31428571428572,2.7142857142857144,0.0,290.0,1.206896551724138,14.0,0.0,0
PRV55072,48,0,48,9550,198.95833333333334,3000,481.7796776550651,41,3,0.5416666666666666,74.4375,1.9375,0.0,80.0,1.170731707317073,16.0,0.0,0
PRV55073,18,0,18,6570,365.0,1200,386.89183775009656,17,2,0.1111111111111111,71.33333333333333,3.1666666666666665,0.0,90.0,1.0588235294117647,9.0,0.0,0
PRV55074,1,0,1,10,10.0,10,0.0,1,1,0.0,86.0,1.0,0.0,0.0,1.0,1.0,0.0,0
PRV55076,5,0,5,770,154.0,400,152.9051993883792,5,3,0.0,64.4,2.8,0.0,0.0,1.0,1.6666666666666667,0.0,0
PRV55077,8,0,8,390,48.75,90,27.99872446074234,7,1,0.0,70.875,2.125,0.0,0.0,1.1428571428571428,8.0,0.0,0
PRV55078,1,0,1,0,0.0,0,0.0,1,1,0.0,67.0,1.0,0.0,0.0,1.0,1.0,0.0,0
PRV55079,47,0,47,10940,232.7659574468085,2800,455.4104795707578,46,1,1.446808510638298,74.34042553191489,2.617021276595745,0.0,100.0,1.0217391304347827,47.0,0.0,0
PRV55080,8,0,8,4820,602.5,1800,714.3578535000107,8,3,0.0,80.75,3.875,0.0,70.0,1.0,2.6666666666666665,0.0,0
PRV55081,30,0,30,6950,231.66666666666666,1700,338.47613203004875,28,1,0.6666666666666666,72.1,2.2666666666666666,0.0,60.0,1.0714285714285714,30.0,0.0,0
PRV55083,196,0,196,50470,257.5,3300,524.1328614104026,152,2,1.3775510204081634,74.71428571428571,2.6989795918367347,0.0,890.0,1.2894736842105263,98.0,0.0,0
PRV55085,24,0,24,9180,382.5,2500,590.2044597830705,22,5,0.7916666666666666,75.33333333333333,3.4583333333333335,0.0,200.0,1.0909090909090908,4.8,0.0,0
PRV55086,78,0,78,14690,188.33333333333334,3300,455.5328453143342,60,3,2.128205128205128,77.71794871794872,2.358974358974359,0.0,300.0,1.3,26.0,0.0,0
PRV55087,201,0,201,43770,217.76119402985074,3300,442.5657721588591,154,3,1.6169154228855722,73.64676616915423,2.54228855721393,0.0,520.0,1.3051948051948052,67.0,0.0,0
PRV55088,31,0,31,15250,491.93548387096774,3300,980.4163039404526,31,4,1.064516129032258,75.12903225806451,3.096774193548387,0.0,10.0,1.0,7.75,0.0,0
PRV55089,1,0,1,400,400.0,400,0.0,1,1,0.0,80.0,1.0,0.0,0.0,1.0,1.0,0.0,0
PRV55091,18,0,18,4750,263.8888888888889,2100,491.47005041763873,18,4,1.1111111111111112,67.77777777777777,2.8333333333333335,0.0,50.0,1.0,4.5,0.0,0
PRV55092,8,0,8,660,82.5,200,61.58617655657106,8,1,0.125,75.625,4.125,0.0,140.0,1.0,8.0,0.0,0
PRV55093,19,0,19,3380,177.89473684210526,1000,283.77571243987785,18,2,1.263157894736842,76.94736842105263,3.0526315789473686,0.0,160.0,1.0555555555555556,9.5,0.0,0
PRV55094,19,0,19,17100,900.0,3300,1009.8019607824102,18,3,3.0526315789473686,70.47368421052632,2.6315789473684212,0.0,0.0,1.0555555555555556,6.333333333333333,0.0,0
PRV55095,20,0,20,7520,376.0,2800,803.9795755457578,20,4,1.9,78.7,2.2,0.0,240.0,1.0,5.0,0.0,0
PRV55096,27,0,27,5350,198.14814814814815,1000,262.43002051883406,26,1,0.4444444444444444,73.88888888888889,2.037037037037037,0.0,70.0,1.0384615384615385,27.0,0.0,0
PRV55097,4,0,4,720,180.0,500,231.37271518771036,4,2,0.0,81.5,1.5,0.0,0.0,1.0,2.0,0.0,0
PRV55098,27,0,27,6970,258.14814814814815,1400,369.7092104409901,17,1,0.18518518518518517,74.22222222222223,2.4074074074074074,0.0,140.0,1.588235294117647,27.0,0.0,0
PRV55099,97,0,97,24200,249.48453608247422,3300,482.37988818897657,54,6,0.7525773195876289,75.57731958762886,2.88659793814433,0.0,640.0,1.7962962962962963,16.166666666666668,0.0,0
PRV55103,78,0,78,15100,193.5897435897436,3300,436.3067381597146,74,2,0.6282051282051282,74.96153846153847,2.782051282051282,0.0,190.0,1.054054054054054,39.0,0.0,0
PRV55104,52,0,52,14880,286.15384615384613,2000,437.0496173481138,46,2,1.3846153846153846,72.9423076923077,2.730769230769231,0.0,380.0,1.1304347826086956,26.0,0.0,0
PRV55106,5,0,5,3870,774.0,3300,1420.2394164365387,5,1,4.0,73.6,2.6,0.0,0.0,1.0,5.0,0.0,0
PRV55108,223,0,223,63340,284.0358744394619,3300,564.2357811458305,152,5,0.7488789237668162,73.84304932735427,2.2600896860986546,0.0,610.0,1.4671052631578947,44.6,0.0,0
PRV55110,40,0,40,9960,249.0,3300,615.6789039917746,23,2,1.8,75.525,2.575,0.0,130.0,1.7391304347826086,20.0,0.0,0
PRV55111,29,0,29,4070,140.3448275862069,1200,261.0347918603502,25,2,0.7586206896551724,73.48275862068965,3.2413793103448274,0.0,140.0,1.16,14.5,0.0,0
PRV55112,32,0,32,5750,179.6875,2600,462.2210361832557,31,2,0.96875,75.15625,2.6875,0.0,10.0,1.032258064516129,16.0,0.0,0
PRV55114,13,0,13,4480,344.61538461538464,2200,585.5569341036985,13,3,3.076923076923077,76.07692307692308,3.230769230769231,0.0,0.0,1.0,4.333333333333333,0.0,0
PRV55116,284,0,284,81920,288.4507042253521,3300,555.105179954415,143,2,1.6690140845070423,77.65492957746478,2.6267605633802815,0.0,330.0,1.986013986013986,142.0,0.0,0
PRV55117,4,0,4,800,200.0,400,178.1385228784985,4,3,5.0,66.75,2.25,0.0,0.0,1.0,1.3333333333333333,0.0,0
PRV55118,5,2,3,10600,2120.0,10000,4406.472512112155,5,4,1.6,65.4,5.2,0.2,2136.0,1.0,1.25,0.4,0
PRV55120,9,8,1,58200,6466.666666666667,19000,5450.688029964657,9,3,3.5555555555555554,78.66666666666667,7.555555555555555,0.5555555555555556,8544.0,1.0,3.0,0.8888888888888888,0
PRV55121,20,20,0,173070,8653.5,57000,12622.752337701446,20,3,6.1,69.65,7.8,0.5,21360.0,1.0,6.666666666666667,1.0,0
PRV55122,1,1,0,5000,5000.0,5000,0.0,1,1,3.0,82.0,6.0,0.0,1068.0,1.0,1.0,1.0,0
PRV55123,2,0,2,90,45.0,70,35.35533905932738,2,2,0.0,77.5,1.0,0.0,0.0,1.0,1.0,0.0,0
PRV55124,9,9,0,152000,16888.88888888889,46000,12936.812246883352,8,5,7.666666666666667,79.33333333333333,9.0,1.0,9612.0,1.125,1.8,1.0,0
PRV55126,2,2,0,13000,6500.0,7000,707.1067811865476,2,2,19.0,70.0,9.5,1.0,2136.0,1.0,1.0,1.0,0
PRV55128,8,8,0,111000,13875.0,35000,9977.653603356423,8,3,6.875,81.75,8.75,0.875,8544.0,1.0,2.6666666666666665,1.0,0
PRV55129,3,1,2,10600,3533.3333333333335,10000,5601.190349678658,3,2,1.0,75.33333333333333,4.0,0.3333333333333333,1068.0,1.0,1.5,0.3333333333333333,0
PRV55130,3,3,0,28000,9333.333333333334,17000,6658.328118479393,3,1,5.0,63.333333333333336,9.0,1.6666666666666667,3204.0,1.0,3.0,1.0,0
PRV55131,2,2,0,47000,23500.0,32000,12020.815280171308,2,1,5.0,82.0,5.5,1.0,2136.0,1.0,2.0,1.0,0
PRV55132,10,10,0,108000,10800.0,17000,3489.667287547307,10,2,2.9,71.2,8.3,0.7,9612.0,1.0,5.0,1.0,0
PRV55133,2,2,0,50000,25000.0,34000,12727.922061357855,2,2,10.5,78.0,8.0,1.0,2136.0,1.0,1.0,1.0,0
PRV55134,1,1,0,11000,11000.0,11000,0.0,1,1,4.0,85.0,9.0,1.0,1068.0,1.0,1.0,1.0,0
PRV55135,3,3,0,25000,8333.333333333334,19000,9291.57324317757,3,3,3.0,58.333333333333336,7.666666666666667,0.6666666666666666,3204.0,1.0,1.0,1.0,0
PRV55136,8,8,0,102000,12750.0,41000,11792.854979665804,8,6,6.5,73.875,8.875,0.75,8544.0,1.0,1.3333333333333333,1.0,0
PRV55137,2,2,0,38000,19000.0,27000,11313.70849898476,2,2,11.0,77.5,7.0,0.5,2136.0,1.0,1.0,1.0,0
PRV55138,3,3,0,25000,8333.333333333334,11000,3055.050463303893,3,1,13.333333333333334,84.0,9.0,0.6666666666666666,3204.0,1.0,3.0,1.0,0
PRV55140,9,9,0,85000,9444.444444444445,39000,11609.383178178665,9,1,3.3333333333333335,68.11111111111111,7.222222222222222,0.6666666666666666,9612.0,1.0,9.0,1.0,0
PRV55141,2,0,2,90,45.0,60,21.213203435596427,2,1,7.0,84.0,3.5,0.0,0.0,1.0,2.0,0.0,0
PRV55143,1,1,0,10000,10000.0,10000,0.0,1,1,2.0,79.0,10.0,0.0,1068.0,1.0,1.0,1.0,0
PRV55144,2,2,0,41000,20500.0,36000,21920.310216782975,2,1,12.0,61.0,9.0,0.5,2136.0,1.0,2.0,1.0,0
PRV55145,14,14,0,143000,10214.285714285714,57000,13956.958955900933,14,2,5.214285714285714,71.64285714285714,8.357142857142858,0.6428571428571429,14952.0,1.0,7.0,1.0,0
PRV55146,1,1,0,6000,6000.0,6000,0.0,1,1,2.0,72.0,9.0,1.0,1068.0,1.0,1.0,1.0,0
PRV55147,6,6,0,112200,18700.0,57000,20109.201873769132,6,3,7.333333333333333,75.33333333333333,8.0,0.6666666666666666,5340.0,1.0,2.0,1.0,1
PRV55148,1,1,0,7000,7000.0,7000,0.0,1,1,7.0,84.0,9.0,1.0,1068.0,1.0,1.0,1.0,0
PRV55149,16,16,0,145000,9062.5,32000,8660.013471890983,16,1,5.75,77.25,8.0625,0.5,17088.0,1.0,16.0,1.0,0
PRV55150,6,4,2,19100,3183.3333333333335,9000,3411.935911863918,6,3,2.0,75.16666666666667,6.5,0.16666666666666666,4272.0,1.0,2.0,0.6666666666666666,0
PRV55151,1,1,0,10000,10000.0,10000,0.0,1,1,1.0,63.0,4.0,0.0,1068.0,1.0,1.0,1.0,0
PRV55152,10,10,0,78300,7830.0,17000,5217.502595431394,10,3,4.3,74.4,8.1,0.2,10680.0,1.0,3.3333333333333335,1.0,0
PRV55154,1,0,1,900,900.0,900,0.0,1,1,0.0,80.0,2.0,0.0,0.0,1.0,1.0,0.0,0
PRV55155,9,9,0,68000,7555.555555555556,18000,4447.221354708778,9,2,6.444444444444445,69.22222222222223,7.333333333333333,0.4444444444444444,9612.0,1.0,4.5,1.0,0
PRV55156,1,1,0,6000,6000.0,6000,0.0,1,1,5.0,69.0,9.0,1.0,1068.0,1.0,1.0,1.0,0
PRV55157,3,3,0,16000,5333.333333333333,7000,2081.6659994661327,3,1,5.333333333333333,78.66666666666667,8.666666666666666,0.6666666666666666,3204.0,1.0,3.0,1.0,0
PRV55158,698,29,669,508210,728.0945558739255,57000,3240.7101896606855,534,11,1.4154727793696276,74.17478510028653,2.9355300859598854,0.02865329512893983,30954.0,1.307116104868914,63.45454545454545,0.04154727793696275,0
PRV55160,10,10,0,120000,12000.0,42000,12364.82466066094,10,3,8.5,68.0,7.7,1.2,9612.0,1.0,3.3333333333333335,1.0,0
PRV55161,2,2,0,28000,14000.0,24000,14142.13562373095,2,2,2.0,69.0,9.0,0.5,2136.0,1.0,1.0,1.0,0
PRV55163,587,1,586,168750,287.4787052810903,13000,767.377374539618,365,42,1.8568994889267463,73.46166950596252,2.557069846678024,0.0017035775127768314,2728.0,1.6082191780821917,13.976190476190476,0.0017035775127768314,1
PRV55164,154,17,137,239760,1556.8831168831168,36000,4960.043158082386,113,38,1.0194805194805194,72.06493506493507,2.935064935064935,0.09090909090909091,18456.0,1.3628318584070795,4.052631578947368,0.11038961038961038,0
PRV55165,241,30,211,329870,1368.7551867219918,33000,3941.0307590760317,228,129,2.2780082987551866,71.98755186721992,3.2448132780082988,0.0912863070539419,32730.0,1.0570175438596492,1.8682170542635659,0.12448132780082988,1
PRV55166,72,0,72,19740,274.1666666666667,3300,607.1214696197453,70,28,0.875,68.98611111111111,2.3194444444444446,0.0,210.0,1.0285714285714285,2.5714285714285716,0.0,0
PRV55167,94,0,94,33300,354.25531914893617,3300,664.7685171719668,80,29,1.8191489361702127,71.5,2.6382978723404253,0.0,240.0,1.175,3.2413793103448274,0.0,0
PRV55168,134,0,134,51960,387.76119402985074,3300,724.6815653197984,82,15,1.5820895522388059,74.01492537313433,2.8358208955223883,0.0,290.0,1.6341463414634145,8.933333333333334,0.0,0
PRV55169,721,83,638,1011760,1403.2732316227462,57000,4251.904748850372,585,233,1.884882108183079,72.00554785020805,3.2968099861303743,0.10402219140083217,89036.0,1.2324786324786325,3.0944206008583692,0.11511789181692095,0
PRV55171,247,41,206,407360,1649.2307692307693,23000,4043.3957765569585,110,28,2.0526315789473686,72.04858299595142,3.6842105263157894,0.15789473684210525,41384.0,2.2454545454545456,8.821428571428571,0.1659919028340081,1
PRV55172,114,55,59,727600,6382.456140350877,125000,16224.536949439362,98,40,3.5526315789473686,73.59649122807018,5.342105263157895,0.34210526315789475,58678.0,1.163265306122449,2.85,0.4824561403508772,1
PRV55173,25,0,25,8350,334.0,3300,729.8230379117027,24,14,1.72,74.4,2.24,0.0,70.0,1.0416666666666667,1.7857142857142858,0.0,0
PRV55175,304,23,281,254600,837.5,47000,3363.5087466972495,267,111,1.493421052631579,73.8157894736842,3.0789473684210527,0.06578947368421052,25444.0,1.1385767790262171,2.7387387387387387,0.0756578947368421,0
PRV55176,20,1,19,8650,432.5,6000,1319.8798789044563,20,11,1.15,74.6,2.5,0.0,1108.0,1.0,1.8181818181818181,0.05,0
PRV55177,327,0,327,104420,319.3272171253823,11300,825.5632990259884,286,131,1.003058103975535,73.79510703363914,2.507645259938838,0.0,940.0,1.1433566433566433,2.49618320610687,0.0,0
PRV55178,31,2,29,18510,597.0967741935484,6000,1305.4965684836482,29,13,1.8064516129032258,73.74193548387096,2.838709677419355,0.0,2136.0,1.0689655172413792,2.3846153846153846,0.06451612903225806,0
PRV55179,74,16,58,178930,2417.972972972973,25000,4880.163364582477,66,25,2.0135135135135136,71.51351351351352,3.824324324324324,0.22972972972972974,16280.0,1.121212121212121,2.96,0.21621621621621623,0
PRV55180,127,7,120,108440,853.8582677165355,22000,2848.2971931291604,112,55,1.921259842519685,72.22047244094489,2.7874015748031495,0.015748031496062992,6938.0,1.1339285714285714,2.309090909090909,0.05511811023622047,0
PRV55181,439,35,404,413360,941.5945330296128,31000,3433.365723511779,332,73,1.6195899772209568,72.42596810933941,3.0227790432801824,0.06378132118451026,38960.0,1.322289156626506,6.013698630136986,0.07972665148063782,0
PRV55182,102,0,102,25940,254.31372549019608,2800,490.8439081683538,78,37,0.22549019607843138,70.79411764705883,2.7745098039215685,0.0,0.0,1.3076923076923077,2.7567567567567566,0.0,0
PRV55183,117,21,96,257750,2202.991452991453,37000,6171.433531695309,90,36,2.8119658119658117,70.99145299145299,3.4786324786324787,0.13675213675213677,21610.0,1.3,3.25,0.1794871794871795,0
PRV55184,56,1,55,15760,281.42857142857144,3300,583.1557676561633,45,25,1.0178571428571428,71.17857142857143,2.482142857142857,0.017857142857142856,1168.0,1.2444444444444445,2.24,0.017857142857142856,0
PRV55185,206,5,201,112170,544.5145631067961,28000,2127.0768920433807,70,29,0.7912621359223301,69.36893203883496,2.9029126213592233,0.009708737864077669,5840.0,2.942857142857143,7.103448275862069,0.024271844660194174,0
PRV55187,125,0,125,29270,234.16,3300,507.7181463460137,101,40,1.568,73.248,2.752,0.0,680.0,1.2376237623762376,3.125,0.0,0
PRV55188,207,4,203,73470,354.92753623188406,17000,1447.870505113589,112,23,1.4830917874396135,73.20772946859903,2.657004830917874,0.028985507246376812,4592.0,1.8482142857142858,9.0,0.01932367149758454,0
PRV55189,133,36,97,339940,2555.93984962406,24000,4917.880800925544,115,68,1.6390977443609023,72.64661654135338,4.481203007518797,0.18045112781954886,38678.0,1.1565217391304348,1.9558823529411764,0.2706766917293233,0
PRV55191,90,0,90,17290,192.11111111111111,2500,401.26343848669705,87,62,0.9111111111111111,72.68888888888888,2.433333333333333,0.0,0.0,1.0344827586206897,1.4516129032258065,0.0,0
PRV55192,253,15,238,218640,864.1897233201581,24000,2902.98953659439,234,121,1.466403162055336,70.97233201581028,2.964426877470356,0.039525691699604744,16290.0,1.0811965811965811,2.090909090909091,0.05928853754940711,0
PRV55193,44,31,13,444380,10099.545454545454,102000,17792.701528873018,38,11,5.2272727272727275,72.43181818181819,6.863636363636363,0.5,33108.0,1.1578947368421053,4.0,0.7045454545454546,1
PRV55194,421,169,252,1700900,4040.142517814727,57000,7089.141594796151,368,120,3.294536817102138,72.36817102137768,4.7957244655581945,0.33016627078384797,180214.0,1.1440217391304348,3.5083333333333333,0.4014251781472684,1
PRV55195,77,16,61,246730,3204.285714285714,65000,9819.202511911282,69,20,1.9870129870129871,70.40259740259741,3.727272727272727,0.12987012987012986,15052.0,1.1159420289855073,3.85,0.2077922077922078,1
PRV55196,173,6,167,150790,871.6184971098265,83000,6387.237159212735,153,84,1.439306358381503,72.42774566473989,3.0173410404624277,0.04046242774566474,6748.0,1.130718954248366,2.0595238095238093,0.03468208092485549,0
PRV55197,73,0,73,24210,331.64383561643837,3300,708.3882600245711,50,17,2.3424657534246576,71.43835616438356,2.493150684931507,0.0,220.0,1.46,4.294117647058823,0.0,0
PRV55198,68,2,66,22280,327.6470588235294,8000,1022.6408856661247,60,32,2.764705882352941,71.23529411764706,2.9558823529411766,0.014705882352941176,2266.0,1.1333333333333333,2.125,0.029411764705882353,0
PRV55200,69,0,69,20250,293.4782608695652,3300,600.766241333801,55,1,0.9420289855072463,74.3623188405797,2.869565217391304,0.0,290.0,1.2545454545454546,69.0,0.0,0
PRV55202,30,0,30,11980,399.3333333333333,3300,738.6377644870568,27,12,1.4,67.73333333333333,2.566666666666667,0.0,60.0,1.1111111111111112,2.5,0.0,0
PRV55203,25,5,20,46470,1858.8,15000,4074.2354292963155,25,13,1.12,74.72,3.88,0.16,5450.0,1.0,1.9230769230769231,0.2,0
PRV55205,260,38,222,638060,2454.076923076923,102000,9554.755568348879,240,138,1.6576923076923078,73.82307692307693,3.326923076923077,0.11923076923076924,39076.0,1.0833333333333333,1.8840579710144927,0.14615384615384616,0
PRV55206,103,0,103,33090,321.2621359223301,4100,611.663882472133,92,71,0.5436893203883495,75.05825242718447,2.466019417475728,0.0,210.0,1.1195652173913044,1.4507042253521127,0.0,0
PRV55207,167,0,167,41510,248.562874251497,2800,404.831179226127,151,85,1.1017964071856288,72.81437125748504,2.4550898203592815,0.0,340.0,1.1059602649006623,1.964705882352941,0.0,0
PRV55208,53,7,46,76300,1439.622641509434,31000,4696.389760011305,50,36,2.169811320754717,73.62264150943396,3.0377358490566038,0.05660377358490566,7476.0,1.06,1.4722222222222223,0.1320754716981132,0
PRV55209,762,275,487,2914700,3825.0656167979005,57000,7845.644744334013,659,171,2.811023622047244,72.11942257217848,4.518372703412074,0.2388451443569554,290038.0,1.1562974203338392,4.456140350877193,0.36089238845144356,1
PRV55210,174,0,174,50480,290.11494252873564,3300,564.2386947302722,68,7,2.0172413793103448,72.61494252873563,2.735632183908046,0.0,470.0,2.5588235294117645,24.857142857142858,0.0,0
PRV55211,32,0,32,7030,219.6875,3300,575.6986463868167,32,21,0.6875,70.96875,1.9375,0.0,80.0,1.0,1.5238095238095237,0.0,0
PRV55213,81,3,78,80390,992.4691358024692,57000,6399.927837652585,66,25,1.8024691358024691,74.37037037037037,2.506172839506173,0.012345679012345678,3204.0,1.2272727272727273,3.24,0.037037037037037035,0
PRV55214,190,0,190,45880,241.47368421052633,3300,518.4091832851701,173,56,1.1105263157894736,73.37894736842105,2.5473684210526315,0.0,450.0,1.0982658959537572,3.392857142857143,0.0,0
PRV55215,3393,143,3250,2284560,673.315649867374,45000,2527.6105852986198,2638,544,1.6713822575891542,72.52254641909815,2.941939286766873,0.034482758620689655,159326.0,1.2862016679302501,6.237132352941177,0.0421455938697318,1
PRV55216,80,5,75,59370,742.125,18000,2353.281949436638,52,24,0.9375,73.9875,2.7375,0.05,5870.0,1.5384615384615385,3.3333333333333335,0.0625,0
PRV55218,94,0,94,20910,222.4468085106383,2500,416.45892327413407,82,34,1.8404255319148937,71.30851063829788,2.702127659574468,0.0,360.0,1.146341463414634,2.764705882352941,0.0,0
PRV55219,89,0,89,17530,196.96629213483146,1700,320.5974695583729,85,48,1.1235955056179776,71.08988764044943,2.5842696629213484,0.0,340.0,1.0470588235294118,1.8541666666666667,0.0,0
PRV55220,102,0,102,23280,228.23529411764707,3300,465.1804967790202,89,44,1.3235294117647058,71.73529411764706,2.843137254901961,0.0,220.0,1.146067415730337,2.3181818181818183,0.0,0
PRV55224,23,0,23,5800,252.17391304347825,3300,672.7822592633122,23,9,0.0,70.8695652173913,2.5652173913043477,0.0,0.0,1.0,2.5555555555555554,0.0,0
PRV55225,66,9,57,199390,3021.060606060606,57000,8831.931773842507,64,31,1.7424242424242424,75.15151515151516,3.257575757575758,0.12121212121212122,9752.0,1.03125,2.129032258064516,0.13636363636363635,1
PRV55226,242,0,242,80690,333.4297520661157,3300,667.1063832553408,219,115,1.2727272727272727,73.58264462809917,2.6198347107438016,0.0,460.0,1.1050228310502284,2.1043478260869564,0.0,0
PRV55227,46,0,46,12100,263.04347826086956,3300,545.7222311975098,42,20,1.2391304347826086,72.6304347826087,2.8043478260869565,0.0,0.0,1.0952380952380953,2.3,0.0,0
PRV55229,243,16,227,257520,1059.7530864197531,57000,4336.344666046358,218,107,1.617283950617284,73.5843621399177,2.9588477366255144,0.04938271604938271,16700.0,1.114678899082569,2.2710280373831777,0.06584362139917696,0
PRV55230,565,225,340,2612740,4624.3185840707965,57000,8921.43476902906,515,161,3.7150442477876107,72.56991150442478,4.854867256637168,0.2884955752212389,231368.0,1.0970873786407767,3.5093167701863353,0.39823008849557523,1
PRV55231,126,0,126,41470,329.12698412698415,3300,664.6045679545333,99,39,1.9841269841269842,72.26190476190476,2.484126984126984,0.0,130.0,1.2727272727272727,3.230769230769231,0.0,0
PRV55232,107,28,79,310420,2901.121495327103,58000,8336.90605104601,95,23,2.177570093457944,69.54205607476635,4.214953271028038,0.21495327102803738,29994.0,1.1263157894736842,4.6521739130434785,0.2616822429906542,0
PRV55233,187,1,186,54940,293.7967914438503,4000,590.185884140846,99,33,1.5828877005347595,74.1283422459893,2.518716577540107,0.0,1478.0,1.8888888888888888,5.666666666666667,0.0053475935828877,0
PRV55234,184,7,177,94600,514.1304347826087,10000,1298.9034064920038,172,57,1.815217391304348,71.30434782608695,2.842391304347826,0.03804347826086957,8216.0,1.069767441860465,3.2280701754385963,0.03804347826086957,0
PRV55235,160,0,160,60920,380.75,3300,773.249737945448,118,39,1.16875,73.2125,2.5,0.0,600.0,1.3559322033898304,4.102564102564102,0.0,0
PRV55236,54,20,34,237260,4393.7037037037035,57000,8791.092682486145,35,18,4.944444444444445,74.44444444444444,5.148148148148148,0.25925925925925924,21460.0,1.542857142857143,3.0,0.37037037037037035,0
PRV55237,117,15,102,131700,1125.6410256410256,21000,2996.3985234620964,108,39,1.7692307692307692,71.57264957264957,3.282051282051282,0.05982905982905983,16220.0,1.0833333333333333,3.0,0.1282051282051282,0
PRV55238,101,0,101,39250,388.61386138613864,6100,857.7645710834299,101,43,2.3366336633663365,72.04950495049505,2.792079207920792,0.0,480.0,1.0,2.3488372093023258,0.0,0
PRV55239,161,0,161,49540,307.70186335403724,3300,559.7602706150251,154,53,1.484472049689441,74.80745341614907,2.4906832298136647,0.0,690.0,1.0454545454545454,3.0377358490566038,0.0,0
PRV55240,163,11,152,119840,735.2147239263803,24000,2476.9448867763585,145,41,1.01840490797546,74.03067484662577,2.8895705521472395,0.049079754601226995,12218.0,1.1241379310344828,3.975609756097561,0.06748466257668712,0
PRV55242,34,10,24,65630,1930.2941176470588,15000,3747.597602419625,28,20,1.7352941176470589,74.26470588235294,3.9705882352941178,0.058823529411764705,10700.0,1.2142857142857142,1.7,0.29411764705882354,0
PRV55243,257,0,257,66230,257.70428015564204,3300,545.4783792307181,231,113,1.6186770428015564,73.1750972762646,2.8365758754863815,0.0038910505836575876,560.0,1.1125541125541125,2.274336283185841,0.0,0
PRV55244,25,0,25,7500,300.0,2100,554.5418529440917,25,6,1.72,69.24,3.32,0.0,100.0,1.0,4.166666666666667,0.0,0
PRV55246,227,0,227,57290,252.37885462555067,3300,547.9879343453309,213,88,1.669603524229075,72.97356828193833,2.607929515418502,0.0,620.0,1.0657276995305165,2.5795454545454546,0.0,0
PRV55247,355,3,352,128140,360.9577464788732,13000,984.2787866493993,175,14,1.332394366197183,73.0169014084507,2.526760563380282,0.011267605633802818,3594.0,2.0285714285714285,25.357142857142858,0.008450704225352112,0
PRV55248,133,0,133,46760,351.57894736842104,3300,671.0483003268921,103,26,1.4586466165413534,74.94736842105263,2.6390977443609023,0.0,510.0,1.2912621359223302,5.115384615384615,0.0,0
PRV55250,301,23,278,343940,1142.6578073089702,57000,4525.718533652658,116,21,1.9800664451827243,72.2358803986711,2.8870431893687707,0.07641196013289037,22768.0,2.5948275862068964,14.333333333333334,0.07641196013289037,1
PRV55252,45,0,45,14220,316.0,3100,663.3708684370374,39,3,1.0444444444444445,72.28888888888889,2.1333333333333333,0.0,100.0,1.1538461538461537,15.0,0.0,0
PRV55254,15,0,15,4960,330.6666666666667,3300,830.6148038537192,14,10,0.06666666666666667,70.66666666666667,2.7333333333333334,0.0,70.0,1.0714285714285714,1.5,0.0,0
PRV55255,12,0,12,2590,215.83333333333334,1200,323.37589535549756,12,8,0.08333333333333333,78.58333333333333,2.8333333333333335,0.0,100.0,1.0,1.5,0.0,0
PRV55256,28,4,24,34150,1219.642857142857,14000,2909.4806487589235,27,13,1.7142857142857142,74.17857142857143,3.5714285714285716,0.10714285714285714,4342.0,1.037037037037037,2.1538461538461537,0.14285714285714285,0
PRV55257,137,0,137,35840,261.6058394160584,3300,516.5513948244283,74,10,0.9416058394160584,73.24087591240875,2.6715328467153285,0.0,210.0,1.8513513513513513,13.7,0.0,0
PRV55258,42,1,41,25200,600.0,12000,1918.7076443247531,36,17,2.857142857142857,70.35714285714286,2.6666666666666665,0.0,10.0,1.1666666666666667,2.4705882352941178,0.023809523809523808,0
PRV55259,42,0,42,13890,330.7142857142857,3300,691.1404250280938,41,19,1.2142857142857142,74.0,2.4285714285714284,0.0,50.0,1.024390243902439,2.210526315789474,0.0,0
PRV55260,57,0,57,22310,391.4035087719298,3300,737.9349530869699,41,15,2.491228070175439,71.6140350877193,3.0,0.0,70.0,1.3902439024390243,3.8,0.0,0
PRV55261,30,0,30,4780,159.33333333333334,800,196.92346374851488,19,12,1.0,72.7,2.9,0.0,100.0,1.5789473684210527,2.5,0.0,0
PRV55262,397,16,381,235860,594.1057934508816,46000,2634.3880739429815,210,18,1.3375314861460956,71.40554156171285,2.748110831234257,0.020151133501259445,17110.0,1.8904761904761904,22.055555555555557,0.04030226700251889,0
PRV55263,319,0,319,103750,325.23510971786834,3300,650.5362020748514,247,32,1.6489028213166144,73.51724137931035,2.6614420062695925,0.0,1110.0,1.291497975708502,9.96875,0.0,0
PRV55264,528,0,528,147430,279.2234848484849,10080,688.4963976798958,305,33,1.4526515151515151,72.67424242424242,2.4261363636363638,0.0,1320.0,1.7311475409836066,16.0,0.0,0
PRV55265,201,0,201,43280,215.3233830845771,3300,415.2192431722035,71,10,1.064676616915423,68.13930348258707,2.5074626865671643,0.0,410.0,2.8309859154929575,20.1,0.0,0
PRV55266,25,9,16,45740,1829.6,7000,2322.8152459174767,22,9,1.44,76.48,4.24,0.04,9612.0,1.1363636363636365,2.7777777777777777,0.36,1
PRV55267,144,0,144,36020,250.13888888888889,3300,536.023935003521,78,12,1.4583333333333333,72.61111111111111,2.7152777777777777,0.0,410.0,1.8461538461538463,12.0,0.0,0
PRV55268,48,0,48,13310,277.2916666666667,3300,618.3256030753051,20,4,1.5,77.54166666666667,2.25,0.0,0.0,2.4,12.0,0.0,0
PRV55269,172,3,169,53490,310.98837209302326,6000,737.9485234457842,124,21,1.0872093023255813,69.55232558139535,2.813953488372093,0.011627906976744186,3964.0,1.3870967741935485,8.19047619047619,0.01744186046511628,0
PRV55270,204,1,203,63190,309.7549019607843,5000,656.7117959811432,108,8,1.7401960784313726,68.88725490196079,2.700980392156863,0.0,1738.0,1.8888888888888888,25.5,0.004901960784313725,0
PRV55271,15,0,15,6020,401.3333333333333,1500,519.4071712287091,12,4,0.4,68.86666666666666,2.066666666666667,0.0,100.0,1.25,3.75,0.0,0
PRV55272,211,0,211,53340,252.7962085308057,3300,544.4064056031549,185,11,1.2748815165876777,72.21800947867298,2.800947867298578,0.0,530.0,1.1405405405405404,19.181818181818183,0.0,0
PRV55273,18,0,18,4240,235.55555555555554,1700,413.7805929293535,12,10,1.2222222222222223,74.88888888888889,2.111111111111111,0.0,180.0,1.5,1.8,0.0,0
PRV55274,70,0,70,20800,297.14285714285717,3300,581.0264352217556,45,1,1.8142857142857143,74.62857142857143,2.4571428571428573,0.0,100.0,1.5555555555555556,70.0,0.0,0
PRV55275,54,0,54,12370,229.07407407407408,1700,389.7907930339455,39,2,1.1296296296296295,76.48148148148148,3.037037037037037,0.0,190.0,1.3846153846153846,27.0,0.0,0
PRV55276,58,0,58,10830,186.72413793103448,2900,419.86793216411525,38,1,2.103448275862069,76.06896551724138,2.586206896551724,0.0,120.0,1.5263157894736843,58.0,0.0,0
PRV55277,17,0,17,4200,247.05882352941177,1800,477.2547106352428,16,2,1.1764705882352942,71.11764705882354,1.6470588235294117,0.0,0.0,1.0625,8.5,0.0,0
PRV55278,45,0,45,7200,160.0,700,178.44021153010632,33,2,1.3555555555555556,72.02222222222223,2.488888888888889,0.0,0.0,1.3636363636363635,22.5,0.0,0
PRV55279,81,0,81,28610,353.2098765432099,3300,705.4392730074181,49,1,0.9012345679012346,70.77777777777777,2.4814814814814814,0.0,30.0,1.653061224489796,81.0,0.0,0
PRV55281,190,0,190,54330,285.94736842105266,3300,552.5179471033905,95,1,0.9631578947368421,74.97894736842105,2.5210526315789474,0.0,470.0,2.0,190.0,0.0,0
PRV55283,36,0,36,12390,344.1666666666667,2400,557.1630948705363,31,2,2.6944444444444446,68.94444444444444,3.0833333333333335,0.0,10.0,1.1612903225806452,18.0,0.0,0
PRV55285,7,0,7,530,75.71428571428571,400,143.62649974350634,7,2,0.0,65.42857142857143,1.4285714285714286,0.0,0.0,1.0,3.5,0.0,0
PRV55286,4,0,4,570,142.5,400,172.50603854165027,3,2,0.0,84.5,1.25,0.0,0.0,1.3333333333333333,2.0,0.0,0
PRV55289,14,0,14,3710,265.0,1200,383.9421030071311,12,3,5.0,75.35714285714286,2.4285714285714284,0.0,0.0,1.1666666666666667,4.666666666666667,0.0,0
PRV55291,6,0,6,2190,365.0,1700,661.8685670131193,4,1,0.0,79.33333333333333,2.1666666666666665,0.0,0.0,1.5,6.0,0.0,0
PRV55292,6,0,6,610,101.66666666666667,300,121.22980931547598,6,2,0.0,73.5,2.6666666666666665,0.0,0.0,1.0,3.0,0.0,0
PRV55293,33,0,33,5530,167.57575757575756,3300,569.6052926316077,25,2,1.7272727272727273,70.3030303030303,2.6666666666666665,0.0,0.0,1.32,16.5,0.0,0
PRV55295,88,0,88,20380,231.5909090909091,3300,472.6493837046711,71,3,1.7159090909090908,70.94318181818181,2.4204545454545454,0.0,580.0,1.2394366197183098,29.333333333333332,0.0,0
PRV55296,57,0,57,12750,223.68421052631578,2500,394.20186805995087,50,1,2.1052631578947367,74.35087719298245,2.3684210526315788,0.0,0.0,1.14,57.0,0.0,0
PRV55297,98,0,98,21280,217.14285714285714,2400,417.5752293478966,44,3,1.0918367346938775,65.13265306122449,2.6530612244897958,0.0,540.0,2.227272727272727,32.666666666666664,0.0,0
PRV55298,57,0,57,15740,276.140350877193,2400,431.71069341286596,32,2,1.5263157894736843,75.75438596491227,2.719298245614035,0.0,40.0,1.78125,28.5,0.0,0
PRV55299,18,0,18,5930,329.44444444444446,2400,559.6266846244832,17,2,1.0,71.38888888888889,3.0,0.0,0.0,1.0588235294117647,9.0,0.0,0
PRV55300,32,0,32,8320,260.0,1600,366.1658358651701,23,1,1.125,76.53125,2.375,0.0,70.0,1.391304347826087,32.0,0.0,0
PRV55302,1,0,1,400,400.0,400,0.0,1,1,0.0,69.0,3.0,0.0,0.0,1.0,1.0,0.0,0
PRV55304,204,0,204,76330,374.1666666666667,14400,1145.9836877021742,122,2,1.4509803921568627,73.00490196078431,2.357843137254902,0.0,350.0,1.6721311475409837,102.0,0.0,0
PRV55305,3,0,3,4210,1403.3333333333333,4060,2300.876644527762,3,3,0.0,60.0,3.3333333333333335,0.0,10.0,1.0,1.0,0.0,0
PRV55306,59,0,59,16500,279.66101694915255,2700,581.0631341497354,34,2,1.0,73.28813559322033,2.76271186440678,0.0,10.0,1.7352941176470589,29.5,0.0,0
PRV55307,110,0,110,24250,220.45454545454547,2300,384.27194681317775,84,4,1.9181818181818182,72.78181818181818,2.790909090909091,0.0,250.0,1.3095238095238095,27.5,0.0,0
PRV55309,35,0,35,11800,337.14285714285717,3060,677.9014826418859,24,1,0.9714285714285714,73.17142857142858,2.2285714285714286,0.0,60.0,1.4583333333333333,35.0,0.0,0
PRV55312,91,0,91,17280,189.8901098901099,3300,413.93905752603655,77,3,1.6263736263736264,73.27472527472527,2.8461538461538463,0.0,210.0,1.1818181818181819,30.333333333333332,0.0,0
PRV55313,192,0,192,57410,299.0104166666667,3300,668.1877968266838,129,1,1.0,70.875,2.6822916666666665,0.0,100.0,1.4883720930232558,192.0,0.0,0
PRV55314,89,0,89,25040,281.34831460674155,2800,531.5867991452913,53,4,1.3370786516853932,71.80898876404494,2.6292134831460676,0.0,190.0,1.679245283018868,22.25,0.0,0
PRV55316,65,0,65,15490,238.30769230769232,3300,572.7525895586627,45,3,1.2615384615384615,75.46153846153847,2.8153846153846156,0.0,190.0,1.4444444444444444,21.666666666666668,0.0,0
PRV55318,63,0,63,26300,417.46031746031747,12100,1576.879286657739,45,2,1.1428571428571428,72.85714285714286,2.1904761904761907,0.0,130.0,1.4,31.5,0.0,0
PRV55319,17,0,17,4570,268.8235294117647,3300,783.0220491223505,11,1,0.17647058823529413,74.82352941176471,3.0,0.0,0.0,1.5454545454545454,17.0,0.0,0
PRV55320,34,0,34,6400,188.23529411764707,900,203.59601395507653,27,2,1.4411764705882353,74.23529411764706,2.5294117647058822,0.0,0.0,1.2592592592592593,17.0,0.0,0
PRV55322,28,0,28,7270,259.64285714285717,3200,608.340073891771,24,3,1.0714285714285714,74.78571428571429,2.4642857142857144,0.0,130.0,1.1666666666666667,9.333333333333334,0.0,0
PRV55323,144,0,144,36470,253.26388888888889,3300,511.52976365647487,108,5,0.8472222222222222,73.14583333333333,2.7708333333333335,0.0,120.0,1.3333333333333333,28.8,0.0,0
PRV55324,25,0,25,7530,301.2,3300,655.8983661106854,24,3,1.76,75.48,2.56,0.0,50.0,1.0416666666666667,8.333333333333334,0.0,0
PRV55325,41,0,41,14980,365.3658536585366,3300,783.6073556347452,20,3,1.8048780487804879,73.92682926829268,2.317073170731707,0.0,400.0,2.05,13.666666666666666,0.0,0
PRV55326,58,0,58,11700,201.72413793103448,3300,478.34193866347476,30,2,0.6896551724137931,73.60344827586206,2.3275862068965516,0.0,390.0,1.9333333333333333,29.0,0.0,0
PRV55329,2,0,2,360,180.0,300,169.7056274847714,2,2,0.0,73.5,5.0,0.0,0.0,1.0,1.0,0.0,0
PRV55330,4,0,4,1170,292.5,900,412.583324917525,4,2,0.0,75.5,2.75,0.0,0.0,1.0,2.0,0.0,0
PRV55331,23,0,23,4700,204.34782608695653,1400,312.028933491701,19,2,1.2173913043478262,75.47826086956522,2.5217391304347827,0.0,0.0,1.2105263157894737,11.5,0.0,0
PRV55333,51,0,51,9500,186.27450980392157,1700,339.0985743662968,31,1,0.5882352941176471,72.76470588235294,2.607843137254902,0.0,200.0,1.6451612903225807,51.0,0.0,0
PRV55335,24,0,24,1760,73.33333333333333,300,62.18252702059209,16,1,1.1666666666666667,72.125,2.4583333333333335,0.0,160.0,1.5,24.0,0.0,0
PRV55337,13,0,13,1890,145.3846153846154,500,147.230849610138,13,2,1.7692307692307692,71.3076923076923,3.076923076923077,0.0,0.0,1.0,6.5,0.0,0
PRV55338,46,0,46,8790,191.08695652173913,1900,320.2376080410681,44,1,1.326086956521739,70.0,3.239130434782609,0.0,0.0,1.0454545454545454,46.0,0.0,0
PRV55339,30,0,30,7880,262.6666666666667,2100,457.64715615879214,28,1,0.0,69.83333333333333,2.8666666666666667,0.0,0.0,1.0714285714285714,30.0,0.0,0
PRV55340,108,0,108,32730,303.05555555555554,3300,603.2830093812522,83,1,2.0925925925925926,72.9074074074074,2.8981481481481484,0.0,240.0,1.3012048192771084,108.0,0.0,0
PRV55341,14,0,14,1240,88.57142857142857,600,150.06958093124376,14,1,0.07142857142857142,73.07142857142857,3.0714285714285716,0.0,0.0,1.0,14.0,0.0,0
PRV55342,9,0,9,2440,271.1111111111111,1300,481.6753171080195,8,1,0.2222222222222222,67.55555555555556,2.5555555555555554,0.0,0.0,1.125,9.0,0.0,0
PRV55343,90,0,90,23940,266.0,3300,556.4813210469489,74,6,1.4111111111111112,73.92222222222222,2.5555555555555554,0.0,300.0,1.2162162162162162,15.0,0.0,0
PRV55344,14,0,14,8320,594.2857142857143,2300,756.537805102594,8,1,0.5714285714285714,73.64285714285714,3.642857142857143,0.0,0.0,1.75,14.0,0.0,0
PRV55345,15,0,15,7310,487.3333333333333,3000,891.110596524413,14,2,1.4666666666666666,75.86666666666666,2.8666666666666667,0.0,90.0,1.0714285714285714,7.5,0.0,0
PRV55348,7,0,7,610,87.14285714285714,200,81.38678961483566,5,2,0.0,73.42857142857143,2.4285714285714284,0.0,0.0,1.4,3.5,0.0,0
PRV55350,31,0,31,4210,135.80645161290323,700,158.1302035991941,23,2,0.5806451612903226,71.51612903225806,2.4838709677419355,0.0,0.0,1.3478260869565217,15.5,0.0,0
PRV55351,10,0,10,1650,165.0,800,240.28917763579966,8,1,0.2,80.0,4.3,0.0,0.0,1.25,10.0,0.0,0
PRV55352,39,0,39,12850,329.4871794871795,3200,654.0680341159945,27,1,1.1025641025641026,65.76923076923077,2.717948717948718,0.0,190.0,1.4444444444444444,39.0,0.0,0
PRV55353,12,0,12,2970,247.5,1700,476.08488547927897,12,3,0.08333333333333333,79.16666666666667,2.4166666666666665,0.0,40.0,1.0,4.0,0.0,0
PRV55354,178,0,178,43990,247.13483146067415,2300,420.2557653042255,105,4,1.4382022471910112,74.66292134831461,2.4719101123595504,0.0,440.0,1.6952380952380952,44.5,0.0,0
PRV55355,1,0,1,90,90.0,90,0.0,1,1,0.0,99.0,3.0,0.0,0.0,1.0,1.0,0.0,0
PRV55356,27,0,27,5030,186.2962962962963,1000,259.8838223891613,27,2,1.2222222222222223,68.4074074074074,2.5925925925925926,0.0,170.0,1.0,13.5,0.0,0
PRV55357,161,0,161,37270,231.49068322981367,3300,497.7778259175023,106,1,1.0683229813664596,70.27329192546584,2.409937888198758,0.0,600.0,1.5188679245283019,161.0,0.0,0
PRV55358,37,0,37,14710,397.56756756756755,3200,690.9510571403472,34,1,2.1621621621621623,69.56756756756756,3.027027027027027,0.0,0.0,1.088235294117647,37.0,0.0,0
PRV55359,113,0,113,47940,424.24778761061947,3300,756.0539064654511,52,3,1.5309734513274336,71.24778761061947,2.575221238938053,0.0,610.0,2.173076923076923,37.666666666666664,0.0,0
PRV55360,17,0,17,4880,287.05882352941177,2600,620.0379495027134,17,1,2.4705882352941178,72.23529411764706,1.9411764705882353,0.0,0.0,1.0,17.0,0.0,0
PRV55361,85,0,85,23420,275.52941176470586,3200,490.4723328014512,59,5,1.776470588235294,72.55294117647058,2.5764705882352943,0.0,100.0,1.4406779661016949,17.0,0.0,0
PRV55362,148,0,148,36170,244.3918918918919,3300,498.0386378904458,101,4,1.087837837837838,73.38513513513513,2.675675675675676,0.0,410.0,1.4653465346534653,37.0,0.0,0
PRV55363,62,0,62,24070,388.2258064516129,3300,705.9223107618188,32,1,3.1129032258064515,72.0,2.5161290322580645,0.0,190.0,1.9375,62.0,0.0,0
PRV55364,1,0,1,80,80.0,80,0.0,1,1,0.0,79.0,1.0,0.0,0.0,1.0,1.0,0.0,0
PRV55365,7,0,7,370,52.857142857142854,90,36.38419332360584,5,1,0.0,68.42857142857143,1.8571428571428572,0.0,0.0,1.4,7.0,0.0,0
PRV55366,107,0,107,20310,189.81308411214954,2400,332.2904540683148,53,1,0.7476635514018691,68.92523364485982,2.392523364485981,0.0,530.0,2.018867924528302,107.0,0.0,0
PRV55368,115,0,115,24770,215.3913043478261,3300,459.9490569741846,101,56,0.6173913043478261,72.11304347826086,2.4434782608695653,0.0,310.0,1.1386138613861385,2.0535714285714284,0.0,0
PRV55371,3,0,3,330,110.0,200,81.8535277187245,3,1,6.666666666666667,76.66666666666667,1.3333333333333333,0.0,0.0,1.0,3.0,0.0,0
PRV55372,12,0,12,2620,218.33333333333334,500,198.80704822576695,7,1,0.0,69.66666666666667,2.75,0.0,70.0,1.7142857142857142,12.0,0.0,0
PRV55374,33,33,0,335000,10151.515151515152,43000,8620.909218729526,31,6,5.212121212121212,74.21212121212122,8.424242424242424,0.6666666666666666,35244.0,1.064516129032258,5.5,1.0,1
PRV55375,14,14,0,147900,10564.285714285714,57000,14003.714185494182,14,2,5.928571428571429,71.92857142857143,8.714285714285714,0.7857142857142857,13884.0,1.0,7.0,1.0,1
PRV55376,88,0,88,21470,243.97727272727272,3300,493.8647489770167,79,13,1.0454545454545454,72.61363636363636,2.5795454545454546,0.0,220.0,1.1139240506329113,6.769230769230769,0.0,0
PRV55377,4,0,4,3410,852.5,3300,1631.6939051182364,4,2,0.0,68.75,4.25,0.0,0.0,1.0,2.0,0.0,0
PRV55378,14,14,0,132000,9428.57142857143,35000,8644.378215075663,13,4,5.428571428571429,68.35714285714286,8.071428571428571,0.5,14952.0,1.0769230769230769,3.5,1.0,0
PRV55379,4,4,0,36000,9000.0,19000,6879.922480183432,4,1,5.0,68.75,8.75,1.0,4272.0,1.0,4.0,1.0,0
PRV55381,45,20,25,173700,3860.0,32000,5955.794352026972,40,4,2.6,72.57777777777778,4.888888888888889,0.28888888888888886,21460.0,1.125,11.25,0.4444444444444444,0
PRV55382,8,8,0,129000,16125.0,57000,17049.82195131165,8,5,7.625,65.625,7.75,0.625,8544.0,1.0,1.6,1.0,0
PRV55383,8,8,0,70000,8750.0,14000,3327.3756282434615,8,2,4.125,74.5,8.375,0.75,8544.0,1.0,4.0,1.0,0
PRV55384,1,0,1,30,30.0,30,0.0,1,1,0.0,71.0,2.0,0.0,0.0,1.0,1.0,0.0,0
PRV55385,8,8,0,70000,8750.0,29000,9300.537618869137,7,3,2.875,73.125,8.625,0.25,8544.0,1.1428571428571428,2.6666666666666665,1.0,0
PRV55386,82,0,82,21010,256.219512195122,3300,458.8246935024969,62,2,1.1341463414634145,73.98780487804878,2.6341463414634148,0.0,130.0,1.3225806451612903,41.0,0.0,0
PRV55387,6,6,0,90000,15000.0,57000,20765.355763867858,6,1,5.0,81.83333333333333,9.0,1.0,5340.0,1.0,6.0,1.0,0
PRV55388,515,0,515,134180,260.54368932038835,3300,528.0848736594517,307,15,1.5456310679611651,72.11650485436893,2.5825242718446604,0.0,1420.0,1.6775244299674268,34.333333333333336,0.0,0
PRV55390,26,0,26,23150,890.3846153846154,3300,1249.98713839537,16,5,3.3076923076923075,78.5,2.423076923076923,0.0,70.0,1.625,5.2,0.0,0
PRV55392,192,23,169,302110,1573.4895833333333,36000,4384.159349759014,115,27,2.5104166666666665,76.125,3.5572916666666665,0.08333333333333333,23806.0,1.6695652173913043,7.111111111111111,0.11979166666666667,0
PRV55395,12,0,12,2970,247.5,1300,368.3408747342603,10,2,0.0,68.66666666666667,1.9166666666666667,0.0,10.0,1.2,6.0,0.0,0
PRV55396,75,15,60,153830,2051.0666666666666,17000,4213.388112598622,63,47,1.8666666666666667,73.42666666666666,3.96,0.13333333333333333,16130.0,1.1904761904761905,1.5957446808510638,0.2,0
PRV55397,6,0,6,630,105.0,400,145.01724035437994,5,5,0.0,80.33333333333333,1.8333333333333333,0.0,0.0,1.2,1.2,0.0,0
PRV55398,13,0,13,1430,110.0,500,132.664991614216,8,2,0.15384615384615385,77.46153846153847,1.7692307692307692,0.0,0.0,1.625,6.5,0.0,0
PRV55399,27,3,24,35790,1325.5555555555557,15000,3625.9729021573626,14,10,1.2592592592592593,80.14814814814815,3.4444444444444446,0.07407407407407407,3204.0,1.9285714285714286,2.7,0.1111111111111111,0
PRV55400,1,0,1,200,200.0,200,0.0,1,1,1.0,82.0,9.0,0.0,0.0,1.0,1.0,0.0,0
PRV55401,49,0,49,11560,235.91836734693877,2400,401.4967744128782,23,11,1.0816326530612246,78.20408163265306,2.4285714285714284,0.0,100.0,2.130434782608696,4.454545454545454,0.0,0
PRV55402,44,0,44,17720,402.72727272727275,3300,749.7855930317482,21,8,2.7045454545454546,75.56818181818181,3.0681818181818183,0.0,0.0,2.0952380952380953,5.5,0.0,0
PRV55404,25,0,25,2420,96.8,500,121.64566028702656,9,1,0.0,75.96,2.96,0.0,0.0,2.7777777777777777,25.0,0.0,0
PRV55405,10,0,10,2730,273.0,1100,358.6099707357718,1,1,0.4,85.0,2.0,0.0,200.0,10.0,10.0,0.0,0
PRV55408,16,0,16,5160,322.5,2500,626.9343399963561,11,2,1.4375,86.375,2.6875,0.0,100.0,1.4545454545454546,8.0,0.0,0
PRV55409,5,0,5,280,56.0,200,81.11719916269298,4,2,0.4,81.4,1.8,0.0,10.0,1.25,2.5,0.0,0
PRV55410,56,0,56,15380,274.64285714285717,3300,554.2397390224635,33,8,2.625,76.48214285714286,2.3214285714285716,0.0,100.0,1.696969696969697,7.0,0.0,0
PRV55411,39,0,39,11990,307.43589743589746,1700,422.63408304483335,23,2,1.6666666666666667,78.84615384615384,2.5641025641025643,0.0,110.0,1.6956521739130435,19.5,0.0,0
PRV55412,11,0,11,1940,176.36363636363637,500,178.6769558321793,4,3,2.3636363636363638,72.27272727272727,3.909090909090909,0.0,0.0,2.75,3.6666666666666665,0.0,0
PRV55413,4,0,4,2200,550.0,2100,1033.634364753804,4,3,5.0,83.25,2.0,0.0,0.0,1.0,1.3333333333333333,0.0,0
PRV55414,12,2,10,13670,1139.1666666666667,5000,1895.134719765486,12,4,2.0,73.83333333333333,3.3333333333333335,0.16666666666666666,2136.0,1.0,3.0,0.16666666666666666,0
PRV55416,73,2,71,20330,278.4931506849315,5000,749.8623415017156,40,21,1.4931506849315068,73.73972602739725,2.5616438356164384,0.0136986301369863,2236.0,1.825,3.4761904761904763,0.0273972602739726,0
PRV55417,30,0,30,3710,123.66666666666667,500,119.4955873758477,12,1,2.8666666666666667,77.06666666666666,2.466666666666667,0.0,30.0,2.5,30.0,0.0,0
PRV55418,9,3,6,20190,2243.3333333333335,8000,3011.6772735470845,6,2,2.5555555555555554,75.55555555555556,4.666666666666667,0.1111111111111111,3304.0,1.5,4.5,0.3333333333333333,0
PRV55419,8,0,8,4430,553.75,2200,740.9441370884274,6,1,2.5,72.875,2.125,0.0,0.0,1.3333333333333333,8.0,0.0,0
PRV55423,25,0,25,4710,188.4,1200,327.2190907226125,11,5,1.6,73.4,2.36,0.0,0.0,2.272727272727273,5.0,0.0,0
PRV55424,10,0,10,830,83.0,400,115.2822622956368,6,1,0.0,73.1,2.5,0.0,120.0,1.6666666666666667,10.0,0.0,0
PRV55425,26,0,26,3880,149.23076923076923,1200,251.14016925889143,6,3,0.2692307692307692,85.57692307692308,2.3461538461538463,0.0,0.0,4.333333333333333,8.666666666666666,0.0,0
PRV55426,77,0,77,22110,287.14285714285717,3300,617.3902142824497,38,2,1.0649350649350648,76.41558441558442,2.831168831168831,0.0,330.0,2.026315789473684,38.5,0.0,0
PRV55427,1,0,1,50,50.0,50,0.0,1,1,0.0,92.0,1.0,0.0,0.0,1.0,1.0,0.0,0
PRV55428,1,1,0,7000,7000.0,7000,0.0,1,1,8.0,67.0,9.0,0.0,1068.0,1.0,1.0,1.0,0
PRV55430,7,7,0,79000,11285.714285714286,31000,9961.831921795068,6,2,6.857142857142857,81.42857142857143,8.714285714285714,0.7142857142857143,7476.0,1.1666666666666667,3.5,1.0,1
PRV55431,2,2,0,58000,29000.0,55000,36769.55262170047,2,1,1.5,87.5,8.5,1.0,2136.0,1.0,2.0,1.0,0
PRV55432,29,0,29,7430,256.2068965517241,1700,404.74342660420115,22,21,0.8275862068965517,76.72413793103448,2.1724137931034484,0.0,180.0,1.3181818181818181,1.380952380952381,0.0,0
PRV55433,87,32,55,342020,3931.264367816092,57000,8206.788427257163,77,48,2.6091954022988504,71.82758620689656,4.390804597701149,0.25287356321839083,34226.0,1.12987012987013,1.8125,0.367816091954023,1
PRV55434,40,8,32,69800,1745.0,15000,4002.3057456985066,39,28,1.75,77.425,3.825,0.025,8664.0,1.0256410256410255,1.4285714285714286,0.2,0
PRV55435,151,128,23,1250050,8278.476821192053,77000,9749.397229117594,133,16,5.344370860927152,74.21854304635761,7.298013245033113,0.6887417218543046,129278.0,1.1353383458646618,9.4375,0.847682119205298,1
PRV55436,11,0,11,2430,220.9090909090909,1300,368.0884281108154,11,10,2.6363636363636362,74.81818181818181,3.0,0.0,0.0,1.0,1.1,0.0,0
PRV55437,106,28,78,400250,3775.943396226415,57000,9843.684925425601,102,69,2.7264150943396226,74.71698113207547,4.009433962264151,0.22641509433962265,30044.0,1.0392156862745099,1.536231884057971,0.2641509433962264,1
PRV55438,219,0,219,70190,320.50228310502285,9050,829.2879800731749,73,4,1.3424657534246576,71.77168949771689,2.5616438356164384,0.0,450.0,3.0,54.75,0.0,0
PRV55439,224,0,224,96290,429.86607142857144,3300,794.2192939707764,188,5,1.4508928571428572,73.08928571428571,2.482142857142857,0.0,480.0,1.1914893617021276,44.8,0.0,0
PRV55441,32,7,25,67910,2122.1875,12000,3544.6922923690627,30,16,3.59375,71.09375,4.25,0.125,7476.0,1.0666666666666667,2.0,0.21875,0
PRV55442,61,15,46,119850,1964.7540983606557,13000,3180.5238596586455,55,24,2.8688524590163933,75.81967213114754,3.918032786885246,0.18032786885245902,16140.0,1.1090909090909091,2.5416666666666665,0.2459016393442623,0
PRV55443,38,30,8,341390,8983.947368421053,39000,9237.706963478595,34,7,5.842105263157895,72.55263157894737,7.368421052631579,0.7894736842105263,30972.0,1.1176470588235294,5.428571428571429,0.7894736842105263,0
PRV55444,128,114,14,1313260,10259.84375,57000,10621.643998705486,109,15,5.234375,72.125,7.6484375,0.8046875,117480.0,1.1743119266055047,8.533333333333333,0.890625,1
PRV55445,133,0,133,56500,424.812030075188,10400,1101.7435228569357,39,20,1.263157894736842,72.33834586466165,2.473684210526316,0.0,340.0,3.41025641025641,6.65,0.0,0
PRV55446,98,0,98,23140,236.12244897959184,2800,458.6187974195105,87,73,1.1326530612244898,73.81632653061224,2.622448979591837,0.0,30.0,1.1264367816091954,1.3424657534246576,0.0,0
PRV55447,66,0,66,22990,348.3333333333333,3300,719.0133909811809,60,39,2.0606060606060606,74.22727272727273,2.6666666666666665,0.0,370.0,1.1,1.6923076923076923,0.0,0
PRV55448,40,0,40,9000,225.0,1400,282.18924364824613,39,32,0.65,75.25,2.475,0.0,160.0,1.0256410256410255,1.25,0.0,0
PRV55449,21,0,21,6480,308.57142857142856,2200,510.5123476889243,20,20,0.0,78.0,2.8095238095238093,0.0,110.0,1.05,1.05,0.0,0
PRV55450,201,1,200,57610,286.6169154228856,5100,681.708513598325,123,13,1.572139303482587,71.42786069651741,3.0398009950248754,0.004975124378109453,1878.0,1.6341463414634145,15.461538461538462,0.004975124378109453,0
PRV55451,11,0,11,860,78.18181818181819,200,68.67578639057317,11,10,1.8181818181818181,77.63636363636364,2.6363636363636362,0.0,0.0,1.0,1.1,0.0,0
PRV55452,60,31,29,372430,6207.166666666667,57000,10807.054835108385,49,15,3.7666666666666666,72.23333333333333,5.366666666666666,0.35,33368.0,1.2244897959183674,4.0,0.5166666666666667,0
PRV55453,795,13,782,294610,370.57861635220127,18000,1243.9106762846397,333,16,1.2628930817610062,71.97735849056603,2.7572327044025156,0.01509433962264151,15326.0,2.3873873873873874,49.6875,0.016352201257861635,1
PRV55454,368,5,363,134960,366.7391304347826,12000,1009.832973693627,156,6,2.0625,72.54347826086956,2.6059782608695654,0.010869565217391304,7230.0,2.358974358974359,61.333333333333336,0.01358695652173913,0
PRV55455,373,0,373,95350,255.63002680965147,3300,485.21909734603446,145,3,1.3324396782841823,72.15013404825737,2.506702412868633,0.0,890.0,2.5724137931034483,124.33333333333333,0.0,0
PRV55456,6,5,1,71300,11883.333333333334,39000,13853.57956149481,6,6,4.0,72.66666666666667,7.5,0.5,5340.0,1.0,1.0,0.8333333333333334,0
PRV55458,35,0,35,11830,338.0,2000,522.9542776099918,34,29,0.8571428571428571,76.88571428571429,3.4,0.0,300.0,1.0294117647058822,1.206896551724138,0.0,0
PRV55459,344,0,344,114890,333.9825581395349,3300,658.8138557194267,270,19,1.755813953488372,72.70348837209302,2.61046511627907,0.0029069767441860465,930.0,1.2740740740740741,18.105263157894736,0.0,0
PRV55460,18,0,18,3430,190.55555555555554,1200,322.899952129088,16,14,3.111111111111111,77.77777777777777,2.7222222222222223,0.0,0.0,1.125,1.2857142857142858,0.0,0
PRV55462,1907,386,1521,4713830,2471.85631882538,57000,6537.292641700192,969,46,2.467750393287887,73.16622968012585,3.75511274252753,0.14892501310959622,410290.0,1.9680082559339525,41.45652173913044,0.20241216570529627,1
PRV55463,257,0,257,73500,285.9922178988327,3500,601.9427271877303,220,138,1.7431906614785992,71.96887159533074,2.8638132295719845,0.0,770.0,1.1681818181818182,1.8623188405797102,0.0,0
PRV55464,29,0,29,6540,225.51724137931035,1800,368.4871213769752,28,15,1.5862068965517242,74.86206896551724,2.8620689655172415,0.0,20.0,1.0357142857142858,1.9333333333333333,0.0,0
PRV55465,339,9,330,205830,607.1681415929204,34000,2277.8009491508365,121,36,2.15929203539823,72.02654867256638,2.9882005899705013,0.011799410029498525,10542.0,2.8016528925619837,9.416666666666666,0.02654867256637168,0
PRV55467,1896,6,1890,569280,300.253164556962,16000,773.5864727751461,703,14,1.3333333333333333,72.29430379746836,2.680379746835443,0.0026371308016877636,11230.0,2.6970128022759603,135.42857142857142,0.0031645569620253164,1
PRV55468,27,0,27,10030,371.48148148148147,2500,606.1524541901961,25,12,2.740740740740741,73.81481481481481,3.0,0.0,50.0,1.08,2.25,0.0,0
PRV55469,10,0,10,2110,211.0,950,312.78142883205555,10,10,0.0,77.4,2.1,0.0,0.0,1.0,1.0,0.0,0
PRV55470,470,0,470,135060,287.36170212765956,3300,596.8465970111868,204,6,1.5702127659574467,72.1404255319149,2.6361702127659576,0.0,870.0,2.303921568627451,78.33333333333333,0.0,0
PRV55471,13,0,13,1670,128.46153846153845,400,124.35474483952176,13,9,1.4615384615384615,71.84615384615384,2.0,0.0,0.0,1.0,1.4444444444444444,0.0,0
PRV55472,23,21,2,255090,11090.869565217392,59000,14234.781638662229,19,3,7.6521739130434785,70.52173913043478,8.347826086956522,0.8695652173913043,21360.0,1.2105263157894737,7.666666666666667,0.9130434782608695,1
PRV55473,6,0,6,1350,225.0,1000,396.77449514806267,5,5,0.0,88.16666666666667,2.5,0.0,0.0,1.2,1.2,0.0,0
PRV55474,80,0,80,17430,217.875,2200,349.7691598610052,74,53,1.4125,71.975,2.3,0.0,290.0,1.0810810810810811,1.509433962264151,0.0,0
PRV55475,17,0,17,3700,217.64705882352942,2700,642.5002861065968,17,16,0.5882352941176471,73.58823529411765,2.9411764705882355,0.0,70.0,1.0,1.0625,0.0,0
PRV55477,46,0,46,17290,375.8695652173913,2400,610.4773217626298,43,26,1.5217391304347827,73.78260869565217,3.391304347826087,0.0,280.0,1.069767441860465,1.7692307692307692,0.0,0
PRV55479,672,0,672,162410,241.68154761904762,3300,482.49630293046323,317,2,1.2083333333333333,73.45386904761905,2.6800595238095237,0.0,2220.0,2.1198738170347005,336.0,0.0,0
PRV55480,42,0,42,14640,348.57142857142856,3300,757.0822406870757,42,32,1.880952380952381,70.16666666666667,2.857142857142857,0.0,140.0,1.0,1.3125,0.0,0
PRV55481,52,1,51,20310,390.5769230769231,5000,902.5398007877731,27,11,1.6346153846153846,75.26923076923077,2.6346153846153846,0.0,1388.0,1.9259259259259258,4.7272727272727275,0.019230769230769232,0
PRV55482,83,41,42,509250,6135.542168674699,57000,10900.833963734492,72,40,4.530120481927711,74.36144578313252,5.108433734939759,0.43373493975903615,41772.0,1.1527777777777777,2.075,0.4939759036144578,1
PRV55483,76,65,11,778040,10237.368421052632,57000,12124.80139971192,60,13,5.0,74.97368421052632,7.105263157894737,0.618421052631579,66346.0,1.2666666666666666,5.846153846153846,0.8552631578947368,1
PRV55486,15,0,15,5170,344.6666666666667,1900,498.538817326146,15,12,0.0,72.53333333333333,2.7333333333333334,0.0,0.0,1.0,1.25,0.0,0
PRV55487,78,0,78,27000,346.15384615384613,3600,733.646347388824,42,5,2.1538461538461537,71.44871794871794,2.8333333333333335,0.0,450.0,1.8571428571428572,15.6,0.0,0
PRV55489,361,0,361,111740,309.52908587257616,5020,623.4670532696763,217,3,1.4764542936288088,72.76177285318559,2.5457063711911356,0.0,1090.0,1.663594470046083,120.33333333333333,0.0,0
PRV55490,50,19,31,160900,3218.0,17000,4675.195947001273,46,40,3.06,70.48,4.6,0.22,19304.0,1.0869565217391304,1.25,0.38,0
PRV55491,355,0,355,115770,326.11267605633805,3300,618.4965265625482,180,8,1.7211267605633802,72.81971830985916,2.7380281690140844,0.0028169014084507044,1050.0,1.9722222222222223,44.375,0.0,0
PRV55492,42,25,17,281980,6713.809523809524,32000,7988.682223630565,40,31,4.595238095238095,71.61904761904762,5.976190476190476,0.40476190476190477,26700.0,1.05,1.3548387096774193,0.5952380952380952,1
PRV55493,39,0,39,6270,160.76923076923077,1100,234.86148902776733,39,18,1.2564102564102564,77.15384615384616,2.717948717948718,0.0,200.0,1.0,2.1666666666666665,0.0,0
PRV55494,6,1,5,4470,745.0,4000,1598.2834542095466,6,6,0.3333333333333333,73.33333333333333,2.6666666666666665,0.0,1068.0,1.0,1.0,0.16666666666666666,0
PRV55495,51,24,27,282660,5542.35294117647,46000,9079.507384926848,51,36,2.450980392156863,73.98039215686275,5.0588235294117645,0.35294117647058826,25632.0,1.0,1.4166666666666667,0.47058823529411764,1
PRV55496,86,41,45,277440,3226.046511627907,33000,4919.623677398808,78,27,3.0232558139534884,71.4186046511628,5.244186046511628,0.2441860465116279,41802.0,1.1025641025641026,3.185185185185185,0.47674418604651164,1
PRV55497,7,0,7,980,140.0,300,128.58201014657274,7,7,2.857142857142857,81.85714285714286,2.857142857142857,0.0,0.0,1.0,1.0,0.0,0
PRV55498,27,0,27,2830,104.81481481481481,500,113.48908352688413,26,20,1.8518518518518519,74.07407407407408,3.259259259259259,0.0,150.0,1.0384615384615385,1.35,0.0,0
PRV55499,33,0,33,7900,239.3939393939394,3300,643.719365261075,29,17,1.9090909090909092,69.45454545454545,2.8484848484848486,0.0,0.0,1.1379310344827587,1.9411764705882353,0.0,0
PRV55500,38,0,38,15060,396.3157894736842,3300,769.6451307658108,37,23,1.236842105263158,72.42105263157895,2.5789473684210527,0.0,30.0,1.027027027027027,1.6521739130434783,0.0,0
PRV55501,13,1,12,12940,995.3846153846154,10000,2735.036914390174,13,6,0.3076923076923077,69.92307692307692,3.923076923076923,0.0,1148.0,1.0,2.1666666666666665,0.07692307692307693,0
PRV55503,604,1,603,188780,312.5496688741722,9000,687.241310908664,299,20,1.8559602649006623,73.05132450331126,2.705298013245033,0.0033112582781456954,2338.0,2.020066889632107,30.2,0.0016556291390728477,0
PRV55505,480,0,480,128250,267.1875,3300,510.8936521936581,276,6,1.1458333333333333,74.2,2.691666666666667,0.0,1230.0,1.7391304347826086,80.0,0.0,0
PRV55506,14,12,2,124940,8924.285714285714,26000,7852.737606216569,11,5,6.357142857142857,72.35714285714286,6.5,1.0714285714285714,12816.0,1.2727272727272727,2.8,0.8571428571428571,1
PRV55507,87,3,84,44350,509.7701149425287,14000,1865.529401145519,32,13,1.735632183908046,71.75862068965517,2.4942528735632186,0.011494252873563218,3414.0,2.71875,6.6923076923076925,0.034482758620689655,0
PRV55508,16,0,16,9310,581.875,2400,720.2704931713733,14,10,2.1875,71.6875,2.5625,0.0,0.0,1.1428571428571428,1.6,0.0,0
PRV55509,39,28,11,362510,9295.128205128205,57000,14274.842403369139,38,28,4.897435897435898,76.97435897435898,6.487179487179487,0.5128205128205128,29904.0,1.0263157894736843,1.3928571428571428,0.717948717948718,1
PRV55510,861,0,861,255210,296.411149825784,3300,623.2154154183547,791,418,1.4819976771196284,73.37746806039489,2.5632984901277585,0.0,2490.0,1.0884955752212389,2.0598086124401913,0.0,0
PRV55511,5,0,5,3520,704.0,2100,893.1573209687082,5,5,4.0,54.4,4.2,0.0,0.0,1.0,1.0,0.0,0
PRV55512,128,0,128,32330,252.578125,3500,493.08325484712,55,2,0.9140625,69.7421875,2.53125,0.0,180.0,2.327272727272727,64.0,0.0,0
PRV55513,38,0,38,12550,330.2631578947368,3300,626.4938335457415,36,29,0.10526315789473684,73.3157894736842,2.289473684210526,0.0,290.0,1.0555555555555556,1.3103448275862069,0.0,0
PRV55514,295,7,288,158330,536.7118644067797,18000,1536.044605127205,153,13,1.8610169491525423,75.72881355932203,3.047457627118644,0.01694915254237288,8116.0,1.9281045751633987,22.692307692307693,0.023728813559322035,1
PRV55515,459,0,459,130860,285.0980392156863,3300,534.7596092753307,181,13,1.6427015250544663,71.69716775599129,2.5729847494553377,0.0,1680.0,2.5359116022099446,35.30769230769231,0.0,0
PRV55516,158,22,136,254930,1613.4810126582279,26000,4065.476355416727,108,45,1.8417721518987342,73.74050632911393,3.0949367088607596,0.08227848101265822,24006.0,1.462962962962963,3.511111111111111,0.13924050632911392,0
PRV55518,235,11,224,205770,875.6170212765958,36000,3379.5447940652684,199,57,1.9319148936170212,74.7531914893617,3.0,0.04680851063829787,12438.0,1.1809045226130652,4.12280701754386,0.04680851063829787,0
PRV55519,23,7,16,94710,4117.826086956522,34000,8971.318924277897,20,16,3.869565217391304,67.8695652173913,4.0,0.391304347826087,7586.0,1.15,1.4375,0.30434782608695654,1
PRV55520,287,0,287,95890,334.11149825783974,3300,645.4286493260306,118,14,1.5261324041811846,70.84668989547038,2.912891986062718,0.0,860.0,2.4322033898305087,20.5,0.0,0
PRV55521,615,0,615,157650,256.3414634146341,3300,512.725470054693,258,5,1.3121951219512196,72.49430894308944,2.627642276422764,0.0,1870.0,2.383720930232558,123.0,0.0,0
PRV55522,248,0,248,69570,280.5241935483871,3300,560.3246306561892,192,10,1.4516129032258065,72.25,2.3911290322580645,0.0,740.0,1.2916666666666667,24.8,0.0,0
PRV55523,303,0,303,83320,274.983498349835,3300,555.3984755238451,158,16,1.2805280528052805,74.36963696369637,2.5544554455445545,0.0,910.0,1.9177215189873418,18.9375,0.0,0
PRV55525,933,0,933,294250,315.3804930332262,4900,584.7452674596817,280,3,1.894962486602358,71.83708467309754,2.64951768488746,0.0,2920.0,3.3321428571428573,311.0,0.0,0
PRV55527,2,0,2,170,85.0,100,21.213203435596427,2,2,0.0,75.0,2.5,0.0,0.0,1.0,1.0,0.0,0
PRV55528,4,0,4,880,220.0,600,264.44911293731604,4,4,1.5,90.75,3.25,0.0,0.0,1.0,1.0,0.0,0
PRV55530,71,0,71,17730,249.71830985915494,2300,468.24283025854345,67,35,1.8169014084507042,72.94366197183099,2.464788732394366,0.0,110.0,1.0597014925373134,2.0285714285714285,0.0,0
PRV55531,122,108,14,886130,7263.360655737705,40000,6413.089482599449,111,11,5.032786885245901,73.59836065573771,7.475409836065574,0.6475409836065574,112240.0,1.0990990990990992,11.090909090909092,0.8852459016393442,1
PRV55534,146,0,146,35080,240.27397260273972,3360,515.5699159323151,72,9,1.047945205479452,73.95890410958904,2.636986301369863,0.0,430.0,2.0277777777777777,16.22222222222222,0.0,0
PRV55535,42,0,42,9690,230.71428571428572,1200,332.6639911539164,35,25,1.4047619047619047,75.0,2.5952380952380953,0.0,70.0,1.2,1.68,0.0,0
PRV55536,222,11,211,148350,668.2432432432432,33000,2853.775156953916,106,11,1.2252252252252251,74.84684684684684,3.009009009009009,0.02702702702702703,12428.0,2.0943396226415096,20.181818181818183,0.04954954954954955,0
PRV55537,15,0,15,4810,320.6666666666667,2000,609.6189285900152,13,12,2.466666666666667,66.2,2.466666666666667,0.0,90.0,1.1538461538461537,1.25,0.0,0
PRV55538,2,0,2,80,40.0,60,28.284271247461902,2,1,0.0,72.0,1.0,0.0,0.0,1.0,2.0,0.0,0
PRV55539,3,0,3,2620,873.3333333333334,2000,1017.9063480170134,3,3,2.3333333333333335,63.333333333333336,2.0,0.0,0.0,1.0,1.0,0.0,0
PRV55540,31,23,8,221040,7130.322580645161,36000,7045.455501655407,27,7,5.161290322580645,70.0,6.67741935483871,0.41935483870967744,23496.0,1.1481481481481481,4.428571428571429,0.7419354838709677,0
PRV55541,134,0,134,30380,226.71641791044777,3300,453.6630794468926,65,2,0.7985074626865671,71.38059701492537,2.5223880597014925,0.0,110.0,2.0615384615384613,67.0,0.0,0
PRV55543,141,4,137,92600,656.7375886524823,44000,3746.716561862419,95,6,0.7163120567375887,70.46099290780141,2.8297872340425534,0.0070921985815602835,4332.0,1.4842105263157894,23.5,0.028368794326241134,0
PRV55547,27,9,18,139420,5163.7037037037035,57000,11682.661099696865,26,20,2.925925925925926,73.88888888888889,4.851851851851852,0.18518518518518517,9812.0,1.0384615384615385,1.35,0.3333333333333333,0
PRV55548,562,0,562,159660,284.0925266903915,3300,572.2572922522266,289,7,1.0355871886120998,74.12989323843416,2.608540925266904,0.0,1550.0,1.944636678200692,80.28571428571429,0.0,0
PRV55549,28,0,28,7300,260.7142857142857,2000,425.17036734683353,11,5,0.0,74.07142857142857,2.5357142857142856,0.0,60.0,2.5454545454545454,5.6,0.0,0
PRV55550,58,37,21,453200,7813.793103448276,57000,11928.32451398053,54,13,4.551724137931035,75.36206896551724,6.293103448275862,0.5862068965517241,39516.0,1.0740740740740742,4.461538461538462,0.6379310344827587,1
PRV55551,91,0,91,29760,327.032967032967,3300,650.1273285638307,74,40,1.5384615384615385,72.10989010989012,2.7142857142857144,0.0,290.0,1.2297297297297298,2.275,0.0,0
PRV55552,1206,4,1202,436740,362.1393034825871,57000,1996.5942954387149,547,20,1.7412935323383085,72.73300165837479,2.6393034825870645,0.003316749585406302,7782.0,2.2047531992687386,60.3,0.003316749585406302,0
PRV55554,78,0,78,16180,207.43589743589743,3300,446.39518889506945,66,3,1.1025641025641026,73.48717948717949,2.08974358974359,0.0,0.0,1.1818181818181819,26.0,0.0,0
PRV55555,50,7,43,55450,1109.0,9000,1974.1712288492924,45,25,3.6,72.82,3.38,0.06,7476.0,1.1111111111111112,2.0,0.14,0
PRV55556,206,0,206,54080,262.5242718446602,2600,449.861156784639,181,59,0.8786407766990292,73.36893203883496,2.5533980582524274,0.0,800.0,1.138121546961326,3.4915254237288136,0.0,0
PRV55557,68,4,64,60450,888.9705882352941,22000,2957.538377241008,63,23,1.5441176470588236,73.86764705882354,2.8823529411764706,0.014705882352941176,4422.0,1.0793650793650793,2.9565217391304346,0.058823529411764705,0
PRV55558,36,0,36,11330,314.72222222222223,3300,580.681796861542,33,2,2.361111111111111,69.13888888888889,2.3333333333333335,0.0,0.0,1.0909090909090908,18.0,0.0,0
PRV55560,21,0,21,5170,246.1904761904762,1700,392.6764086429968,19,14,1.0,71.0952380952381,2.6666666666666665,0.0,0.0,1.105263157894737,1.5,0.0,0
PRV55561,24,0,24,8360,348.3333333333333,5100,1027.8118025442573,23,14,1.0,76.875,2.875,0.0,60.0,1.0434782608695652,1.7142857142857142,0.0,0
PRV55562,17,0,17,2950,173.52941176470588,800,235.8744681093788,14,13,3.0588235294117645,74.05882352941177,1.8235294117647058,0.0,0.0,1.2142857142857142,1.3076923076923077,0.0,0
PRV55563,18,0,18,4690,260.55555555555554,2800,649.1938188084395,17,8,1.2222222222222223,75.55555555555556,2.0,0.0,50.0,1.0588235294117647,2.25,0.0,0
PRV55564,3,0,3,150,50.0,90,36.05551275463989,3,3,0.0,76.0,1.3333333333333333,0.0,0.0,1.0,1.0,0.0,0
PRV55565,23,0,23,6440,280.0,2600,586.8405389727418,22,18,2.652173913043478,62.47826086956522,2.8260869565217392,0.0,0.0,1.0454545454545454,1.2777777777777777,0.0,0
PRV55566,53,0,53,17310,326.60377358490564,3300,788.7671573075445,47,4,0.5471698113207547,70.90566037735849,3.0754716981132075,0.0,150.0,1.127659574468085,13.25,0.0,0
PRV55567,70,21,49,213870,3055.285714285714,46000,7253.765383304374,66,26,2.0714285714285716,72.21428571428571,4.057142857142857,0.21428571428571427,22638.0,1.0606060606060606,2.6923076923076925,0.3,0
PRV55569,9,0,9,1480,164.44444444444446,500,185.81651642891646,7,5,0.2222222222222222,79.33333333333333,3.5555555555555554,0.0,40.0,1.2857142857142858,1.8,0.0,0
PRV55570,10,0,10,4900,490.0,3300,1002.2862753613748,9,8,3.6,75.2,2.6,0.0,0.0,1.1111111111111112,1.25,0.0,0
PRV55571,61,0,61,13560,222.29508196721312,3300,538.0625534967193,51,13,0.9672131147540983,72.91803278688525,2.262295081967213,0.0,0.0,1.196078431372549,4.6923076923076925,0.0,0
PRV55572,1,0,1,10,10.0,10,0.0,1,1,0.0,52.0,1.0,0.0,0.0,1.0,1.0,0.0,0
PRV55573,11,4,7,29630,2693.6363636363635,11000,3890.02897862541,11,7,2.5454545454545454,70.36363636363636,3.909090909090909,0.18181818181818182,4322.0,1.0,1.5714285714285714,0.36363636363636365,0
PRV55574,15,0,15,2340,156.0,1000,247.2650399874596,12,1,2.933333333333333,76.86666666666666,3.1333333333333333,0.0,70.0,1.25,15.0,0.0,0
PRV55575,6,0,6,470,78.33333333333333,200,67.94605703546502,4,5,0.8333333333333334,68.16666666666667,3.5,0.0,0.0,1.5,1.2,0.0,0
PRV55576,60,3,57,26830,447.1666666666667,8000,1181.6464980389374,49,10,0.95,70.95,2.9,0.05,3264.0,1.2244897959183674,6.0,0.05,0
PRV55577,2,0,2,20,10.0,20,14.142135623730951,2,1,0.0,53.5,4.5,0.0,0.0,1.0,2.0,0.0,0
PRV55578,1,0,1,200,200.0,200,0.0,1,1,0.0,80.0,1.0,0.0,0.0,1.0,1.0,0.0,0
PRV55579,174,0,174,37570,215.91954022988506,2600,377.36692615677487,82,2,2.0,69.50574712643679,2.4885057471264367,0.0,360.0,2.1219512195121952,87.0,0.0,0
PRV55580,66,0,66,19380,293.6363636363636,3300,608.8239264570452,26,21,1.121212121212121,74.18181818181819,2.4696969696969697,0.0,310.0,2.5384615384615383,3.142857142857143,0.0,0
PRV55581,2,0,2,70,35.0,50,21.213203435596427,2,2,0.0,71.0,4.0,0.0,0.0,1.0,1.0,0.0,0
PRV55582,24,0,24,7870,327.9166666666667,1700,387.4888965216116,22,12,2.625,75.125,3.0416666666666665,0.0,40.0,1.0909090909090908,2.0,0.0,0
PRV55583,12,3,9,18820,1568.3333333333333,9000,2964.569057547774,11,10,0.6666666666666666,73.91666666666667,3.0833333333333335,0.3333333333333333,3244.0,1.0909090909090908,1.2,0.25,0
PRV55584,2,0,2,600,300.0,400,141.4213562373095,2,2,0.0,80.0,5.0,0.0,100.0,1.0,1.0,0.0,0
PRV55585,114,0,114,32500,285.0877192982456,3200,572.5092194860465,85,16,1.368421052631579,72.80701754385964,2.3947368421052633,0.0,520.0,1.3411764705882352,7.125,0.0,0
PRV55586,2,2,0,42000,21000.0,35000,19798.98987322333,2,2,18.5,88.5,9.5,0.5,2136.0,1.0,1.0,1.0,0
PRV55587,7,0,7,1730,247.14285714285714,1400,509.7618491581563,7,7,1.5714285714285714,79.14285714285714,4.142857142857143,0.0,0.0,1.0,1.0,0.0,0
PRV55588,3,0,3,3800,1266.6666666666667,3300,1778.5762095938799,3,3,0.6666666666666666,58.666666666666664,4.666666666666667,0.0,0.0,1.0,1.0,0.0,0
PRV55589,20,0,20,2240,112.0,500,127.55184704350826,18,15,2.4,74.1,2.2,0.0,40.0,1.1111111111111112,1.3333333333333333,0.0,0
PRV55590,5,0,5,2500,500.0,2300,1006.9508428915484,5,4,0.0,74.2,2.4,0.0,0.0,1.0,1.25,0.0,0
PRV55591,1,0,1,0,0.0,0,0.0,1,1,0.0,100.0,2.0,0.0,0.0,1.0,1.0,0.0,0
PRV55592,117,0,117,22140,189.23076923076923,3300,404.8843041348331,52,8,0.9401709401709402,73.52136752136752,2.3162393162393164,0.0,290.0,2.25,14.625,0.0,0
PRV55593,147,0,147,39820,270.8843537414966,3300,501.3282701778799,53,12,1.4081632653061225,73.48299319727892,2.5918367346938775,0.0,350.0,2.7735849056603774,12.25,0.0,0
PRV55595,17,0,17,2610,153.52941176470588,1000,259.39692501238784,16,8,1.8823529411764706,71.29411764705883,2.411764705882353,0.0,0.0,1.0625,2.125,0.0,0
PRV55596,32,0,32,12720,397.5,2900,768.8827252327172,24,7,2.0,67.0625,3.28125,0.0,50.0,1.3333333333333333,4.571428571428571,0.0,0
PRV55598,167,0,167,46190,276.58682634730536,3300,533.6561462927339,84,1,1.1676646706586826,69.16766467065868,2.4011976047904193,0.0,560.0,1.9880952380952381,167.0,0.0,0
PRV55599,1,0,1,100,100.0,100,0.0,1,1,0.0,71.0,6.0,0.0,0.0,1.0,1.0,0.0,0
PRV55600,4,4,0,25000,6250.0,12000,4031.128874149275,4,4,4.75,77.25,7.25,0.5,4272.0,1.0,1.0,1.0,0
PRV55601,8,0,8,1540,192.5,500,196.0138479073062,8,6,3.625,71.0,2.0,0.0,50.0,1.0,1.3333333333333333,0.0,0
PRV55602,5,0,5,780,156.0,400,152.74161188098023,4,4,0.4,69.2,2.0,0.0,0.0,1.25,1.25,0.0,0
PRV55603,2,2,0,15000,7500.0,9000,2121.3203435596424,2,2,2.0,68.0,8.5,0.5,2136.0,1.0,1.0,1.0,0
PRV55604,17,17,0,130000,7647.058823529412,18000,4846.921400107859,17,1,6.352941176470588,70.41176470588235,7.588235294117647,0.6470588235294118,18156.0,1.0,17.0,1.0,0
PRV55606,4,4,0,40000,10000.0,24000,9345.230512584123,3,3,2.5,74.0,8.75,0.25,4272.0,1.3333333333333333,1.3333333333333333,1.0,0
PRV55607,1,0,1,40,40.0,40,0.0,1,1,0.0,89.0,1.0,0.0,0.0,1.0,1.0,0.0,0
PRV55608,18,0,18,7400,411.1111111111111,3300,816.5774260965444,18,1,1.8333333333333333,72.72222222222223,2.9444444444444446,0.0,0.0,1.0,18.0,0.0,0
PRV55609,10,0,10,6850,685.0,4200,1279.785138216568,10,1,0.0,72.3,2.7,0.0,100.0,1.0,10.0,0.0,0
PRV55610,1,0,1,1700,1700.0,1700,0.0,1,1,0.0,89.0,1.0,0.0,0.0,1.0,1.0,0.0,0
PRV55612,1,0,1,800,800.0,800,0.0,1,1,0.0,81.0,3.0,0.0,0.0,1.0,1.0,0.0,0
PRV55613,7,0,7,740,105.71428571428571,500,176.1492873348383,7,1,3.0,69.28571428571429,2.5714285714285716,0.0,0.0,1.0,7.0,0.0,0
PRV55614,73,0,73,29530,404.52054794520546,14600,1725.322869217278,68,2,0.5753424657534246,73.13698630136986,2.4383561643835616,0.0,550.0,1.0735294117647058,36.5,0.0,0
PRV55615,1,0,1,50,50.0,50,0.0,1,1,0.0,34.0,3.0,0.0,0.0,1.0,1.0,0.0,0
PRV55617,2,0,2,260,130.0,200,98.99494936611666,2,1,10.0,72.5,1.0,0.0,0.0,1.0,2.0,0.0,0
PRV55618,13,0,13,1410,108.46153846153847,300,88.86751879869212,11,1,0.0,73.6923076923077,3.0,0.0,0.0,1.1818181818181819,13.0,0.0,0
PRV55619,2,0,2,60,30.0,50,28.284271247461902,2,1,0.0,80.0,4.0,0.0,0.0,1.0,2.0,0.0,0
PRV55620,15,0,15,1840,122.66666666666667,500,145.42875853669318,14,1,0.0,78.2,2.6666666666666665,0.0,200.0,1.0714285714285714,15.0,0.0,0
PRV55621,62,0,62,13030,210.16129032258064,2100,373.6812525094032,59,2,0.5967741935483871,73.33870967741936,2.6129032258064515,0.0,360.0,1.0508474576271187,31.0,0.0,0
PRV55622,1,0,1,1500,1500.0,1500,0.0,1,1,0.0,71.0,1.0,0.0,0.0,1.0,1.0,0.0,0
PRV55623,9,0,9,2950,327.77777777777777,1400,489.91779355769927,8,2,2.2222222222222223,78.0,1.7777777777777777,0.0,0.0,1.125,4.5,0.0,0
PRV55624,2,0,2,100,50.0,70,28.284271247461902,2,1,0.0,67.5,1.0,0.0,0.0,1.0,2.0,0.0,0
PRV55625,21,0,21,5910,281.42857142857144,1200,349.7754381640557,16,3,0.047619047619047616,78.38095238095238,2.9047619047619047,0.0,0.0,1.3125,7.0,0.0,0
PRV55626,9,0,9,810,90.0,300,82.15838362577492,9,4,0.0,78.88888888888889,2.2222222222222223,0.0,0.0,1.0,2.25,0.0,0
PRV55627,38,0,38,5980,157.3684210526316,1900,327.7992481442354,32,4,0.7105263157894737,69.47368421052632,2.973684210526316,0.0,70.0,1.1875,9.5,0.0,0
PRV55631,2,0,2,400,200.0,400,282.842712474619,2,2,0.0,88.0,3.0,0.0,0.0,1.0,1.0,0.0,0
PRV55632,1,0,1,60,60.0,60,0.0,1,1,0.0,72.0,1.0,0.0,100.0,1.0,1.0,0.0,0
PRV55633,358,0,358,91690,256.1173184357542,4060,546.8527295044418,209,4,1.1396648044692737,73.27374301675978,2.611731843575419,0.0,1150.0,1.7129186602870814,89.5,0.0,0
PRV55634,2,0,2,3500,1750.0,3300,2192.0310216782973,2,2,0.0,59.5,5.0,0.0,0.0,1.0,1.0,0.0,0
PRV55635,59,0,59,13490,228.64406779661016,3300,501.6574515685002,58,3,1.9661016949152543,72.52542372881356,2.7288135593220337,0.0,100.0,1.0172413793103448,19.666666666666668,0.0,0
PRV55637,1,0,1,300,300.0,300,0.0,1,1,20.0,71.0,5.0,0.0,0.0,1.0,1.0,0.0,0
PRV55638,5,0,5,360,72.0,200,75.63068160475615,4,2,2.4,80.0,1.8,0.0,0.0,1.25,2.5,0.0,0
PRV55639,4,0,4,440,110.0,200,63.770421565696644,4,1,0.0,68.5,3.0,0.0,0.0,1.0,4.0,0.0,0
PRV55640,64,0,64,11900,185.9375,1900,303.8311913828843,49,3,0.390625,72.578125,2.5,0.0,380.0,1.3061224489795917,21.333333333333332,0.0,0
PRV55641,2,0,2,840,420.0,800,537.4011537017761,2,1,0.0,72.0,4.5,0.0,0.0,1.0,2.0,0.0,0
PRV55642,2,0,2,2900,1450.0,2500,1484.9242404917497,2,1,3.5,83.0,2.0,0.0,0.0,1.0,2.0,0.0,0
PRV55644,29,0,29,5060,174.48275862068965,2200,430.19585412507627,26,3,0.7586206896551724,73.0,2.7241379310344827,0.0,50.0,1.1153846153846154,9.666666666666666,0.0,0
PRV55646,2,0,2,300,150.0,200,70.71067811865476,2,1,0.0,77.5,3.5,0.0,0.0,1.0,2.0,0.0,0
PRV55648,2,0,2,80,40.0,60,28.284271247461902,2,1,0.0,66.5,3.0,0.0,100.0,1.0,2.0,0.0,0
PRV55649,2,0,2,100,50.0,50,0.0,1,1,0.0,85.0,3.5,0.0,0.0,2.0,2.0,0.0,0
PRV55650,4,0,4,220,55.0,90,23.804761428476166,4,1,0.0,80.0,2.0,0.0,0.0,1.0,4.0,0.0,0
PRV55652,28,0,28,6140,219.28571428571428,3200,621.5210051063116,27,6,1.5357142857142858,71.5,2.7857142857142856,0.0,50.0,1.037037037037037,4.666666666666667,0.0,0
PRV55653,25,0,25,6400,256.0,2200,499.0574449232607,25,5,0.8,75.24,2.64,0.0,0.0,1.0,5.0,0.0,0
PRV55654,578,0,578,195200,337.71626297577853,3300,632.4790780506489,374,6,1.9186851211072664,72.93944636678201,2.569204152249135,0.0,2290.0,1.5454545454545454,96.33333333333333,0.0,0
PRV55655,3,0,3,230,76.66666666666667,200,106.92676621563626,3,2,0.0,77.0,2.3333333333333335,0.0,0.0,1.0,1.5,0.0,0
PRV55656,30,0,30,10170,339.0,3300,717.2329492210154,26,2,2.2333333333333334,69.53333333333333,2.5,0.0,0.0,1.1538461538461537,15.0,0.0,0
PRV55657,1,0,1,1700,1700.0,1700,0.0,1,1,0.0,75.0,7.0,0.0,0.0,1.0,1.0,0.0,0
PRV55658,15,15,0,196400,13093.333333333334,36000,12656.532286681431,14,6,9.266666666666667,73.13333333333334,7.333333333333333,0.8,16020.0,1.0714285714285714,2.5,1.0,0
PRV55659,20,20,0,227000,11350.0,38000,10348.02294872641,18,2,5.8,73.85,7.65,0.85,21360.0,1.1111111111111112,10.0,1.0,1
PRV55660,4,4,0,33000,8250.0,18000,6701.989754294368,4,1,3.25,77.0,7.75,0.75,4272.0,1.0,4.0,1.0,0
PRV55661,14,14,0,202000,14428.57142857143,52000,13030.81723462492,11,2,4.285714285714286,76.5,7.214285714285714,1.1428571428571428,14952.0,1.2727272727272727,7.0,1.0,0
PRV55662,28,28,0,233000,8321.42857142857,25000,5333.705344168602,27,1,6.714285714285714,73.5,7.785714285714286,0.75,29904.0,1.037037037037037,28.0,1.0,0
PRV55663,7,7,0,36000,5142.857142857143,13000,4879.500364742666,7,3,4.714285714285714,70.57142857142857,8.428571428571429,1.0,7476.0,1.0,2.3333333333333335,1.0,0
PRV55664,20,20,0,205000,10250.0,40000,8045.103119943604,17,2,5.75,76.7,7.95,0.75,20292.0,1.1764705882352942,10.0,1.0,0
PRV55665,1,1,0,9000,9000.0,9000,0.0,1,1,4.0,69.0,5.0,1.0,1068.0,1.0,1.0,1.0,0
PRV55666,19,19,0,125000,6578.9473684210525,13000,3005.842264540547,19,3,6.631578947368421,72.26315789473684,7.421052631578948,0.631578947368421,20292.0,1.0,6.333333333333333,1.0,0
PRV55667,38,38,0,382180,10057.368421052632,46000,10462.6637826208,33,4,6.473684210526316,73.94736842105263,7.947368421052632,0.868421052631579,38448.0,1.1515151515151516,9.5,1.0,1
PRV55668,4,4,0,47000,11750.0,22000,11383.46754435279,4,1,3.5,76.25,6.75,1.0,4272.0,1.0,4.0,1.0,0
PRV55670,9,9,0,98000,10888.888888888889,21000,6193.634725354015,8,3,5.666666666666667,80.55555555555556,8.333333333333334,0.7777777777777778,9612.0,1.125,3.0,1.0,1
PRV55671,2,2,0,16000,8000.0,9000,1414.213562373095,2,1,8.0,75.5,7.0,1.5,1068.0,1.0,2.0,1.0,0
PRV55673,60,9,51,110000,1833.3333333333333,31000,4907.204204773288,56,31,2.3333333333333335,71.88333333333334,3.283333333333333,0.08333333333333333,8594.0,1.0714285714285714,1.935483870967742,0.15,1
PRV55674,9,0,9,4990,554.4444444444445,2300,778.3493931248214,8,8,4.444444444444445,74.44444444444444,3.4444444444444446,0.0,0.0,1.125,1.125,0.0,0
PRV55675,83,2,81,98840,1190.8433734939758,75000,8235.637787557918,53,18,1.3975903614457832,72.3132530120482,2.6506024096385543,0.03614457831325301,2406.0,1.5660377358490567,4.611111111111111,0.024096385542168676,0
PRV55676,167,115,52,1040300,6229.34131736527,42000,7036.210828033479,150,64,3.311377245508982,73.25748502994011,6.341317365269461,0.49700598802395207,120914.0,1.1133333333333333,2.609375,0.688622754491018,1
PRV55677,84,0,84,17200,204.76190476190476,2400,363.33620193933564,79,31,0.9047619047619048,70.67857142857143,2.3333333333333335,0.0,450.0,1.0632911392405062,2.7096774193548385,0.0,0
PRV55678,16,9,7,129290,8080.625,36000,11206.702440206634,16,12,3.5,73.3125,5.1875,0.5,9612.0,1.0,1.3333333333333333,0.5625,0
PRV55679,229,9,220,147280,643.1441048034934,30000,2690.0063068508066,89,13,1.4890829694323144,71.22270742358079,2.8951965065502185,0.017467248908296942,10022.0,2.5730337078651684,17.615384615384617,0.039301310043668124,0
PRV55680,206,5,201,68060,330.3883495145631,9000,914.5356516861809,72,32,1.4854368932038835,74.1747572815534,2.9902912621359223,0.0048543689320388345,5670.0,2.861111111111111,6.4375,0.024271844660194174,0
PRV55682,23,6,17,62740,2727.8260869565215,15000,4822.348500397761,19,11,2.260869565217391,75.82608695652173,4.391304347826087,0.21739130434782608,6498.0,1.2105263157894737,2.090909090909091,0.2608695652173913,0
PRV55683,28,0,28,4100,146.42857142857142,900,202.26887652997533,10,6,1.2142857142857142,72.75,2.857142857142857,0.0,200.0,2.8,4.666666666666667,0.0,0
PRV55684,3,0,3,410,136.66666666666666,300,141.53915830374763,3,3,0.0,62.0,2.0,0.0,0.0,1.0,1.0,0.0,0
PRV55687,81,5,76,61240,756.0493827160494,12000,1774.6419913692066,48,25,1.5308641975308641,71.34567901234568,3.185185185185185,0.037037037037037035,5490.0,1.6875,3.24,0.06172839506172839,0
PRV55688,47,1,46,23600,502.1276595744681,14000,2036.129038545844,29,18,1.8297872340425532,78.61702127659575,3.021276595744681,0.0,1208.0,1.6206896551724137,2.611111111111111,0.02127659574468085,0
PRV55689,577,104,473,1226770,2126.117850953206,57000,5732.880902689357,361,42,2.169844020797227,73.08145580589255,3.6464471403812824,0.12478336221837089,109868.0,1.5983379501385042,13.738095238095237,0.18024263431542462,1
PRV55690,91,15,76,168510,1851.7582417582419,37000,5364.872286645289,75,46,1.7142857142857142,73.2967032967033,3.5604395604395602,0.15384615384615385,15112.0,1.2133333333333334,1.9782608695652173,0.16483516483516483,0
PRV55691,40,3,37,22060,551.5,7000,1528.5245944692672,15,14,1.525,79.05,2.75,0.05,3204.0,2.6666666666666665,2.857142857142857,0.075,0
PRV55692,152,3,149,48480,318.94736842105266,10000,1103.7960735779093,79,12,1.0263157894736843,70.26315789473684,2.7565789473684212,0.0,3664.0,1.9240506329113924,12.666666666666666,0.019736842105263157,0
PRV55695,73,0,73,15150,207.53424657534248,2400,385.7092342610118,51,6,2.315068493150685,72.54794520547945,2.8767123287671232,0.0,420.0,1.4313725490196079,12.166666666666666,0.0,0
PRV55697,26,0,26,7430,285.7692307692308,1700,440.80084461736755,24,17,0.38461538461538464,68.76923076923077,2.1538461538461537,0.0,100.0,1.0833333333333333,1.5294117647058822,0.0,0
PRV55699,30,1,29,22960,765.3333333333334,11000,2103.213851643985,7,8,1.9666666666666666,76.3,3.066666666666667,0.06666666666666667,1208.0,4.285714285714286,3.75,0.03333333333333333,0
PRV55700,30,3,27,83030,2767.6666666666665,57000,10401.757372520357,26,16,1.3333333333333333,72.9,2.6,0.1,3274.0,1.1538461538461537,1.875,0.1,0
PRV55701,186,0,186,50800,273.1182795698925,3300,503.49261997248175,70,4,1.118279569892473,71.88709677419355,2.543010752688172,0.0,780.0,2.657142857142857,46.5,0.0,0
PRV55702,14,0,14,3640,260.0,1800,511.5286291709766,14,8,0.9285714285714286,72.5,3.0,0.0,50.0,1.0,1.75,0.0,0
PRV55703,58,3,55,34700,598.2758620689655,11000,1738.7433836377295,45,14,2.310344827586207,71.24137931034483,3.103448275862069,0.017241379310344827,3314.0,1.288888888888889,4.142857142857143,0.05172413793103448,0
PRV55704,38,4,34,28110,739.7368421052631,12000,2095.853676089757,32,20,1.631578947368421,74.26315789473684,3.5,0.02631578947368421,3204.0,1.1875,1.9,0.10526315789473684,0
PRV55705,253,0,253,63920,252.64822134387353,3300,531.8585475947543,115,1,0.7549407114624506,74.93675889328063,2.2015810276679844,0.0,690.0,2.2,253.0,0.0,0
PRV55706,1,1,0,12000,12000.0,12000,0.0,1,1,7.0,57.0,9.0,1.0,1068.0,1.0,1.0,1.0,0
PRV55707,33,7,26,55020,1667.2727272727273,13000,3665.3796467140282,24,15,1.6666666666666667,73.96969696969697,3.5757575757575757,0.12121212121212122,6408.0,1.375,2.2,0.21212121212121213,0
PRV55709,43,16,27,160590,3734.6511627906975,43000,7690.318387376741,42,26,3.1627906976744184,74.18604651162791,4.465116279069767,0.2558139534883721,17188.0,1.0238095238095237,1.6538461538461537,0.37209302325581395,0
PRV55710,40,6,34,48680,1217.0,9000,2257.7674473146803,37,22,3.575,75.425,3.525,0.1,6648.0,1.0810810810810811,1.8181818181818181,0.15,0
PRV55711,5,0,5,660,132.0,400,153.19921670818033,5,3,0.0,71.8,3.4,0.0,0.0,1.0,1.6666666666666667,0.0,0
PRV55712,26,0,26,9880,380.0,3300,778.8607064167509,25,10,1.0769230769230769,69.15384615384616,2.6153846153846154,0.0,80.0,1.04,2.6,0.0,0
PRV55714,22,3,19,29640,1347.2727272727273,9000,2548.3349967010336,17,7,2.909090909090909,71.95454545454545,3.6363636363636362,0.09090909090909091,3264.0,1.2941176470588236,3.142857142857143,0.13636363636363635,0
PRV55715,864,57,807,730210,845.1504629629629,34000,2694.643366793839,421,19,1.9039351851851851,73.07407407407408,2.9768518518518516,0.041666666666666664,62038.0,2.0522565320665085,45.473684210526315,0.06597222222222222,1
PRV55716,25,0,25,6620,264.8,1700,389.61647809095547,23,16,1.64,73.92,2.92,0.0,0.0,1.0869565217391304,1.5625,0.0,0
PRV55717,73,0,73,25360,347.3972602739726,3300,680.271652024355,27,5,1.7671232876712328,71.21917808219177,2.6986301369863015,0.0,180.0,2.7037037037037037,14.6,0.0,0
PRV55719,23,0,23,6600,286.95652173913044,2800,591.8571294325001,11,5,0.9130434782608695,79.82608695652173,2.6956521739130435,0.0,80.0,2.090909090909091,4.6,0.0,0
PRV55720,11,4,7,27330,2484.5454545454545,18000,5355.790069889528,10,5,1.0,75.27272727272727,4.636363636363637,0.09090909090909091,4272.0,1.1,2.2,0.36363636363636365,0
PRV55721,5,0,5,410,82.0,200,78.54934754662193,5,4,4.0,73.0,2.2,0.0,70.0,1.0,1.25,0.0,0
PRV55723,47,0,47,14500,308.51063829787233,3300,674.1467351671596,25,6,3.021276595744681,73.27659574468085,2.702127659574468,0.0,0.0,1.88,7.833333333333333,0.0,0
PRV55724,31,0,31,12550,404.83870967741933,2200,609.6658700618557,31,7,1.5483870967741935,70.87096774193549,3.129032258064516,0.0,510.0,1.0,4.428571428571429,0.0,0
PRV55726,36,0,36,9690,269.1666666666667,3300,580.5139348641242,16,5,0.7777777777777778,68.63888888888889,2.7777777777777777,0.0,280.0,2.25,7.2,0.0,0
PRV55727,68,0,68,16630,244.55882352941177,2800,486.3554189099499,35,3,0.7058823529411765,70.8970588235294,2.323529411764706,0.0,210.0,1.9428571428571428,22.666666666666668,0.0,0
PRV55728,7,0,7,3620,517.1428571428571,3000,1097.0371352832483,5,3,2.857142857142857,77.57142857142857,3.4285714285714284,0.0,0.0,1.4,2.3333333333333335,0.0,0
PRV55729,114,0,114,20910,183.42105263157896,3300,453.17723768565895,39,7,1.8771929824561404,71.24561403508773,2.1315789473684212,0.0,410.0,2.923076923076923,16.285714285714285,0.0,0
PRV55731,135,0,135,32410,240.07407407407408,3300,480.2914169734378,52,15,1.4592592592592593,75.57037037037037,2.6148148148148147,0.0,220.0,2.5961538461538463,9.0,0.0,0
PRV55732,111,12,99,178660,1609.5495495495495,54000,6113.618388094715,65,8,2.2162162162162162,73.87387387387388,3.1531531531531534,0.07207207207207207,12966.0,1.7076923076923076,13.875,0.10810810810810811,0
PRV55733,46,0,46,14670,318.9130434782609,3300,606.6088919774314,43,4,2.0434782608695654,73.0,2.260869565217391,0.0,230.0,1.069767441860465,11.5,0.0,0
PRV55734,310,0,310,71190,229.6451612903226,3300,478.5234198302375,132,14,0.8903225806451613,71.44516129032257,2.532258064516129,0.0,870.0,2.3484848484848486,22.142857142857142,0.0,0
PRV55735,93,0,93,32230,346.55913978494624,3200,665.6322503155337,83,8,1.096774193548387,72.74193548387096,2.817204301075269,0.0,410.0,1.1204819277108433,11.625,0.0,0
PRV55736,230,4,226,107940,469.30434782608694,13000,1232.8730401662558,114,20,1.4173913043478261,71.19565217391305,3.0608695652173914,0.013043478260869565,5102.0,2.017543859649123,11.5,0.017391304347826087,0
PRV55737,257,19,238,261570,1017.7821011673152,34000,3485.581481594518,175,35,1.622568093385214,73.15953307392996,2.859922178988327,0.05058365758754864,20582.0,1.4685714285714286,7.3428571428571425,0.07392996108949416,0
PRV55739,86,19,67,234640,2728.3720930232557,31000,5690.889077746291,75,18,2.3255813953488373,74.62790697674419,3.63953488372093,0.1744186046511628,19554.0,1.1466666666666667,4.777777777777778,0.22093023255813954,0
PRV55740,21,0,21,4510,214.76190476190476,2500,547.6095237267067,18,12,0.9523809523809523,71.14285714285714,2.4761904761904763,0.0,0.0,1.1666666666666667,1.75,0.0,0
PRV55741,6,0,6,1220,203.33333333333334,500,204.51568806980717,6,4,3.5,78.5,3.3333333333333335,0.0,120.0,1.0,1.5,0.0,0
PRV55742,75,6,69,70050,934.0,23000,3143.7522768784406,36,12,1.7733333333333334,71.96,3.2,0.08,6588.0,2.0833333333333335,6.25,0.08,0
PRV55743,69,5,64,64530,935.2173913043479,18000,2844.9871335880107,61,5,1.1884057971014492,72.2463768115942,2.7246376811594204,0.057971014492753624,5380.0,1.1311475409836065,13.8,0.07246376811594203,0
PRV55744,2,0,2,80,40.0,70,42.42640687119285,2,1,0.0,81.0,4.0,0.0,0.0,1.0,2.0,0.0,0
PRV55745,81,0,81,14410,177.90123456790124,3300,435.6366491968471,74,6,0.037037037037037035,75.50617283950618,2.5925925925925926,0.0,280.0,1.0945945945945945,13.5,0.0,0
PRV55748,10,0,10,3470,347.0,2200,674.3564833726051,10,6,2.8,70.3,1.5,0.0,0.0,1.0,1.6666666666666667,0.0,0
PRV55749,4,0,4,410,102.5,200,69.46221994724903,4,3,4.5,69.75,2.0,0.0,0.0,1.0,1.3333333333333333,0.0,0
PRV55750,5,0,5,660,132.0,400,152.7088733505686,5,3,3.4,71.2,2.2,0.0,0.0,1.0,1.6666666666666667,0.0,0
PRV55751,2,0,2,1280,640.0,1200,791.9595949289333,2,1,0.0,67.0,3.0,0.0,0.0,1.0,2.0,0.0,0
PRV55752,563,0,563,156720,278.3658969804618,3300,591.3473015121765,347,44,1.5879218472468917,71.9271758436945,2.5950266429840143,0.0,1230.0,1.622478386167147,12.795454545454545,0.0,0
PRV55753,40,8,32,93000,2325.0,18000,4684.580817522251,36,14,0.975,71.1,3.55,0.225,8644.0,1.1111111111111112,2.857142857142857,0.2,0
PRV55754,22,0,22,5210,236.8181818181818,1900,407.24844837187374,21,13,1.8181818181818181,68.04545454545455,2.590909090909091,0.0,60.0,1.0476190476190477,1.6923076923076923,0.0,0
PRV55755,86,11,75,155920,1813.0232558139535,57000,6728.291990195964,74,31,1.744186046511628,73.82558139534883,3.5697674418604652,0.09302325581395349,11818.0,1.162162162162162,2.774193548387097,0.12790697674418605,0
PRV55759,3,0,3,240,80.0,100,17.320508075688775,3,3,0.0,73.33333333333333,2.3333333333333335,0.0,80.0,1.0,1.0,0.0,0
PRV55760,3,0,3,210,70.0,80,10.0,3,3,0.0,75.66666666666667,1.6666666666666667,0.0,70.0,1.0,1.0,0.0,0
PRV55761,4,0,4,210,52.5,70,17.07825127659933,1,1,1.75,76.0,2.0,0.0,0.0,4.0,4.0,0.0,0
PRV55762,9,0,9,1140,126.66666666666667,300,104.28326807307106,9,2,1.2222222222222223,76.66666666666667,2.2222222222222223,0.0,0.0,1.0,4.5,0.0,0
PRV55763,10,0,10,1480,148.0,600,182.25744916951345,8,4,0.5,72.7,2.8,0.0,0.0,1.25,2.5,0.0,0
PRV55764,29,1,28,9830,338.9655172413793,4000,778.4570124271759,28,10,1.5862068965517242,76.75862068965517,3.0344827586206895,0.10344827586206896,10.0,1.0357142857142858,2.9,0.034482758620689655,0
PRV55765,20,2,18,20790,1039.5,12000,2701.3767932199626,8,1,1.85,75.5,3.9,0.1,2216.0,2.5,20.0,0.1,0
PRV55766,6,0,6,300,50.0,100,45.16635916254486,3,1,2.1666666666666665,70.0,1.8333333333333333,0.0,0.0,2.0,6.0,0.0,0
PRV55767,2,0,2,80,40.0,80,56.568542494923804,2,2,0.0,70.5,2.0,0.0,0.0,1.0,1.0,0.0,0
PRV55768,64,0,64,24570,383.90625,3300,801.755251392169,34,1,1.703125,73.046875,2.21875,0.0,260.0,1.8823529411764706,64.0,0.0,0
PRV55769,15,2,13,18000,1200.0,7000,2070.3691872293143,8,2,4.8,70.06666666666666,4.6,0.13333333333333333,2176.0,1.875,7.5,0.13333333333333333,0
PRV55770,19,0,19,1870,98.42105263157895,500,109.86168869662824,14,1,0.0,76.42105263157895,1.7894736842105263,0.0,90.0,1.3571428571428572,19.0,0.0,0
PRV55771,73,0,73,18120,248.21917808219177,3300,525.4451617061729,29,5,0.9315068493150684,72.6986301369863,2.7260273972602738,0.0,160.0,2.5172413793103448,14.6,0.0,0
PRV55772,4,0,4,490,122.5,300,121.20918557051138,4,3,3.25,64.0,2.25,0.0,0.0,1.0,1.3333333333333333,0.0,0
PRV55774,14,4,10,49930,3566.4285714285716,26000,7280.894500353285,12,11,4.142857142857143,78.92857142857143,4.5,0.21428571428571427,4272.0,1.1666666666666667,1.2727272727272727,0.2857142857142857,0
PRV55775,14,1,13,11610,829.2857142857143,10000,2646.616023080487,14,7,2.0,65.92857142857143,2.7142857142857144,0.0,1068.0,1.0,2.0,0.07142857142857142,0
PRV55776,4,0,4,90,22.5,60,26.299556396765833,4,4,5.5,75.5,5.25,0.0,0.0,1.0,1.0,0.0,0
PRV55777,17,0,17,4620,271.7647058823529,1500,447.9290581961284,11,8,0.8823529411764706,66.47058823529412,2.588235294117647,0.0,150.0,1.5454545454545454,2.125,0.0,0
PRV55778,1,0,1,40,40.0,40,0.0,1,1,0.0,67.0,8.0,0.0,0.0,1.0,1.0,0.0,0
PRV55779,7,0,7,2530,361.42857142857144,1300,482.37014043258563,6,6,2.857142857142857,77.0,1.0,0.0,40.0,1.1666666666666667,1.1666666666666667,0.0,0
PRV55780,52,6,46,109220,2100.3846153846152,41000,6709.205546475434,34,10,2.4038461538461537,75.4423076923077,3.269230769230769,0.11538461538461539,5600.0,1.5294117647058822,5.2,0.11538461538461539,0
PRV55782,6,0,6,1930,321.6666666666667,1100,421.82539831862505,5,2,0.3333333333333333,78.0,3.8333333333333335,0.0,0.0,1.2,3.0,0.0,0
PRV55783,7,4,3,43040,6148.571428571428,17000,6132.523756093214,7,4,3.2857142857142856,69.42857142857143,5.285714285714286,0.2857142857142857,4272.0,1.0,1.75,0.5714285714285714,0
PRV55785,9,0,9,4570,507.77777777777777,1900,718.692872125809,8,5,0.1111111111111111,72.77777777777777,2.0,0.0,0.0,1.125,1.8,0.0,0
PRV55786,11,0,11,2120,192.72727272727272,1000,375.82152437269764,10,6,1.8181818181818181,78.0,3.8181818181818183,0.0,30.0,1.1,1.8333333333333333,0.0,0
PRV55787,1,0,1,200,200.0,200,0.0,1,1,0.0,81.0,2.0,0.0,0.0,1.0,1.0,0.0,0
PRV55788,19,0,19,2770,145.78947368421052,1000,225.34703581300465,16,4,0.0,74.42105263157895,2.4210526315789473,0.0,0.0,1.1875,4.75,0.0,0
PRV55789,23,0,23,6860,298.2608695652174,2200,546.9971927293183,17,1,0.0,72.82608695652173,2.739130434782609,0.0,40.0,1.3529411764705883,23.0,0.0,0
PRV55790,5,5,0,48000,9600.0,20000,6268.9712074629915,5,3,5.4,72.0,8.8,0.6,5340.0,1.0,1.6666666666666667,1.0,0
PRV55791,10,10,0,129000,12900.0,33000,13584.713631300605,10,3,5.6,67.2,8.1,0.7,10680.0,1.0,3.3333333333333335,1.0,0
PRV55792,1,1,0,7000,7000.0,7000,0.0,1,1,5.0,66.0,7.0,1.0,1068.0,1.0,1.0,1.0,0
PRV55793,6,6,0,72000,12000.0,24000,10000.0,6,1,6.166666666666667,66.0,8.0,0.8333333333333334,6408.0,1.0,6.0,1.0,0
PRV55794,11,0,11,2560,232.72727272727272,1300,365.023037878184,11,3,0.0,73.72727272727273,2.909090909090909,0.0,0.0,1.0,3.6666666666666665,0.0,0
PRV55795,10,0,10,4050,405.0,2100,709.5107860741481,9,4,2.0,77.1,3.2,0.0,0.0,1.1111111111111112,2.5,0.0,0
PRV55796,7,0,7,870,124.28571428571429,600,213.68646368430723,7,1,0.0,73.42857142857143,2.857142857142857,0.0,0.0,1.0,7.0,0.0,0
PRV55797,3,0,3,1060,353.3333333333333,800,393.1072796748152,3,3,13.333333333333334,76.33333333333333,2.6666666666666665,0.0,0.0,1.0,1.0,0.0,0
PRV55798,6,0,6,3060,510.0,1800,672.7555276621664,6,1,3.3333333333333335,71.0,3.0,0.0,0.0,1.0,6.0,0.0,0
PRV55800,1,0,1,50,50.0,50,0.0,1,1,0.0,77.0,1.0,0.0,0.0,1.0,1.0,0.0,0
PRV55801,2,0,2,70,35.0,60,35.35533905932738,2,1,0.0,83.0,6.0,0.0,0.0,1.0,2.0,0.0,0
PRV55802,1,0,1,10,10.0,10,0.0,1,1,0.0,77.0,0.0,0.0,0.0,1.0,1.0,0.0,0
PRV55803,2,0,2,140,70.0,70,0.0,2,1,0.0,75.5,4.0,0.0,0.0,1.0,2.0,0.0,0
PRV55804,9,0,9,2570,285.55555555555554,800,287.18944579802684,9,3,0.0,73.44444444444444,1.7777777777777777,0.0,80.0,1.0,3.0,0.0,0
PRV55805,8,0,8,3850,481.25,3300,1143.2339780514874,7,1,2.375,63.5,2.125,0.0,0.0,1.1428571428571428,8.0,0.0,0
PRV55806,16,0,16,5090,318.125,2900,707.9474439062078,16,2,1.375,76.875,3.3125,0.0,80.0,1.0,8.0,0.0,0
PRV55807,17,0,17,6080,357.6470588235294,3300,807.7246545989907,16,2,0.0,73.29411764705883,3.823529411764706,0.0,110.0,1.0625,8.5,0.0,0
PRV55808,22,0,22,4690,213.1818181818182,1100,288.7309897042304,10,4,1.6818181818181819,78.18181818181819,2.8181818181818183,0.0,80.0,2.2,5.5,0.0,0
PRV55809,10,10,0,62000,6200.0,16000,4732.863826479693,9,3,5.9,71.0,8.8,0.3,9612.0,1.1111111111111112,3.3333333333333335,1.0,0
PRV55810,1,1,0,12000,12000.0,12000,0.0,1,1,11.0,71.0,9.0,1.0,1068.0,1.0,1.0,1.0,0
PRV55811,2,2,0,41000,20500.0,29000,12020.815280171308,2,1,5.0,64.0,8.5,0.5,2136.0,1.0,2.0,1.0,0
PRV55812,17,17,0,161000,9470.588235294117,20000,5173.461692363532,16,2,6.882352941176471,73.41176470588235,8.352941176470589,0.5294117647058824,17088.0,1.0625,8.5,1.0,1
PRV55813,7,7,0,38000,5428.571428571428,11000,4314.979445958881,7,1,3.142857142857143,69.28571428571429,7.714285714285714,1.0,7476.0,1.0,7.0,1.0,0
PRV55814,4,0,4,110,27.5,60,23.629078131263043,4,1,0.0,62.5,2.5,0.0,80.0,1.0,4.0,0.0,0
PRV55815,4,4,0,12000,3000.0,5000,2160.2468994692867,4,2,3.75,75.25,9.0,0.5,4272.0,1.0,2.0,1.0,0
PRV55816,1,1,0,6000,6000.0,6000,0.0,1,1,2.0,71.0,7.0,1.0,1068.0,1.0,1.0,1.0,0
PRV55817,25,25,0,222000,8880.0,42000,11366.324530530233,23,4,4.8,73.84,8.6,0.72,26700.0,1.0869565217391304,6.25,1.0,0
PRV55818,10,2,8,5620,562.0,5000,1560.5753924612407,10,6,0.4,75.9,3.5,0.3,2136.0,1.0,1.6666666666666667,0.2,0
PRV55819,198,0,198,48390,244.3939393939394,3300,440.91665748339705,89,23,1.02020202020202,73.71717171717172,2.378787878787879,0.0,720.0,2.2247191011235956,8.608695652173912,0.0,0
PRV55820,477,0,477,120350,252.30607966457023,7030,559.9742328112426,332,13,1.2410901467505242,74.88469601677149,2.779874213836478,0.0,1270.0,1.4367469879518073,36.69230769230769,0.0,0
PRV55821,195,13,182,207970,1066.5128205128206,39000,4343.129322617405,135,5,1.6512820512820512,70.63076923076923,3.041025641025641,0.046153846153846156,14204.0,1.4444444444444444,39.0,0.06666666666666667,1
PRV55822,384,0,384,112770,293.671875,5500,578.9522422802969,196,25,1.765625,73.53645833333333,2.6197916666666665,0.0,940.0,1.9591836734693877,15.36,0.0,0
PRV55826,26,4,22,106390,4091.923076923077,57000,11629.490795122809,25,14,2.1538461538461537,76.61538461538461,4.0,0.19230769230769232,4372.0,1.04,1.8571428571428572,0.15384615384615385,0
PRV55828,24,7,17,26970,1123.75,10000,2237.5351588201966,24,21,2.375,73.125,3.875,0.16666666666666666,7586.0,1.0,1.1428571428571428,0.2916666666666667,0
PRV55830,10,8,2,103120,10312.0,34000,10293.670978918173,8,9,3.9,73.3,7.0,0.8,8544.0,1.25,1.1111111111111112,0.8,0
PRV55831,810,0,810,235090,290.2345679012346,8400,627.5792322461947,471,6,1.625925925925926,73.6641975308642,2.560493827160494,0.0,2200.0,1.7197452229299364,135.0,0.0,0
PRV55832,284,45,239,481100,1694.0140845070423,30000,4199.027577123125,259,118,2.5211267605633805,74.01408450704226,3.408450704225352,0.09507042253521127,48810.0,1.0965250965250966,2.406779661016949,0.15845070422535212,0
PRV55833,144,4,140,94850,658.6805555555555,31000,2769.9519691192586,84,7,2.1319444444444446,73.36805555555556,2.6805555555555554,0.034722222222222224,4542.0,1.7142857142857142,20.571428571428573,0.027777777777777776,0
PRV55834,453,9,444,197250,435.43046357615896,11050,1247.0530226427052,207,29,1.7682119205298013,72.66887417218543,2.7991169977924946,0.01545253863134658,10622.0,2.1884057971014492,15.620689655172415,0.019867549668874173,0
PRV55835,269,7,262,139590,518.9219330855019,26000,1936.899533683746,139,22,1.7174721189591078,74.6728624535316,2.8178438661710037,0.02973977695167286,8276.0,1.935251798561151,12.227272727272727,0.026022304832713755,1
PRV55836,82,15,67,122790,1497.439024390244,17000,3241.866864607646,72,39,1.7073170731707317,71.6951219512195,3.731707317073171,0.12195121951219512,16220.0,1.1388888888888888,2.1025641025641026,0.18292682926829268,0
PRV55837,45,8,37,155370,3452.6666666666665,38000,9222.438890603129,44,23,2.311111111111111,74.0,3.9555555555555557,0.08888888888888889,8574.0,1.0227272727272727,1.9565217391304348,0.17777777777777778,0
PRV55839,186,3,183,76630,411.98924731182797,17000,1436.4678225735374,115,7,1.4516129032258065,72.80645161290323,2.736559139784946,0.010752688172043012,3464.0,1.617391304347826,26.571428571428573,0.016129032258064516,0
PRV55842,122,0,122,49540,406.0655737704918,4080,753.7460797173921,43,21,1.1967213114754098,76.58196721311475,2.4344262295081966,0.0,610.0,2.8372093023255816,5.809523809523809,0.0,1
PRV55843,213,0,213,46740,219.43661971830986,3300,467.0881921208332,106,22,1.2629107981220657,73.74647887323944,2.408450704225352,0.0,500.0,2.009433962264151,9.681818181818182,0.0,0
PRV55846,127,46,81,511670,4028.8976377952754,80000,10012.392181084977,125,86,2.8976377952755907,75.13385826771653,4.960629921259843,0.28346456692913385,49218.0,1.016,1.4767441860465116,0.36220472440944884,0
PRV55847,185,0,185,40460,218.7027027027027,2800,442.30183875803925,105,5,1.4054054054054055,72.58378378378379,2.4594594594594597,0.0,550.0,1.7619047619047619,37.0,0.0,0
PRV55848,39,3,36,34010,872.0512820512821,15000,2871.6180836513718,32,22,1.8717948717948718,74.58974358974359,2.5128205128205128,0.0,3224.0,1.21875,1.7727272727272727,0.07692307692307693,0
PRV55849,176,128,48,1283730,7293.920454545455,72000,9110.286492244863,167,62,3.75,73.02272727272727,6.5852272727272725,0.5965909090909091,132682.0,1.0538922155688624,2.838709677419355,0.7272727272727273,1
PRV55850,236,18,218,416040,1762.8813559322034,87000,7864.944046460138,153,27,1.5338983050847457,71.38559322033899,2.9788135593220337,0.08050847457627118,18556.0,1.542483660130719,8.74074074074074,0.07627118644067797,0
PRV55851,45,6,39,43640,969.7777777777778,7000,1915.74159494068,35,15,0.6444444444444445,75.42222222222222,3.0,0.044444444444444446,6568.0,1.2857142857142858,3.0,0.13333333333333333,0
PRV55852,60,3,57,31730,528.8333333333334,12000,1756.2373991746924,32,11,2.5833333333333335,79.51666666666667,3.283333333333333,0.0,3304.0,1.875,5.454545454545454,0.05,1
PRV55854,2,0,2,2460,1230.0,2400,1654.6298679765212,2,2,0.0,84.5,1.5,0.0,70.0,1.0,1.0,0.0,0
PRV55855,114,0,114,23150,203.0701754385965,1800,278.8634556377627,77,3,1.3859649122807018,73.74561403508773,2.745614035087719,0.0,240.0,1.4805194805194806,38.0,0.0,0
PRV55856,54,0,54,12120,224.44444444444446,1700,346.83293061790755,40,6,0.6111111111111112,75.25925925925925,2.759259259259259,0.0,460.0,1.35,9.0,0.0,0
PRV55858,8,0,8,710,88.75,200,53.033008588991066,5,6,0.125,70.875,2.75,0.0,100.0,1.6,1.3333333333333333,0.0,0
PRV55859,15,0,15,4880,325.3333333333333,1800,562.0481253754836,6,5,1.3333333333333333,57.266666666666666,3.0,0.0,50.0,2.5,3.0,0.0,0
PRV55862,8,0,8,3230,403.75,1500,646.6382848459959,8,5,0.0,69.875,1.75,0.0,0.0,1.0,1.6,0.0,0
PRV55863,5,0,5,650,130.0,400,152.64337522473747,5,4,0.2,77.8,4.8,0.0,0.0,1.0,1.25,0.0,0
PRV55864,89,4,85,85400,959.5505617977528,52000,5540.789636478713,42,4,1.0112359550561798,77.25842696629213,3.033707865168539,0.02247191011235955,4322.0,2.119047619047619,22.25,0.0449438202247191,0
PRV55865,325,0,325,91750,282.3076923076923,3300,578.2321109805653,163,12,1.1415384615384616,73.18153846153847,2.5323076923076924,0.0,890.0,1.9938650306748467,27.083333333333332,0.0,0
PRV55866,115,0,115,31370,272.7826086956522,2600,524.0455782810709,75,11,1.191304347826087,73.1304347826087,2.608695652173913,0.0,250.0,1.5333333333333334,10.454545454545455,0.0,0
PRV55867,88,0,88,39460,448.40909090909093,15400,1698.1253263008748,43,15,2.147727272727273,75.02272727272727,2.8181818181818183,0.0,70.0,2.046511627906977,5.866666666666666,0.0,0
PRV55868,85,0,85,16470,193.76470588235293,3300,410.64982322037395,39,5,1.2117647058823529,70.44705882352942,2.4,0.0,380.0,2.1794871794871793,17.0,0.0,0
PRV55869,346,8,338,152590,441.0115606936416,9700,1130.6901136913223,175,29,1.638728323699422,72.21098265895954,2.80635838150289,0.017341040462427744,9194.0,1.977142857142857,11.931034482758621,0.023121387283236993,0
PRV55870,56,0,56,22030,393.39285714285717,3300,807.2766266578341,38,15,0.7678571428571429,72.53571428571429,2.9107142857142856,0.0,100.0,1.4736842105263157,3.7333333333333334,0.0,0
PRV55871,12,0,12,4480,373.3333333333333,2000,696.7761259522098,5,2,3.3333333333333335,68.91666666666667,2.3333333333333335,0.0,40.0,2.4,6.0,0.0,0
PRV55872,139,0,139,34120,245.46762589928056,3300,484.006861583867,42,17,1.3741007194244603,75.0431654676259,2.6043165467625897,0.0,880.0,3.3095238095238093,8.176470588235293,0.0,0
PRV55873,57,6,51,51670,906.4912280701755,17000,2659.528349181533,37,20,1.3157894736842106,75.28070175438596,3.1052631578947367,0.07017543859649122,6488.0,1.5405405405405406,2.85,0.10526315789473684,0
PRV55874,10,0,10,1380,138.0,400,124.43650768341438,10,7,0.0,72.6,3.0,0.0,0.0,1.0,1.4285714285714286,0.0,0
PRV55875,26,0,26,4450,171.15384615384616,2100,418.2853277185508,25,2,1.8076923076923077,75.57692307692308,2.5384615384615383,0.0,0.0,1.04,13.0,0.0,0
PRV55876,19,0,19,4380,230.52631578947367,1100,332.49016166247566,18,3,0.15789473684210525,72.3157894736842,3.0,0.0,100.0,1.0555555555555556,6.333333333333333,0.0,0
PRV55877,4,0,4,1100,275.0,600,274.2869543622761,4,1,0.25,79.0,3.25,0.0,0.0,1.0,4.0,0.0,0
PRV55879,2,0,2,90,45.0,50,7.0710678118654755,2,1,2.0,70.0,2.0,0.0,0.0,1.0,2.0,0.0,0
PRV55880,15,0,15,7180,478.6666666666667,2800,787.898349740504,13,3,3.3333333333333335,73.2,4.2,0.0,40.0,1.1538461538461537,5.0,0.0,0
PRV55881,1,0,1,30,30.0,30,0.0,1,1,0.0,94.0,0.0,0.0,70.0,1.0,1.0,0.0,0
PRV55882,23,0,23,6440,280.0,3000,622.8161847608009,22,2,0.8695652173913043,72.1304347826087,2.739130434782609,0.0,0.0,1.0454545454545454,11.5,0.0,0
PRV55883,8,0,8,5480,685.0,2900,1193.0992055507013,8,1,0.0,71.75,2.5,0.0,0.0,1.0,8.0,0.0,0
PRV55884,27,0,27,2880,106.66666666666667,1100,217.3971905557624,16,4,0.1111111111111111,77.18518518518519,1.8148148148148149,0.0,90.0,1.6875,6.75,0.0,0
PRV55885,8,0,8,1610,201.25,1000,323.3943854976901,8,1,0.0,74.625,2.75,0.0,100.0,1.0,8.0,0.0,0
PRV55886,4,0,4,340,85.0,100,12.909944487358057,4,1,0.0,80.25,1.5,0.0,0.0,1.0,4.0,0.0,0
PRV55887,6,6,0,66000,11000.0,29000,9338.094023943002,6,1,14.0,67.33333333333333,8.0,1.0,5340.0,1.0,6.0,1.0,0
PRV55891,51,26,25,312730,6131.9607843137255,55000,9941.716153583915,45,33,3.392156862745098,75.66666666666667,5.450980392156863,0.4117647058823529,27838.0,1.1333333333333333,1.5454545454545454,0.5098039215686274,0
PRV55892,449,0,449,118910,264.8329621380846,3300,541.9558093315499,235,9,1.5634743875278396,74.89309576837417,2.779510022271715,0.0,1150.0,1.9106382978723404,49.888888888888886,0.0,0
PRV55893,615,26,589,373630,607.5284552845528,37000,2366.242862042998,297,34,1.5967479674796747,72.85528455284553,2.946341463414634,0.024390243902439025,29048.0,2.0707070707070705,18.08823529411765,0.04227642276422764,1
PRV55895,1,0,1,200,200.0,200,0.0,1,1,1.0,90.0,9.0,0.0,0.0,1.0,1.0,0.0,1
PRV55896,105,21,84,204310,1945.8095238095239,43000,5333.66355204815,97,48,3.019047619047619,76.5047619047619,3.8190476190476192,0.10476190476190476,21500.0,1.0824742268041236,2.1875,0.2,1
PRV55897,482,9,473,249890,518.4439834024896,51000,3236.0250420445145,180,17,1.6244813278008299,71.10788381742739,2.703319502074689,0.01037344398340249,10592.0,2.6777777777777776,28.352941176470587,0.01867219917012448,1
PRV55898,27,0,27,6220,230.37037037037038,3000,607.6340085274098,26,14,0.7407407407407407,70.74074074074075,2.111111111111111,0.0,120.0,1.0384615384615385,1.9285714285714286,0.0,0
PRV55900,19,8,11,113810,5990.0,33000,10119.80621246167,19,15,1.4210526315789473,74.42105263157895,4.052631578947368,0.3684210526315789,8544.0,1.0,1.2666666666666666,0.42105263157894735,0
PRV55901,101,0,101,25300,250.4950495049505,2900,458.1470860708901,50,21,1.0396039603960396,73.91089108910892,2.9405940594059405,0.0,310.0,2.02,4.809523809523809,0.0,0
PRV55902,69,0,69,13230,191.7391304347826,3300,417.12586801806117,57,38,1.8695652173913044,77.3913043478261,3.0,0.0,160.0,1.2105263157894737,1.8157894736842106,0.0,0
PRV55903,50,23,27,197820,3956.4,35000,6199.8781291511295,44,44,2.56,75.52,5.2,0.24,22428.0,1.1363636363636365,1.1363636363636365,0.46,0
PRV55904,28,0,28,6190,221.07142857142858,2100,420.8134915957361,27,16,1.1071428571428572,73.28571428571429,3.2142857142857144,0.0,0.0,1.037037037037037,1.75,0.0,0
PRV55905,95,82,13,789760,8313.263157894737,57000,9797.844252920091,84,12,4.947368421052632,75.23157894736842,7.315789473684211,0.7157894736842105,84372.0,1.130952380952381,7.916666666666667,0.8631578947368421,1
PRV55906,21,0,21,4130,196.66666666666666,900,252.77130638846916,20,14,1.3333333333333333,72.0,3.0,0.0,60.0,1.05,1.5,0.0,0
PRV55907,243,60,183,598180,2461.6460905349795,32000,5158.6316742197805,204,81,2.7160493827160495,73.04526748971193,4.156378600823046,0.16872427983539096,64490.0,1.1911764705882353,3.0,0.24691358024691357,0
PRV55908,55,22,33,294790,5359.818181818182,35000,8450.577120530506,48,30,3.2545454545454544,74.81818181818181,4.781818181818182,0.2545454545454545,23586.0,1.1458333333333333,1.8333333333333333,0.4,0
PRV55909,107,0,107,23750,221.9626168224299,2300,411.9247028929741,91,39,1.355140186915888,72.29906542056075,2.7570093457943927,0.0,440.0,1.1758241758241759,2.7435897435897436,0.0,0
PRV55910,372,0,372,98770,265.51075268817203,3300,556.956987690645,149,1,1.3118279569892473,73.5510752688172,2.653225806451613,0.0,890.0,2.4966442953020134,372.0,0.0,0
PRV55911,239,46,193,465440,1947.44769874477,30000,4341.202222391681,136,15,2.903765690376569,71.42677824267783,3.690376569037657,0.12552301255230125,48840.0,1.7573529411764706,15.933333333333334,0.19246861924686193,1
PRV55912,107,60,47,750080,7010.093457943925,52000,9935.564810537486,100,68,4.383177570093458,75.59813084112149,5.859813084112149,0.42990654205607476,64110.0,1.07,1.5735294117647058,0.5607476635514018,1
PRV55913,1267,0,1267,373270,294.6093133385951,5400,575.1942330162773,587,12,1.4388318863456986,74.76164167324389,2.6692975532754537,0.0,3540.0,2.1584327086882453,105.58333333333333,0.0,1
PRV55914,63,21,42,170660,2708.8888888888887,20000,4211.946569795257,62,40,2.9523809523809526,76.11111111111111,4.396825396825397,0.19047619047619047,22518.0,1.0161290322580645,1.575,0.3333333333333333,1
PRV55915,32,0,32,8870,277.1875,2500,579.5116652503989,27,13,0.65625,70.65625,3.5,0.0,0.0,1.1851851851851851,2.4615384615384617,0.0,0
PRV55916,127,115,12,1311040,10323.149606299212,57000,11180.527126510924,106,15,5.866141732283465,75.01574803149606,7.645669291338582,0.6220472440944882,121842.0,1.1981132075471699,8.466666666666667,0.905511811023622,0
PRV55917,50,0,50,14150,283.0,2400,517.2227641501311,50,43,1.74,75.42,3.04,0.0,20.0,1.0,1.1627906976744187,0.0,0
PRV55918,10,2,8,17760,1776.0,11000,3736.3684091493024,10,8,1.0,77.8,3.9,0.0,2136.0,1.0,1.25,0.2,0
PRV55919,21,0,21,6050,288.0952380952381,1900,503.24565619207334,19,9,0.3333333333333333,72.0,2.4761904761904763,0.0,0.0,1.105263157894737,2.3333333333333335,0.0,0
PRV55920,110,0,110,25550,232.27272727272728,3300,540.8041228109994,102,64,1.4727272727272727,74.35454545454546,2.418181818181818,0.0,260.0,1.0784313725490196,1.71875,0.0,0
PRV55921,59,0,59,21140,358.3050847457627,3300,737.2552838701052,56,40,1.4067796610169492,75.96610169491525,2.7288135593220337,0.0,90.0,1.0535714285714286,1.475,0.0,0
PRV55925,21,4,17,50810,2419.5238095238096,16000,4613.851402234879,20,15,2.619047619047619,79.0952380952381,3.6666666666666665,0.19047619047619047,4312.0,1.05,1.4,0.19047619047619047,0
PRV55926,26,0,26,6930,266.53846153846155,2900,570.7464747692609,26,12,2.076923076923077,76.34615384615384,2.9615384615384617,0.0,30.0,1.0,2.1666666666666665,0.0,0
PRV55927,212,0,212,72180,340.47169811320754,3300,717.5747490834815,167,38,1.4858490566037736,73.84905660377359,2.7264150943396226,0.0,650.0,1.2694610778443114,5.578947368421052,0.0,0
PRV55928,12,0,12,6410,534.1666666666666,3300,989.3106721655265,11,5,1.5833333333333333,81.16666666666667,2.4166666666666665,0.0,0.0,1.0909090909090908,2.4,0.0,0
PRV55929,287,0,287,68790,239.68641114982577,3600,535.7795176450704,215,13,1.529616724738676,75.17421602787456,2.696864111498258,0.0,800.0,1.3348837209302327,22.076923076923077,0.0,0
PRV55930,45,7,38,84580,1879.5555555555557,22000,4267.165311770778,34,16,2.422222222222222,71.11111111111111,3.5555555555555554,0.13333333333333333,7816.0,1.3235294117647058,2.8125,0.15555555555555556,0
PRV55931,295,0,295,85700,290.50847457627117,3300,571.0332672225637,108,19,1.271186440677966,75.41016949152542,2.664406779661017,0.0,810.0,2.7314814814814814,15.526315789473685,0.0,0
PRV55933,498,45,453,496430,996.847389558233,34000,3056.920226046746,356,32,1.7690763052208835,74.144578313253,2.9497991967871484,0.04618473895582329,49022.0,1.398876404494382,15.5625,0.09036144578313253,0
PRV55934,653,6,647,254220,389.31087289433384,14000,963.3571714130169,218,33,1.9494640122511486,74.09341500765697,2.753445635528331,0.0030627871362940277,8308.0,2.9954128440366974,19.78787878787879,0.009188361408882083,1
PRV55935,550,0,550,125030,227.3272727272727,3300,453.9339702488878,393,117,1.08,73.85636363636364,2.5163636363636366,0.0,1310.0,1.3994910941475827,4.700854700854701,0.0,0
PRV55936,24,0,24,5750,239.58333333333334,2700,550.1895259751439,24,16,0.875,75.29166666666667,2.5833333333333335,0.0,90.0,1.0,1.5,0.0,0
PRV55937,382,7,375,165910,434.3193717277487,12000,1172.5654099094595,201,26,1.1884816753926701,74.18848167539267,2.7198952879581153,0.015706806282722512,8366.0,1.900497512437811,14.692307692307692,0.01832460732984293,0
PRV55938,9,0,9,1400,155.55555555555554,400,156.85272639574288,9,7,4.333333333333333,77.77777777777777,2.2222222222222223,0.0,0.0,1.0,1.2857142857142858,0.0,0
PRV55939,51,28,23,301760,5916.862745098039,50000,9182.551168427233,40,32,3.3529411764705883,71.90196078431373,5.9411764705882355,0.45098039215686275,30134.0,1.275,1.59375,0.5490196078431373,0
PRV55940,32,0,32,7690,240.3125,1800,368.269574956593,29,21,0.0,72.59375,2.6875,0.0,80.0,1.103448275862069,1.5238095238095237,0.0,0
PRV55941,57,0,57,14730,258.42105263157896,2800,552.9169062916759,56,45,0.9473684210526315,69.54385964912281,2.3859649122807016,0.0,190.0,1.0178571428571428,1.2666666666666666,0.0,0
PRV55942,82,2,80,23270,283.780487804878,6000,931.4102413218707,78,12,1.2073170731707317,76.36585365853658,2.9390243902439024,0.0,2566.0,1.0512820512820513,6.833333333333333,0.024390243902439025,0
PRV55943,721,34,687,484070,671.3869625520111,22000,2124.2618368367166,519,29,1.5714285714285714,75.88210818307905,2.8613037447988905,0.030513176144244106,37912.0,1.3892100192678227,24.862068965517242,0.047156726768377254,0
PRV55944,26,11,15,97870,3764.230769230769,32000,6771.228055871061,25,13,2.6153846153846154,73.15384615384616,4.653846153846154,0.34615384615384615,11768.0,1.04,2.0,0.4230769230769231,0
PRV55945,20,0,20,5050,252.5,2200,507.1060825383269,19,10,1.7,78.05,2.75,0.0,0.0,1.0526315789473684,2.0,0.0,0
PRV55946,50,0,50,22600,452.0,14040,1974.6402410648511,50,35,1.52,74.46,2.6,0.0,60.0,1.0,1.4285714285714286,0.0,0
PRV55948,28,4,24,75960,2712.8571428571427,51000,9763.623286594975,28,21,2.107142857142857,73.96428571428571,3.9285714285714284,0.10714285714285714,4402.0,1.0,1.3333333333333333,0.14285714285714285,0
PRV55950,11,0,11,7470,679.0909090909091,3300,1115.575676908156,11,9,1.8181818181818181,71.9090909090909,2.1818181818181817,0.0,0.0,1.0,1.2222222222222223,0.0,0
PRV55951,448,38,410,421000,939.7321428571429,57000,3553.419743627365,355,77,2.1339285714285716,74.93080357142857,3.0357142857142856,0.07142857142857142,40566.0,1.2619718309859156,5.818181818181818,0.08482142857142858,1
PRV55953,13,0,13,5630,433.0769230769231,2100,611.8331010902757,13,5,3.769230769230769,66.6923076923077,2.1538461538461537,0.0,0.0,1.0,2.6,0.0,0
PRV55955,246,0,246,63250,257.1138211382114,3300,488.3100838732272,235,158,1.3414634146341464,74.35365853658537,2.4959349593495936,0.0,610.0,1.0468085106382978,1.5569620253164558,0.0,0
PRV55956,22,8,14,64190,2917.7272727272725,14000,4450.343947990004,18,11,2.227272727272727,76.36363636363636,4.090909090909091,0.36363636363636365,7476.0,1.2222222222222223,2.0,0.36363636363636365,0
PRV55957,107,22,85,243440,2275.1401869158876,57000,6478.530779819442,100,78,1.7476635514018692,73.66355140186916,3.4766355140186915,0.17757009345794392,22668.0,1.07,1.3717948717948718,0.205607476635514,1
PRV55958,30,0,30,8020,267.3333333333333,3300,643.3743659119809,28,15,2.2666666666666666,73.53333333333333,2.466666666666667,0.0,0.0,1.0714285714285714,2.0,0.0,0
PRV55959,324,0,324,74710,230.58641975308643,3300,482.05631706067487,160,6,1.0,71.91975308641975,2.5555555555555554,0.0,810.0,2.025,54.0,0.0,1
PRV55963,47,0,47,8530,181.48936170212767,600,188.46033746496846,43,41,0.7021276595744681,71.46808510638297,2.9148936170212765,0.0,100.0,1.0930232558139534,1.146341463414634,0.0,0
PRV55964,37,0,37,8180,221.0810810810811,2500,465.7000929531543,33,24,0.7297297297297297,71.35135135135135,2.2162162162162162,0.0,130.0,1.121212121212121,1.5416666666666667,0.0,0
PRV55965,33,0,33,9180,278.1818181818182,2400,478.8231311341286,30,12,2.484848484848485,74.84848484848484,2.5454545454545454,0.0,70.0,1.1,2.75,0.0,0
PRV55966,21,0,21,7620,362.85714285714283,1800,511.3134347652412,21,10,1.9047619047619047,74.38095238095238,2.7142857142857144,0.0,0.0,1.0,2.1,0.0,0
PRV55968,148,0,148,53460,361.2162162162162,3300,690.6153279241759,75,16,1.7432432432432432,70.64189189189189,2.52027027027027,0.0,570.0,1.9733333333333334,9.25,0.0,0
PRV55969,688,0,688,204140,296.7151162790698,4200,582.1292745010649,527,1,1.498546511627907,74.12936046511628,2.7049418604651163,0.0014534883720930232,2200.0,1.3055028462998102,688.0,0.0,0
PRV55970,40,16,24,221400,5535.0,50000,9988.284419309735,38,25,2.1,75.4,4.95,0.2,17188.0,1.0526315789473684,1.6,0.4,0
PRV55971,620,101,519,1212000,1954.8387096774193,57000,5943.541108711078,317,13,2.164516129032258,72.25,3.514516129032258,0.10806451612903226,107852.0,1.9558359621451105,47.69230769230769,0.1629032258064516,1
PRV55972,110,19,91,152520,1386.5454545454545,20000,3206.163913339325,107,85,1.7454545454545454,72.28181818181818,3.1545454545454548,0.11818181818181818,19464.0,1.02803738317757,1.2941176470588236,0.17272727272727273,0
PRV55974,175,0,175,69110,394.9142857142857,3300,795.5731459406306,51,1,1.9085714285714286,75.00571428571429,2.5428571428571427,0.0,310.0,3.4313725490196076,175.0,0.0,0
PRV55977,1302,0,1302,371100,285.0230414746544,9200,630.5718579443,762,15,1.424731182795699,74.49923195084486,2.622887864823349,0.0,3110.0,1.7086614173228347,86.8,0.0,1
PRV55978,401,92,309,957490,2387.755610972569,57000,6196.554441794626,342,166,2.478802992518703,75.16209476309227,3.735660847880299,0.18453865336658354,95074.0,1.172514619883041,2.4156626506024095,0.22942643391521197,0
PRV55980,17,0,17,8700,511.7647058823529,2100,647.3429857320388,17,14,2.5294117647058822,70.17647058823529,2.9411764705882355,0.0,0.0,1.0,1.2142857142857142,0.0,0
PRV55981,54,15,39,110140,2039.6296296296296,19000,3848.759154591114,54,29,1.7777777777777777,74.46296296296296,4.277777777777778,0.14814814814814814,16150.0,1.0,1.8620689655172413,0.2777777777777778,0
PRV55982,4,0,4,750,187.5,400,192.07203509794616,4,4,5.0,73.25,1.5,0.0,0.0,1.0,1.0,0.0,0
PRV55983,22,8,14,119670,5439.545454545455,39000,10515.614909571714,21,18,3.590909090909091,73.9090909090909,4.318181818181818,0.36363636363636365,8614.0,1.0476190476190477,1.2222222222222223,0.36363636363636365,0
PRV55984,392,0,392,126120,321.734693877551,3300,648.8195466483339,282,40,1.288265306122449,73.72448979591837,2.5127551020408165,0.0,830.0,1.3900709219858156,9.8,0.0,0
PRV55985,58,0,58,19270,332.2413793103448,3300,686.0490573821278,52,40,3.189655172413793,73.48275862068965,2.5517241379310347,0.0,50.0,1.1153846153846154,1.45,0.0,0
PRV55986,232,0,232,65390,281.8534482758621,8080,722.2239073646138,212,167,1.3405172413793103,73.6896551724138,2.6982758620689653,0.0,660.0,1.0943396226415094,1.3892215568862276,0.0,0
PRV55989,2,0,2,150,75.0,80,7.0710678118654755,2,2,10.0,64.5,2.0,0.0,0.0,1.0,1.0,0.0,0
PRV55990,231,22,209,251100,1087.012987012987,22000,3077.3715767794,131,10,1.8095238095238095,76.9090909090909,3.0606060606060606,0.09090909090909091,23936.0,1.7633587786259541,23.1,0.09523809523809523,0
PRV55991,32,0,32,6570,205.3125,2000,377.18810550636914,31,21,1.875,71.21875,2.53125,0.0,150.0,1.032258064516129,1.5238095238095237,0.0,0
PRV55993,32,0,32,5360,167.5,1100,219.103746232015,28,15,0.0,72.3125,3.0,0.0,0.0,1.1428571428571428,2.1333333333333333,0.0,0
PRV55995,46,0,46,19840,431.30434782608694,3400,826.0175104295502,42,31,0.9782608695652174,75.82608695652173,2.869565217391304,0.0,0.0,1.0952380952380953,1.4838709677419355,0.0,0
PRV55996,98,29,69,264130,2695.204081632653,26000,4722.717466374594,90,20,2.204081632653061,70.18367346938776,4.244897959183674,0.22448979591836735,30972.0,1.0888888888888888,4.9,0.29591836734693877,1
PRV55997,326,0,326,79640,244.29447852760737,3300,582.1350298818766,243,1,1.656441717791411,76.1441717791411,2.5521472392638036,0.0,1140.0,1.3415637860082306,326.0,0.0,0
PRV55999,306,0,306,74190,242.45098039215685,3300,512.4369989735992,120,10,0.9934640522875817,74.93790849673202,2.6405228758169934,0.0,480.0,2.55,30.6,0.0,0
PRV56001,70,57,13,528570,7551.0,36000,7942.856265360335,67,31,5.614285714285714,77.25714285714285,7.071428571428571,0.38571428571428573,59808.0,1.044776119402985,2.2580645161290325,0.8142857142857143,0
PRV56002,32,11,21,177810,5556.5625,57000,12259.994898008463,31,21,2.71875,73.59375,4.28125,0.3125,11748.0,1.032258064516129,1.5238095238095237,0.34375,0
PRV56003,12,8,4,77180,6431.666666666667,28000,7969.351329064405,12,8,4.75,72.75,6.25,0.4166666666666667,8544.0,1.0,1.5,0.6666666666666666,0
PRV56004,5,0,5,3470,694.0,3300,1457.285147114318,5,5,4.0,79.2,2.6,0.0,50.0,1.0,1.0,0.0,0
PRV56005,74,2,72,31660,427.8378378378378,6000,1087.187234533338,55,13,1.2837837837837838,76.32432432432432,2.581081081081081,0.0,2166.0,1.3454545454545455,5.6923076923076925,0.02702702702702703,0
PRV56006,1090,0,1090,289380,265.48623853211006,4200,524.9795066126383,531,12,1.3642201834862386,75.34128440366972,2.586238532110092,0.0,3170.0,2.0527306967984935,90.83333333333333,0.0,0
PRV56007,81,69,12,836930,10332.469135802468,73000,13207.084607405242,67,22,4.950617283950617,74.14814814814815,7.469135802469136,0.7160493827160493,72624.0,1.208955223880597,3.6818181818181817,0.8518518518518519,1
PRV56008,1370,0,1370,476600,347.88321167883214,14200,819.6993254597348,686,4,1.5167883211678832,75.22700729927007,2.4802919708029196,0.00072992700729927,4080.0,1.9970845481049562,342.5,0.0,1
PRV56010,83,0,83,21600,260.2409638554217,3300,497.52797667044945,82,44,1.0,73.25301204819277,2.963855421686747,0.0,250.0,1.0121951219512195,1.8863636363636365,0.0,0
PRV56011,2833,0,2833,741640,261.7860924814684,14000,654.2141645928872,1164,36,1.3053300388280975,74.43063889869397,2.6036004235792447,0.00035298270384751147,8100.0,2.433848797250859,78.69444444444444,0.0,1
PRV56012,44,29,15,325870,7406.136363636364,57000,10742.62910436713,41,23,4.840909090909091,77.22727272727273,6.340909090909091,0.4090909090909091,30024.0,1.0731707317073171,1.9130434782608696,0.6590909090909091,1
PRV56013,90,0,90,27360,304.0,3200,619.2216934329558,86,36,2.3777777777777778,73.42222222222222,2.7111111111111112,0.0,320.0,1.0465116279069768,2.5,0.0,0
PRV56014,34,19,15,145050,4266.176470588235,22000,5900.178741363319,34,14,3.6470588235294117,73.44117647058823,6.205882352941177,0.3235294117647059,20292.0,1.0,2.4285714285714284,0.5588235294117647,0
PRV56015,149,6,143,92600,621.4765100671141,26000,2385.583212685567,115,74,1.832214765100671,75.16107382550335,3.0805369127516777,0.026845637583892617,6558.0,1.2956521739130435,2.0135135135135136,0.040268456375838924,0
PRV56016,12,0,12,6350,529.1666666666666,2600,826.8500835133663,12,10,2.3333333333333335,69.83333333333333,1.9166666666666667,0.0,0.0,1.0,1.2,0.0,0
PRV56017,13,11,2,210060,16158.461538461539,57000,17430.23276099789,12,10,10.384615384615385,81.84615384615384,7.846153846153846,0.6923076923076923,9612.0,1.0833333333333333,1.3,0.8461538461538461,0
PRV56018,72,25,47,240840,3345.0,57000,7482.328853400026,71,50,3.4166666666666665,74.48611111111111,4.458333333333333,0.18055555555555555,26940.0,1.0140845070422535,1.44,0.3472222222222222,0
PRV56019,659,0,659,186820,283.49013657056145,3300,546.6109632227759,268,6,1.5811836115326252,74.30804248861912,2.7830045523520486,0.0,2450.0,2.458955223880597,109.83333333333333,0.0,0
PRV56020,155,15,140,195770,1263.032258064516,36000,3890.5266852398095,148,54,2.4,75.65161290322581,3.3161290322580643,0.05161290322580645,16380.0,1.0472972972972974,2.8703703703703702,0.0967741935483871,0
PRV56021,128,0,128,39920,311.875,7300,810.4297975105021,124,61,1.0234375,75.15625,2.171875,0.0,150.0,1.032258064516129,2.098360655737705,0.0,0
PRV56023,42,7,35,88070,2096.904761904762,25000,5176.175482424724,40,31,3.9761904761904763,71.71428571428571,3.9047619047619047,0.14285714285714285,6538.0,1.05,1.3548387096774193,0.16666666666666666,1
PRV56025,153,0,153,44660,291.8954248366013,3300,579.5787395236972,148,67,1.5686274509803921,72.2483660130719,2.5163398692810457,0.0,0.0,1.0337837837837838,2.283582089552239,0.0,0
PRV56026,44,0,44,29650,673.8636363636364,3300,1000.9465657487135,43,33,1.9772727272727273,73.1590909090909,2.5681818181818183,0.0,190.0,1.0232558139534884,1.3333333333333333,0.0,0
PRV56027,25,0,25,8840,353.6,3100,673.9119625984787,24,11,0.92,76.68,2.12,0.0,190.0,1.0416666666666667,2.272727272727273,0.0,0
PRV56028,201,4,197,66770,332.18905472636817,9000,859.3254238526883,180,4,1.4577114427860696,74.13930348258707,2.81592039800995,0.01990049751243781,4822.0,1.1166666666666667,50.25,0.01990049751243781,0
PRV56029,1,0,1,100,100.0,100,0.0,1,1,0.0,90.0,1.0,0.0,0.0,1.0,1.0,0.0,0
PRV56030,204,0,204,60370,295.9313725490196,3300,679.4685080231097,102,2,1.3676470588235294,70.77941176470588,2.784313725490196,0.0,220.0,2.0,102.0,0.0,0
PRV56031,19,9,10,61570,3240.5263157894738,28000,6534.38722255339,19,11,3.6842105263157894,74.21052631578948,5.052631578947368,0.21052631578947367,9612.0,1.0,1.7272727272727273,0.47368421052631576,0
PRV56032,9,0,9,3000,333.3333333333333,2000,627.9132105633707,9,2,3.3333333333333335,78.44444444444444,2.4444444444444446,0.0,70.0,1.0,4.5,0.0,0
PRV56033,8,4,4,50160,6270.0,36000,12232.881917193512,8,3,6.0,75.0,4.375,0.25,3204.0,1.0,2.6666666666666665,0.5,0
PRV56034,13,0,13,1530,117.6923076923077,700,186.9560485851263,13,7,0.23076923076923078,70.84615384615384,1.8461538461538463,0.0,20.0,1.0,1.8571428571428572,0.0,0
PRV56036,49,0,49,13140,268.16326530612247,3300,562.0152484192776,48,6,1.2244897959183674,75.26530612244898,2.836734693877551,0.0,90.0,1.0208333333333333,8.166666666666666,0.0,0
PRV56037,5,0,5,1840,368.0,700,317.3641441625062,5,3,4.0,70.8,2.6,0.0,0.0,1.0,1.6666666666666667,0.0,0
PRV56038,7,1,6,1450,207.14285714285714,1000,354.9513715855683,7,7,2.7142857142857144,75.0,2.7142857142857144,0.0,1068.0,1.0,1.0,0.14285714285714285,0
PRV56039,97,0,97,26020,268.2474226804124,3300,584.130426198633,34,6,2.1649484536082473,71.36082474226804,2.7010309278350517,0.0,390.0,2.8529411764705883,16.166666666666668,0.0,0
PRV56040,13,0,13,22850,1757.6923076923076,14050,3898.8206632394063,11,9,3.1538461538461537,71.84615384615384,3.5384615384615383,0.0,0.0,1.1818181818181819,1.4444444444444444,0.0,0
PRV56041,55,0,55,32040,582.5454545454545,3300,925.0369725980693,19,1,2.7818181818181817,78.0909090909091,2.9454545454545453,0.0,30.0,2.8947368421052633,55.0,0.0,0
PRV56044,260,16,244,350770,1349.1153846153845,125000,8209.714345770188,76,16,1.4384615384615385,68.50769230769231,2.9423076923076925,0.06153846153846154,17678.0,3.4210526315789473,16.25,0.06153846153846154,0
PRV56045,120,0,120,27980,233.16666666666666,3300,471.6571595878475,49,19,0.6666666666666666,72.1,2.6083333333333334,0.0,450.0,2.4489795918367347,6.315789473684211,0.0,0
PRV56046,20,14,6,121680,6084.0,40000,8696.342485871803,17,5,3.6,69.3,6.5,0.35,14952.0,1.1764705882352942,4.0,0.7,0
PRV56047,3,0,3,60,20.0,30,10.0,3,2,0.0,80.66666666666667,1.6666666666666667,0.0,0.0,1.0,1.5,0.0,0
PRV56048,16,0,16,7380,461.25,3300,910.6911294908572,16,11,4.3125,69.3125,3.125,0.0,0.0,1.0,1.4545454545454546,0.0,0
PRV56049,149,0,149,32580,218.65771812080536,1700,331.24184379172505,101,1,0.9328859060402684,71.83892617449665,2.4093959731543624,0.0,110.0,1.4752475247524752,149.0,0.0,0
PRV56050,1,0,1,40,40.0,40,0.0,1,1,0.0,88.0,4.0,0.0,0.0,1.0,1.0,0.0,0
PRV56051,4,0,4,1280,320.0,900,390.2136167109839,4,2,0.0,81.75,2.0,0.0,0.0,1.0,2.0,0.0,0
PRV56052,12,0,12,2950,245.83333333333334,1200,348.64564801354953,10,3,1.0,79.0,1.9166666666666667,0.0,0.0,1.2,4.0,0.0,0
PRV56054,45,0,45,18830,418.44444444444446,2700,783.7322001909591,26,1,2.2,72.08888888888889,2.7111111111111112,0.0,300.0,1.7307692307692308,45.0,0.0,0
PRV56055,9,0,9,4470,496.6666666666667,3300,1066.5598904890435,8,4,2.2222222222222223,73.0,2.7777777777777777,0.0,0.0,1.125,2.25,0.0,0
PRV56056,1,0,1,40,40.0,40,0.0,1,1,0.0,67.0,1.0,0.0,0.0,1.0,1.0,0.0,0
PRV56057,9,9,0,97000,10777.777777777777,26000,8899.126049474997,9,4,6.222222222222222,79.66666666666667,8.555555555555555,1.0,9612.0,1.0,2.25,1.0,0
PRV56058,11,11,0,90000,8181.818181818182,17000,3400.534717310847,11,5,7.7272727272727275,79.18181818181819,8.363636363636363,0.6363636363636364,10680.0,1.0,2.2,1.0,0
PRV56060,1,0,1,50,50.0,50,0.0,1,1,0.0,86.0,1.0,0.0,0.0,1.0,1.0,0.0,0
PRV56062,25,0,25,6290,251.6,1600,356.1797299117399,24,4,1.72,70.76,2.56,0.0,60.0,1.0416666666666667,6.25,0.0,0
PRV56063,11,0,11,1670,151.8181818181818,400,134.8938976987604,11,1,1.8181818181818181,77.18181818181819,2.0,0.0,0.0,1.0,11.0,0.0,0
PRV56065,1,0,1,70,70.0,70,0.0,1,1,0.0,59.0,3.0,0.0,0.0,1.0,1.0,0.0,0
PRV56066,8,0,8,4010,501.25,3300,1135.3846107314093,8,3,0.0,71.875,1.625,0.0,0.0,1.0,2.6666666666666665,0.0,0
PRV56067,3,0,3,1310,436.6666666666667,800,398.7898360456712,3,1,0.0,70.66666666666667,1.3333333333333333,0.0,0.0,1.0,3.0,0.0,0
PRV56068,41,0,41,15780,384.8780487804878,3300,843.4723526921896,38,1,1.0731707317073171,78.41463414634147,2.317073170731707,0.0,70.0,1.0789473684210527,41.0,0.0,0
PRV56071,3,0,3,270,90.0,200,96.43650760992955,3,1,0.0,76.0,2.0,0.0,0.0,1.0,3.0,0.0,0
PRV56072,1,0,1,80,80.0,80,0.0,1,1,0.0,74.0,1.0,0.0,0.0,1.0,1.0,0.0,0
PRV56073,12,0,12,2440,203.33333333333334,1200,336.92009663294283,12,1,0.0,83.08333333333333,2.25,0.0,0.0,1.0,12.0,0.0,0
PRV56075,12,0,12,3020,251.66666666666666,1700,504.9002301685378,12,1,0.08333333333333333,64.83333333333333,1.9166666666666667,0.0,0.0,1.0,12.0,0.0,0
PRV56076,3,0,3,520,173.33333333333334,400,197.3153144926499,3,1,0.0,75.0,3.0,0.0,0.0,1.0,3.0,0.0,0
PRV56077,7,0,7,2450,350.0,1900,690.4105059069326,7,1,5.714285714285714,70.42857142857143,3.142857142857143,0.0,0.0,1.0,7.0,0.0,0
PRV56078,4,0,4,510,127.5,400,187.149672722129,4,2,0.0,70.25,2.5,0.0,0.0,1.0,2.0,0.0,0
PRV56080,5,0,5,250,50.0,100,35.35533905932738,5,2,0.0,78.4,2.2,0.0,0.0,1.0,2.5,0.0,0
PRV56083,3,0,3,3570,1190.0,3300,1828.4693051839836,3,2,0.0,78.66666666666667,1.6666666666666667,0.0,0.0,1.0,1.5,0.0,0
PRV56084,1,0,1,50,50.0,50,0.0,1,1,0.0,75.0,2.0,0.0,0.0,1.0,1.0,0.0,0
PRV56086,16,0,16,4280,267.5,2300,558.7664986378478,14,1,0.25,72.75,1.5625,0.0,90.0,1.1428571428571428,16.0,0.0,0
PRV56087,1,0,1,300,300.0,300,0.0,1,1,0.0,92.0,1.0,0.0,0.0,1.0,1.0,0.0,0
PRV56088,85,0,85,25150,295.88235294117646,3300,541.370162329865,74,4,2.823529411764706,76.89411764705882,2.788235294117647,0.0,310.0,1.1486486486486487,21.25,0.0,0
PRV56089,1,0,1,10,10.0,10,0.0,1,1,0.0,69.0,2.0,0.0,0.0,1.0,1.0,0.0,0
PRV56090,12,0,12,1580,131.66666666666666,500,157.70129032350044,11,5,1.6666666666666667,73.08333333333333,2.25,0.0,0.0,1.0909090909090908,2.4,0.0,0
PRV56091,1,0,1,200,200.0,200,0.0,1,1,0.0,89.0,2.0,0.0,0.0,1.0,1.0,0.0,0
PRV56092,5,0,5,4330,866.0,3000,1259.0393163043004,4,2,0.2,78.4,5.0,0.0,0.0,1.25,2.5,0.0,0
PRV56093,7,0,7,2070,295.7142857142857,1400,498.45953171938123,7,4,5.714285714285714,83.85714285714286,2.5714285714285716,0.0,0.0,1.0,1.75,0.0,0
PRV56094,25,0,25,7510,300.4,3300,655.4990465286734,24,1,3.56,71.64,3.44,0.0,140.0,1.0416666666666667,25.0,0.0,0
PRV56095,11,0,11,4910,446.3636363636364,3200,938.6615228853553,10,1,1.8181818181818181,79.9090909090909,4.2727272727272725,0.0,0.0,1.1,11.0,0.0,0
PRV56098,21,0,21,2840,135.23809523809524,1000,216.60145538797855,18,1,1.0,78.23809523809524,2.5714285714285716,0.0,90.0,1.1666666666666667,21.0,0.0,0
PRV56099,3,0,3,630,210.0,500,251.5949125081825,3,1,0.3333333333333333,74.66666666666667,1.0,0.0,0.0,1.0,3.0,0.0,0
PRV56101,5,0,5,5620,1124.0,2900,1229.1785875128155,5,1,4.0,72.4,2.6,0.0,60.0,1.0,5.0,0.0,0
PRV56102,36,8,28,86790,2410.8333333333335,18000,4647.282692990758,35,5,2.1944444444444446,71.66666666666667,3.5,0.1388888888888889,8544.0,1.0285714285714285,7.2,0.2222222222222222,0
PRV56103,116,68,48,691860,5964.310344827586,57000,8419.497994343941,89,4,4.586206896551724,74.25862068965517,6.0,0.5258620689655172,69420.0,1.303370786516854,29.0,0.5862068965517241,1
PRV56104,483,0,483,116260,240.703933747412,3300,502.52012338172165,232,4,1.0331262939958592,75.73706004140787,2.6542443064182195,0.0,1190.0,2.081896551724138,120.75,0.0,1
PRV56105,32,29,3,264570,8267.8125,33000,7642.911003594832,29,6,5.3125,74.6875,7.34375,0.4375,28836.0,1.103448275862069,5.333333333333333,0.90625,0
PRV56106,2,2,0,10000,5000.0,7000,2828.42712474619,2,1,3.5,74.5,9.5,0.5,1068.0,1.0,2.0,1.0,0
PRV56108,15,0,15,7360,490.6666666666667,2700,794.8177389158084,11,1,1.0666666666666667,78.0,1.9333333333333333,0.0,0.0,1.3636363636363635,15.0,0.0,0
PRV56109,12,0,12,2320,193.33333333333334,600,231.72606607149248,11,1,0.08333333333333333,69.08333333333333,2.0833333333333335,0.0,0.0,1.0909090909090908,12.0,0.0,0
PRV56111,93,0,93,20060,215.69892473118279,3300,461.6496833179103,50,1,1.7956989247311828,76.64516129032258,3.0,0.0,220.0,1.86,93.0,0.0,0
PRV56113,45,0,45,16260,361.3333333333333,2800,714.7141831783973,30,2,2.6444444444444444,69.91111111111111,2.7555555555555555,0.0,0.0,1.5,22.5,0.0,0
PRV56114,41,0,41,13180,321.4634146341463,2900,635.1045621612623,26,2,1.6341463414634145,76.85365853658537,2.8048780487804876,0.0,50.0,1.5769230769230769,20.5,0.0,0
PRV56115,2,0,2,290,145.0,200,77.78174593052023,2,2,0.0,75.0,4.0,0.0,0.0,1.0,1.0,0.0,0
PRV56116,35,0,35,9790,279.7142857142857,3300,580.2356808902322,34,22,1.457142857142857,79.0,2.342857142857143,0.0,70.0,1.0294117647058822,1.5909090909090908,0.0,0
PRV56117,14,0,14,1420,101.42857142857143,400,102.49631459469411,12,2,0.07142857142857142,76.07142857142857,1.9285714285714286,0.0,0.0,1.1666666666666667,7.0,0.0,0
PRV56118,14,14,0,116000,8285.714285714286,25000,6094.49400220044,14,1,7.5,74.28571428571429,8.142857142857142,0.5714285714285714,13884.0,1.0,14.0,1.0,0
PRV56119,11,11,0,120000,10909.09090909091,21000,7105.695538855369,11,2,5.636363636363637,77.63636363636364,7.818181818181818,0.8181818181818182,11748.0,1.0,5.5,1.0,0
PRV56120,4,4,0,36000,9000.0,21000,8164.96580927726,4,1,5.0,67.75,7.75,1.0,4272.0,1.0,4.0,1.0,0
PRV56121,16,16,0,229000,14312.5,57000,17164.765266867667,16,3,8.6875,76.125,8.9375,0.875,17088.0,1.0,5.333333333333333,1.0,0
PRV56122,3,3,0,20000,6666.666666666667,11000,4041.4518843273804,3,1,5.666666666666667,82.66666666666667,7.666666666666667,0.6666666666666666,2136.0,1.0,3.0,1.0,0
PRV56123,40,40,0,498000,12450.0,57000,12514.504405401776,38,2,5.05,74.7,8.325,0.825,41652.0,1.0526315789473684,20.0,1.0,0
PRV56124,6,6,0,84000,14000.0,57000,21260.291625469297,6,2,3.6666666666666665,71.83333333333333,9.0,0.5,6408.0,1.0,3.0,1.0,0
PRV56125,7,7,0,45000,6428.571428571428,9000,2760.262237369417,7,2,4.285714285714286,74.85714285714286,8.428571428571429,0.5714285714285714,7476.0,1.0,3.5,1.0,0
PRV56126,6,6,0,31000,5166.666666666667,8000,2857.738033247041,6,2,4.5,73.66666666666667,8.333333333333334,0.8333333333333334,6408.0,1.0,3.0,1.0,0
PRV56129,23,23,0,256000,11130.434782608696,43000,11278.718285603552,21,1,5.565217391304348,72.04347826086956,7.869565217391305,0.7391304347826086,24564.0,1.0952380952380953,23.0,1.0,0
PRV56130,17,17,0,120000,7058.823529411765,25000,6932.447153019759,16,1,3.7058823529411766,78.41176470588235,8.294117647058824,0.5294117647058824,18156.0,1.0625,17.0,1.0,0
PRV56131,15,15,0,141000,9400.0,19000,5165.821743509379,13,3,4.533333333333333,75.33333333333333,8.533333333333333,1.0,16020.0,1.1538461538461537,5.0,1.0,0
PRV56133,15,15,0,144000,9600.0,27000,6769.680304753794,14,1,4.933333333333334,68.13333333333334,7.666666666666667,0.6,16020.0,1.0714285714285714,15.0,1.0,0
PRV56134,62,62,0,768000,12387.09677419355,77000,14321.089388352055,58,1,5.919354838709677,73.61290322580645,8.14516129032258,0.7741935483870968,66216.0,1.0689655172413792,62.0,1.0,1
PRV56135,22,3,19,57230,2601.3636363636365,36000,7667.390004461721,16,4,3.3636363636363638,76.18181818181819,3.1818181818181817,0.13636363636363635,2136.0,1.375,5.5,0.13636363636363635,0
PRV56136,8,1,7,7120,890.0,6000,2073.230743136353,8,6,0.375,65.375,3.125,0.125,1068.0,1.0,1.3333333333333333,0.125,0
PRV56137,48,0,48,16150,336.4583333333333,3300,647.014385657867,30,14,2.25,69.75,2.6041666666666665,0.0,120.0,1.6,3.4285714285714284,0.0,0
PRV56138,36,0,36,13160,365.55555555555554,2500,604.1780458698503,22,17,2.0,70.88888888888889,2.861111111111111,0.0,460.0,1.6363636363636365,2.1176470588235294,0.0,0
PRV56139,21,3,18,45010,2143.3333333333335,17000,4494.745079905349,14,6,2.0,78.04761904761905,3.238095238095238,0.047619047619047616,3204.0,1.5,3.5,0.14285714285714285,0
PRV56140,31,16,15,130600,4212.903225806452,31000,7431.871990980643,30,16,3.6774193548387095,71.54838709677419,4.903225806451613,0.2903225806451613,17088.0,1.0333333333333334,1.9375,0.5161290322580645,0
PRV56141,39,0,39,14540,372.8205128205128,3300,764.6118682323963,28,7,0.9487179487179487,70.05128205128206,2.7435897435897436,0.0,40.0,1.3928571428571428,5.571428571428571,0.0,0
PRV56142,53,5,48,131590,2482.830188679245,57000,8753.727640566902,51,29,2.641509433962264,72.39622641509433,3.1132075471698113,0.1320754716981132,5450.0,1.0392156862745099,1.8275862068965518,0.09433962264150944,0
PRV56143,29,0,29,5220,180.0,1900,415.81245772583577,24,6,0.034482758620689655,70.86206896551724,2.7586206896551726,0.0,50.0,1.2083333333333333,4.833333333333333,0.0,0
PRV56145,52,0,52,22650,435.5769230769231,3300,798.2810293436484,40,3,1.6538461538461537,72.34615384615384,2.2884615384615383,0.0,210.0,1.3,17.333333333333332,0.0,0
PRV56146,21,0,21,11600,552.3809523809524,3300,830.0536414106305,14,4,1.9047619047619047,70.52380952380952,2.3333333333333335,0.0,0.0,1.5,5.25,0.0,0
PRV56147,8,2,6,18470,2308.75,14000,4920.169676226334,8,6,2.75,75.5,4.5,0.25,2136.0,1.0,1.3333333333333333,0.25,0
PRV56148,143,0,143,23950,167.4825174825175,2800,332.5815975943443,70,8,0.951048951048951,72.83916083916084,2.734265734265734,0.0,210.0,2.0428571428571427,17.875,0.0,0
PRV56149,27,0,27,6130,227.03703703703704,3300,635.7600830430321,16,18,0.037037037037037035,73.4074074074074,2.3703703703703702,0.0,120.0,1.6875,1.5,0.0,0
PRV56151,87,0,87,17780,204.367816091954,2700,406.24686374295743,42,4,0.7471264367816092,73.08045977011494,2.0919540229885056,0.0,110.0,2.0714285714285716,21.75,0.0,0
PRV56152,18,0,18,6620,367.77777777777777,3300,750.5179039723214,15,9,1.2777777777777777,72.83333333333333,2.388888888888889,0.0,20.0,1.2,2.0,0.0,0
PRV56153,9,0,9,1410,156.66666666666666,900,284.7806173179628,9,6,0.0,70.55555555555556,2.111111111111111,0.0,0.0,1.0,1.5,0.0,0
PRV56154,19,0,19,4350,228.94736842105263,1000,305.08459185467643,19,6,3.473684210526316,71.94736842105263,2.526315789473684,0.0,0.0,1.0,3.1666666666666665,0.0,0
PRV56156,69,5,64,46620,675.6521739130435,12000,1977.091207290077,46,16,1.5072463768115942,71.01449275362319,2.927536231884058,0.0,5490.0,1.5,4.3125,0.07246376811594203,0
PRV56157,38,0,38,13840,364.2105263157895,3300,763.8474149983854,32,5,0.10526315789473684,72.34210526315789,2.6052631578947367,0.0,0.0,1.1875,7.6,0.0,0
PRV56158,38,0,38,5930,156.05263157894737,1000,225.5268842808506,24,16,0.2631578947368421,71.73684210526316,2.0789473684210527,0.0,40.0,1.5833333333333333,2.375,0.0,0
PRV56159,30,0,30,7160,238.66666666666666,1200,302.8910505540682,29,2,1.0666666666666667,75.1,2.2333333333333334,0.0,350.0,1.0344827586206897,15.0,0.0,0
PRV56161,47,13,34,105640,2247.659574468085,14000,4179.034220011354,37,15,2.617021276595745,73.80851063829788,3.74468085106383,0.14893617021276595,13186.0,1.2702702702702702,3.1333333333333333,0.2765957446808511,1
PRV56163,7,0,7,3180,454.2857142857143,2700,994.18068684482,6,5,0.14285714285714285,65.42857142857143,2.5714285714285716,0.0,80.0,1.1666666666666667,1.4,0.0,0
PRV56164,27,0,27,5570,206.2962962962963,1700,342.71706370559633,27,22,0.5185185185185185,71.22222222222223,2.6666666666666665,0.0,0.0,1.0,1.2272727272727273,0.0,0
PRV56165,19,0,19,12810,674.2105263157895,3300,873.4371171760556,13,5,2.6842105263157894,68.94736842105263,1.9473684210526316,0.0,50.0,1.4615384615384615,3.8,0.0,0
PRV56166,8,2,6,8720,1090.0,4000,1802.9895808271963,8,7,0.5,78.0,3.625,0.0,2136.0,1.0,1.1428571428571428,0.25,0
PRV56168,1,0,1,20,20.0,20,0.0,1,1,0.0,69.0,6.0,0.0,0.0,1.0,1.0,0.0,0
PRV56169,22,0,22,7350,334.09090909090907,1700,528.2194627858773,17,19,0.8181818181818182,77.9090909090909,3.0,0.0,0.0,1.2941176470588236,1.1578947368421053,0.0,0
PRV56170,18,8,10,73370,4076.1111111111113,14000,5242.927043830393,16,11,2.8333333333333335,71.33333333333333,4.777777777777778,0.2777777777777778,8544.0,1.125,1.6363636363636365,0.4444444444444444,0
PRV56171,15,0,15,1140,76.0,200,46.105469151872704,12,4,2.7333333333333334,65.86666666666666,2.2666666666666666,0.0,10.0,1.25,3.75,0.0,0
PRV56172,11,3,8,31140,2830.909090909091,17000,4895.468219783384,11,8,4.363636363636363,61.72727272727273,3.727272727272727,0.09090909090909091,3204.0,1.0,1.375,0.2727272727272727,0
PRV56173,44,6,38,106720,2425.4545454545455,41000,7288.636729181862,37,26,3.3181818181818183,70.56818181818181,3.272727272727273,0.1590909090909091,6568.0,1.1891891891891893,1.6923076923076923,0.13636363636363635,0
PRV56174,10,1,9,3550,355.0,3000,929.8775307653273,10,7,3.4,66.4,2.7,0.2,1068.0,1.0,1.4285714285714286,0.1,0
PRV56176,21,0,21,7960,379.04761904761904,3300,762.868958353299,15,5,2.857142857142857,72.42857142857143,3.7142857142857144,0.0,250.0,1.4,4.2,0.0,0
PRV56177,18,0,18,2600,144.44444444444446,1000,246.05647898332853,10,6,1.1666666666666667,70.5,2.888888888888889,0.0,80.0,1.8,3.0,0.0,0
PRV56179,8,1,7,9950,1243.75,8000,2738.5185645840397,8,3,6.875,63.875,4.625,0.125,1068.0,1.0,2.6666666666666665,0.125,0
PRV56181,12,0,12,4550,379.1666666666667,2000,620.6075957308192,9,1,1.6666666666666667,68.33333333333333,2.4166666666666665,0.0,0.0,1.3333333333333333,12.0,0.0,0
PRV56182,51,0,51,13590,266.47058823529414,3300,595.98598483324,44,6,2.3137254901960786,72.27450980392157,2.5686274509803924,0.0,170.0,1.1590909090909092,8.5,0.0,0
PRV56183,23,0,23,4240,184.34782608695653,1400,299.99736494231416,19,4,1.9565217391304348,70.26086956521739,3.0,0.0,0.0,1.2105263157894737,5.75,0.0,0
PRV56184,18,0,18,2730,151.66666666666666,1000,234.62736413300132,9,5,1.6666666666666667,63.77777777777778,2.2777777777777777,0.0,130.0,2.0,3.6,0.0,0
PRV56185,7,0,7,530,75.71428571428571,200,64.51282633635549,7,2,2.857142857142857,65.57142857142857,2.0,0.0,100.0,1.0,3.5,0.0,0
PRV56186,12,0,12,2660,221.66666666666666,1200,346.7467856135559,10,2,0.9166666666666666,60.416666666666664,1.75,0.0,0.0,1.2,6.0,0.0,0
PRV56187,18,0,18,4970,276.1111111111111,2100,471.0706065335315,14,2,1.6666666666666667,71.77777777777777,3.0555555555555554,0.0,110.0,1.2857142857142858,9.0,0.0,0
PRV56189,6,0,6,960,160.0,700,266.15784790233033,5,2,0.0,66.66666666666667,2.8333333333333335,0.0,0.0,1.2,3.0,0.0,0
PRV56190,6,0,6,790,131.66666666666666,300,98.06460455570434,4,2,0.0,72.5,2.3333333333333335,0.0,60.0,1.5,3.0,0.0,0
PRV56191,62,0,62,20710,334.03225806451616,3300,673.5627313329613,37,4,1.967741935483871,68.66129032258064,2.5483870967741935,0.0,400.0,1.6756756756756757,15.5,0.0,0
PRV56193,14,0,14,4880,348.57142857142856,3300,858.225872571812,12,4,0.0,74.78571428571429,1.8571428571428572,0.0,100.0,1.1666666666666667,3.5,0.0,0
PRV56194,8,0,8,2170,271.25,1800,618.626069840024,5,3,0.375,64.875,3.125,0.0,0.0,1.6,2.6666666666666665,0.0,0
PRV56196,6,0,6,740,123.33333333333333,400,152.53414918196734,6,3,1.8333333333333333,76.5,2.1666666666666665,0.0,0.0,1.0,2.0,0.0,0
PRV56198,21,0,21,6500,309.5238095238095,1800,464.3002928114109,12,2,0.0,68.57142857142857,2.9523809523809526,0.0,0.0,1.75,10.5,0.0,0
PRV56199,16,0,16,2600,162.5,1300,326.9556544854363,13,1,1.3125,69.8125,2.1875,0.0,0.0,1.2307692307692308,16.0,0.0,0
PRV56200,58,0,58,12600,217.24137931034483,3300,480.6603392901116,41,3,1.603448275862069,72.87931034482759,2.3620689655172415,0.0,0.0,1.4146341463414633,19.333333333333332,0.0,0
PRV56201,3,0,3,120,40.0,80,40.0,2,1,0.0,83.33333333333333,2.3333333333333335,0.0,0.0,1.5,3.0,0.0,0
PRV56202,1,1,0,10000,10000.0,10000,0.0,1,1,3.0,85.0,6.0,1.0,1068.0,1.0,1.0,1.0,0
PRV56206,31,0,31,6240,201.29032258064515,3200,573.5895276559355,30,19,2.064516129032258,73.03225806451613,2.4516129032258065,0.0,80.0,1.0333333333333334,1.631578947368421,0.0,0
PRV56207,95,3,92,89520,942.3157894736842,56000,5826.444566130777,92,47,1.4526315789473685,76.18947368421053,2.5894736842105264,0.042105263157894736,3584.0,1.0326086956521738,2.021276595744681,0.031578947368421054,0
PRV56208,67,0,67,25610,382.23880597014926,3300,741.3620162089103,66,26,1.507462686567164,73.01492537313433,2.7313432835820897,0.0,0.0,1.0151515151515151,2.576923076923077,0.0,0
PRV56209,189,0,189,57370,303.5449735449736,3300,631.9773295309648,186,114,1.5396825396825398,75.07407407407408,2.544973544973545,0.0,330.0,1.0161290322580645,1.6578947368421053,0.0,0
PRV56210,150,31,119,254720,1698.1333333333334,19000,3602.4146239768825,144,40,1.5466666666666666,74.02666666666667,3.62,0.15333333333333332,33378.0,1.0416666666666667,3.75,0.20666666666666667,0
PRV56211,83,0,83,23700,285.5421686746988,2300,501.51296219429656,83,60,2.0481927710843375,73.06024096385542,2.5783132530120483,0.0,410.0,1.0,1.3833333333333333,0.0,0
PRV56212,17,0,17,5360,315.29411764705884,3300,775.0977167997821,17,14,4.411764705882353,71.11764705882354,2.588235294117647,0.0,0.0,1.0,1.2142857142857142,0.0,0
PRV56213,643,0,643,161060,250.48211508553655,3300,498.6298212774386,355,21,1.5303265940902022,73.76671850699844,2.4650077760497666,0.0015552099533437014,1830.0,1.8112676056338028,30.61904761904762,0.0,0
PRV56214,3,0,3,710,236.66666666666666,600,317.8574103797697,3,2,0.3333333333333333,69.33333333333333,3.0,0.0,0.0,1.0,1.5,0.0,0
PRV56216,481,0,481,157910,328.2952182952183,12000,828.3696362924309,352,60,1.3846153846153846,73.49064449064448,2.6091476091476093,0.0,1570.0,1.3664772727272727,8.016666666666667,0.0,0
PRV56217,45,0,45,9920,220.44444444444446,1300,325.4783581379284,37,27,0.5333333333333333,75.13333333333334,2.933333333333333,0.0,0.0,1.2162162162162162,1.6666666666666667,0.0,0
PRV56218,118,6,112,59160,501.35593220338984,8000,1372.7537457929009,103,49,1.9830508474576272,73.12711864406779,2.5338983050847457,0.05084745762711865,6618.0,1.145631067961165,2.4081632653061225,0.05084745762711865,0
PRV56219,277,4,273,116970,422.27436823104694,20000,1544.9422707989775,98,6,1.2346570397111913,73.06137184115524,2.6137184115523464,0.0,3744.0,2.826530612244898,46.166666666666664,0.01444043321299639,0
PRV56220,15,3,12,18610,1240.6666666666667,7000,2340.2608727193115,14,11,1.8666666666666667,68.6,3.3333333333333335,0.26666666666666666,3204.0,1.0714285714285714,1.3636363636363635,0.2,0
PRV56221,305,18,287,228340,748.655737704918,48000,3175.9516543390378,213,49,1.2819672131147541,71.59016393442623,2.9245901639344263,0.03278688524590164,19684.0,1.431924882629108,6.224489795918367,0.05901639344262295,0
PRV56222,101,0,101,24770,245.24752475247524,3300,556.1988746112418,72,7,1.9504950495049505,71.29702970297029,2.504950495049505,0.0,370.0,1.4027777777777777,14.428571428571429,0.0,0
PRV56224,111,4,107,68950,621.1711711711712,14000,1692.2737467887496,101,64,1.5225225225225225,72.21621621621621,2.7567567567567566,0.0,4552.0,1.099009900990099,1.734375,0.036036036036036036,0
PRV56225,588,50,538,761100,1294.3877551020407,74000,5318.260862572567,312,9,1.9285714285714286,73.25,3.011904761904762,0.05102040816326531,53522.0,1.8846153846153846,65.33333333333333,0.08503401360544217,1
PRV56227,26,1,25,8820,339.2307692307692,4000,802.1616948068418,24,13,1.8076923076923077,74.0,3.076923076923077,0.0,1088.0,1.0833333333333333,2.0,0.038461538461538464,0
PRV56228,262,0,262,65670,250.64885496183206,3300,578.8024024244575,149,48,1.6908396946564885,70.71374045801527,2.877862595419847,0.0,710.0,1.7583892617449663,5.458333333333333,0.0,0
PRV56229,13,0,13,4440,341.53846153846155,3300,892.0841342407691,12,5,0.0,69.0,2.5384615384615383,0.0,0.0,1.0833333333333333,2.6,0.0,0
PRV56231,270,32,238,408720,1513.7777777777778,57000,5583.066320715862,198,23,1.3222222222222222,71.42962962962963,3.2444444444444445,0.08888888888888889,34776.0,1.3636363636363635,11.73913043478261,0.11851851851851852,1
PRV56232,35,0,35,9780,279.42857142857144,1900,411.26735870493593,34,27,1.0285714285714285,72.31428571428572,2.657142857142857,0.0,0.0,1.0294117647058822,1.2962962962962963,0.0,0
PRV56233,98,0,98,32890,335.61224489795916,3000,600.8054153093259,42,3,2.6122448979591835,75.60204081632654,2.877551020408163,0.01020408163265306,110.0,2.3333333333333335,32.666666666666664,0.0,0
PRV56234,70,0,70,21720,310.2857142857143,2400,511.18779392951654,56,32,2.142857142857143,73.11428571428571,2.9571428571428573,0.0,80.0,1.25,2.1875,0.0,0
PRV56235,171,14,157,178900,1046.1988304093568,41000,3816.2686035382217,153,76,1.8128654970760234,73.02923976608187,3.5146198830409356,0.07017543859649122,15822.0,1.1176470588235294,2.25,0.08187134502923976,0
PRV56236,36,7,29,56080,1557.7777777777778,13000,3075.687250598159,35,28,1.6944444444444444,73.38888888888889,3.888888888888889,0.16666666666666666,7486.0,1.0285714285714285,1.2857142857142858,0.19444444444444445,0
PRV56237,198,0,198,35030,176.91919191919192,1600,265.9397732195288,131,22,1.0,72.88383838383838,2.5707070707070705,0.0,600.0,1.5114503816793894,9.0,0.0,0
PRV56238,31,4,27,73690,2377.0967741935483,42000,7805.701417787892,30,14,1.096774193548387,74.0,4.064516129032258,0.12903225806451613,4362.0,1.0333333333333334,2.2142857142857144,0.12903225806451613,0
PRV56239,125,0,125,54830,438.64,3300,770.2275993748274,55,6,2.696,67.944,2.48,0.0,340.0,2.272727272727273,20.833333333333332,0.0,0
PRV56241,140,0,140,31640,226.0,2600,420.07673159990026,98,67,0.7642857142857142,71.83571428571429,2.857142857142857,0.0,130.0,1.4285714285714286,2.08955223880597,0.0,0
PRV56242,136,1,135,50420,370.7352941176471,7000,771.318863162975,75,12,2.0220588235294117,73.20588235294117,2.6470588235294117,0.014705882352941176,1228.0,1.8133333333333332,11.333333333333334,0.007352941176470588,0
PRV56243,909,78,831,922780,1015.1595159515952,50000,3360.218536701813,604,122,1.6413641364136413,72.43344334433444,3.0935093509350935,0.06820682068206821,81274.0,1.5049668874172186,7.450819672131147,0.0858085808580858,0
PRV56245,76,0,76,13720,180.52631578947367,1700,300.869383561891,44,7,1.263157894736842,67.34210526315789,2.3947368421052633,0.0,130.0,1.7272727272727273,10.857142857142858,0.0,0
PRV56247,26,2,24,20410,785.0,9000,1853.3499399735606,21,10,1.9230769230769231,71.92307692307692,2.769230769230769,0.038461538461538464,2256.0,1.2380952380952381,2.6,0.07692307692307693,0
PRV56248,934,0,934,283190,303.2012847965739,3300,601.7271747906357,477,10,1.335117773019272,71.90256959314775,2.565310492505353,0.0,2290.0,1.9580712788259957,93.4,0.0,0
PRV56249,1110,56,1054,875110,788.3873873873874,46000,3047.5180241773287,666,33,1.6063063063063063,71.54324324324324,2.89009009009009,0.04054054054054054,61740.0,1.6666666666666667,33.63636363636363,0.05045045045045045,1
PRV56251,30,0,30,8950,298.3333333333333,3100,642.5063173355511,16,9,0.8333333333333334,72.6,3.3,0.0,0.0,1.875,3.3333333333333335,0.0,0
PRV56252,18,0,18,5210,289.44444444444446,3300,763.8638023212856,18,13,1.6666666666666667,69.72222222222223,2.3333333333333335,0.0,0.0,1.0,1.3846153846153846,0.0,0
PRV56253,311,63,248,636680,2047.2025723472668,51000,5106.9788639563185,228,28,2.102893890675241,72.36012861736334,3.864951768488746,0.1157556270096463,68064.0,1.3640350877192982,11.107142857142858,0.20257234726688103,1
PRV56255,102,0,102,38510,377.54901960784315,3300,704.5628323308006,68,13,1.4509803921568627,74.43137254901961,2.7450980392156863,0.0,360.0,1.5,7.846153846153846,0.0,0
PRV56256,55,11,44,90650,1648.1818181818182,14000,3503.235589559972,53,17,1.6545454545454545,73.52727272727273,3.4363636363636365,0.16363636363636364,11758.0,1.0377358490566038,3.235294117647059,0.2,0
PRV56257,52,17,35,157440,3027.6923076923076,34000,6053.405981916336,48,19,3.0,73.78846153846153,3.5961538461538463,0.2692307692307692,18256.0,1.0833333333333333,2.736842105263158,0.3269230769230769,1
PRV56258,70,0,70,26130,373.2857142857143,3300,769.8234720075961,70,46,1.0714285714285714,74.45714285714286,2.642857142857143,0.0,170.0,1.0,1.5217391304347827,0.0,0
PRV56259,196,16,180,160020,816.4285714285714,24000,2394.3301616687954,188,110,1.7908163265306123,71.53061224489795,3.2193877551020407,0.05102040816326531,17508.0,1.0425531914893618,1.7818181818181817,0.08163265306122448,1
PRV56260,59,55,4,550510,9330.677966101695,55000,9918.160783408415,53,9,4.11864406779661,72.88135593220339,8.033898305084746,0.7288135593220338,57672.0,1.1132075471698113,6.555555555555555,0.9322033898305084,0
PRV56261,69,0,69,24690,357.82608695652175,3300,773.4621736163608,47,11,0.5652173913043478,73.3623188405797,2.6666666666666665,0.0,500.0,1.4680851063829787,6.2727272727272725,0.0,0
PRV56262,15,0,15,3480,232.0,1000,283.78059935701833,15,9,0.9333333333333333,71.0,2.3333333333333335,0.0,40.0,1.0,1.6666666666666667,0.0,0
PRV56263,18,2,16,22940,1274.4444444444443,13000,3345.0283076657165,17,11,0.8333333333333334,78.88888888888889,3.3333333333333335,0.05555555555555555,2336.0,1.0588235294117647,1.6363636363636365,0.1111111111111111,0
PRV56264,51,19,32,172050,3373.529411764706,54000,8213.132367989552,45,27,3.607843137254902,72.70588235294117,4.196078431372549,0.21568627450980393,19294.0,1.1333333333333333,1.8888888888888888,0.37254901960784315,0
PRV56265,126,20,106,211760,1680.6349206349207,32000,4551.053283982818,54,17,1.3650793650793651,69.63492063492063,3.1825396825396823,0.1349206349206349,21930.0,2.3333333333333335,7.411764705882353,0.15873015873015872,0
PRV56266,30,0,30,9640,321.3333333333333,3000,656.3836837017546,26,21,1.4333333333333333,68.53333333333333,2.566666666666667,0.0,40.0,1.1538461538461537,1.4285714285714286,0.0,0
PRV56267,4,0,4,350,87.5,100,25.0,4,3,0.0,68.75,3.5,0.0,60.0,1.0,1.3333333333333333,0.0,0
PRV56268,1113,61,1052,940670,845.1662174303684,47000,3326.3938488991926,873,299,1.669362084456424,72.92093441150045,2.881401617250674,0.0431266846361186,67482.0,1.274914089347079,3.722408026755853,0.05480682839173405,1
PRV56269,17,8,9,83230,4895.882352941177,22000,7135.188381205791,16,13,2.176470588235294,75.76470588235294,6.117647058823529,0.29411764705882354,8644.0,1.0625,1.3076923076923077,0.47058823529411764,0
PRV56270,1043,0,1043,289970,278.01534036433367,3300,549.3106758241898,485,44,1.180249280920422,71.5397890699904,2.642377756471716,0.0,2610.0,2.1505154639175257,23.704545454545453,0.0,0
PRV56271,93,1,92,36760,395.26881720430106,6000,855.6279049531144,65,17,1.2903225806451613,67.45161290322581,2.838709677419355,0.010752688172043012,1528.0,1.4307692307692308,5.470588235294118,0.010752688172043012,0
PRV56272,22,0,22,5450,247.72727272727272,3100,667.0827164972501,14,6,1.6818181818181819,73.9090909090909,2.8181818181818183,0.0,190.0,1.5714285714285714,3.6666666666666665,0.0,0
PRV56274,8,4,4,23980,2997.5,12000,4242.1886197709655,8,7,2.875,69.875,5.625,0.25,4272.0,1.0,1.1428571428571428,0.5,0
PRV56275,80,0,80,24690,308.625,3200,588.1482284319108,34,1,0.5875,73.225,2.4875,0.025,250.0,2.3529411764705883,80.0,0.0,0
PRV56276,7,1,6,13390,1912.857142857143,13000,4889.477525890725,7,3,3.857142857142857,72.14285714285714,2.5714285714285716,0.14285714285714285,0.0,1.0,2.3333333333333335,0.14285714285714285,0
PRV56277,19,0,19,5470,287.89473684210526,2500,570.151821373224,17,5,2.3157894736842106,76.21052631578948,2.473684210526316,0.0,0.0,1.1176470588235294,3.8,0.0,0
PRV56278,27,0,27,20910,774.4444444444445,3300,1108.9785089591833,18,3,2.259259259259259,71.77777777777777,3.111111111111111,0.0,0.0,1.5,9.0,0.0,0
PRV56279,53,0,53,17770,335.2830188679245,3300,712.2218857306958,29,2,2.056603773584906,71.41509433962264,2.452830188679245,0.0,100.0,1.8275862068965518,26.5,0.0,0
PRV56280,39,0,39,8450,216.66666666666666,2300,488.9372650175143,32,6,0.2564102564102564,68.56410256410257,2.41025641025641,0.0,90.0,1.21875,6.5,0.0,0
PRV56281,54,0,54,24130,446.85185185185185,3300,816.0600793506037,24,2,2.259259259259259,71.0,3.259259259259259,0.0,210.0,2.25,27.0,0.0,0
PRV56282,4,0,4,500,125.0,200,92.55628917943214,4,2,0.25,82.0,3.0,0.0,0.0,1.0,2.0,0.0,0
PRV56283,3,0,3,2320,773.3333333333334,2200,1236.1769021193259,3,1,6.666666666666667,69.66666666666667,2.3333333333333335,0.0,0.0,1.0,3.0,0.0,0
PRV56284,67,0,67,23090,344.6268656716418,3300,712.3251052931773,37,3,1.4179104477611941,72.05970149253731,2.611940298507463,0.0,110.0,1.8108108108108107,22.333333333333332,0.0,0
PRV56285,13,13,0,140000,10769.23076923077,50000,12262.095023240294,12,2,7.230769230769231,75.0,8.692307692307692,0.9230769230769231,13884.0,1.0833333333333333,6.5,1.0,0
PRV56286,1,1,0,23000,23000.0,23000,0.0,1,1,15.0,73.0,10.0,1.0,1068.0,1.0,1.0,1.0,0
PRV56287,107,0,107,28680,268.0373831775701,3300,595.1699285685836,83,1,1.1495327102803738,74.03738317757009,2.560747663551402,0.0,310.0,1.2891566265060241,107.0,0.0,0
PRV56288,2,2,0,24000,12000.0,15000,4242.640687119285,2,2,2.5,64.0,9.5,1.0,2136.0,1.0,1.0,1.0,0
PRV56289,5,5,0,28000,5600.0,10000,2880.972058177587,5,4,4.0,65.8,8.4,0.4,5340.0,1.0,1.25,1.0,0
PRV56290,23,0,23,11560,502.60869565217394,3300,945.3629288234629,16,3,2.739130434782609,77.6086956521739,2.9565217391304346,0.0,10.0,1.4375,7.666666666666667,0.0,0
PRV56291,36,0,36,13150,365.27777777777777,3300,742.2725187311544,26,2,3.1944444444444446,70.88888888888889,1.9166666666666667,0.0,0.0,1.3846153846153846,18.0,0.0,0
PRV56293,3,0,3,430,143.33333333333334,410,230.9401076758503,3,2,0.0,70.33333333333333,1.6666666666666667,0.0,0.0,1.0,1.5,0.0,0
PRV56295,4,0,4,1200,300.0,1100,533.3541662597816,4,1,0.0,71.75,2.0,0.0,0.0,1.0,4.0,0.0,0
PRV56297,28,0,28,7140,255.0,3300,639.2617269597449,23,3,2.2857142857142856,76.17857142857143,3.642857142857143,0.0,0.0,1.2173913043478262,9.333333333333334,0.0,0
PRV56299,5,0,5,320,64.0,200,78.29431652425353,5,1,0.0,75.0,3.0,0.0,0.0,1.0,5.0,0.0,0
PRV56300,8,0,8,990,123.75,400,135.42921187310893,5,1,2.5,77.375,2.0,0.0,100.0,1.6,8.0,0.0,0
PRV56301,3,0,3,1030,343.3333333333333,900,482.7352621606727,3,1,0.0,68.0,1.6666666666666667,0.0,0.0,1.0,3.0,0.0,0
PRV56302,4,0,4,1500,375.0,600,221.7355782608345,4,1,0.0,69.75,2.75,0.0,20.0,1.0,4.0,0.0,0
PRV56303,2,0,2,70,35.0,60,35.35533905932738,2,1,0.0,75.5,1.0,0.0,0.0,1.0,2.0,0.0,0
PRV56304,15,0,15,12660,844.0,6050,1620.5633940965452,13,2,1.5333333333333334,74.73333333333333,2.0,0.0,100.0,1.1538461538461537,7.5,0.0,0
PRV56305,29,0,29,4200,144.82758620689654,600,179.81380627223365,12,1,0.13793103448275862,75.75862068965517,2.6206896551724137,0.0,0.0,2.4166666666666665,29.0,0.0,0
PRV56306,7,0,7,1400,200.0,600,249.86663109213552,5,1,2.857142857142857,62.857142857142854,3.7142857142857144,0.0,80.0,1.4,7.0,0.0,0
PRV56307,12,0,12,1330,110.83333333333333,400,122.87897470374021,12,3,1.6666666666666667,70.5,2.3333333333333335,0.0,0.0,1.0,4.0,0.0,0
PRV56308,15,0,15,5030,335.3333333333333,1700,534.6409565128287,9,3,1.4666666666666666,73.73333333333333,1.6,0.0,0.0,1.6666666666666667,5.0,0.0,0
PRV56309,3,0,3,1320,440.0,1200,658.4831053261731,3,1,0.0,60.333333333333336,3.3333333333333335,0.0,0.0,1.0,3.0,0.0,0
PRV56310,1,0,1,80,80.0,80,0.0,1,1,0.0,75.0,1.0,0.0,0.0,1.0,1.0,0.0,0
PRV56311,19,0,19,7670,403.6842105263158,2000,654.728192342405,10,2,0.631578947368421,74.73684210526316,3.0526315789473686,0.0,100.0,1.9,9.5,0.0,0
PRV56313,3,0,3,100,33.333333333333336,70,32.145502536643185,3,1,0.0,69.0,3.0,0.0,0.0,1.0,3.0,0.0,0
PRV56314,8,0,8,3740,467.5,2200,727.515341026271,8,3,2.5,73.25,2.125,0.0,0.0,1.0,2.6666666666666665,0.0,0
PRV56316,6,0,6,4450,741.6666666666666,2200,824.7767374669746,5,3,3.6666666666666665,77.83333333333333,3.5,0.0,0.0,1.2,2.0,0.0,0
PRV56317,2,0,2,10,5.0,10,7.0710678118654755,2,2,0.0,82.0,3.5,0.0,0.0,1.0,1.0,0.0,0
PRV56318,1,0,1,200,200.0,200,0.0,1,1,0.0,83.0,6.0,0.0,0.0,1.0,1.0,0.0,0
PRV56319,13,0,13,6480,498.46153846153845,3300,912.449506857285,12,2,1.5384615384615385,77.38461538461539,2.3076923076923075,0.0,0.0,1.0833333333333333,6.5,0.0,0
PRV56321,7,0,7,3910,558.5714285714286,2600,966.2026801078638,6,2,0.0,71.71428571428571,2.4285714285714284,0.0,20.0,1.1666666666666667,3.5,0.0,0
PRV56322,37,0,37,6800,183.78378378378378,1500,339.5205062646057,27,3,0.0,68.89189189189189,2.2162162162162162,0.0,220.0,1.3703703703703705,12.333333333333334,0.0,0
PRV56324,1,0,1,100,100.0,100,0.0,1,1,0.0,66.0,4.0,0.0,0.0,1.0,1.0,0.0,0
PRV56328,15,0,15,2100,140.0,600,147.26070176973315,13,3,2.2,81.33333333333333,3.2666666666666666,0.0,0.0,1.1538461538461537,5.0,0.0,0
PRV56329,14,14,0,177000,12642.857142857143,32000,7571.273064959144,13,2,5.714285714285714,69.78571428571429,8.357142857142858,1.0,14952.0,1.0769230769230769,7.0,1.0,0
PRV56330,16,0,16,3130,195.625,1000,271.04658271227106,15,3,0.0625,71.125,2.3125,0.0,0.0,1.0666666666666667,5.333333333333333,0.0,0
PRV56331,1,0,1,10,10.0,10,0.0,1,1,0.0,65.0,2.0,0.0,0.0,1.0,1.0,0.0,0
PRV56333,42,0,42,11600,276.1904761904762,3300,644.3221144925557,33,2,1.5952380952380953,72.76190476190476,2.7142857142857144,0.0,0.0,1.2727272727272727,21.0,0.0,0
PRV56334,8,0,8,670,83.75,300,92.72655652893773,8,1,0.0,68.75,1.5,0.0,0.0,1.0,8.0,0.0,0
PRV56335,18,18,0,156000,8666.666666666666,29000,6677.442271867099,18,3,5.0,77.88888888888889,7.277777777777778,0.9444444444444444,19224.0,1.0,6.0,1.0,0
PRV56336,21,21,0,237000,11285.714285714286,39000,9701.251760174338,21,1,4.571428571428571,71.42857142857143,8.619047619047619,0.6666666666666666,22428.0,1.0,21.0,1.0,0
PRV56337,2,0,2,180,90.0,100,14.142135623730951,2,1,0.0,89.5,2.0,0.0,30.0,1.0,2.0,0.0,0
PRV56338,10,10,0,97400,9740.0,28000,8017.231442337187,10,3,5.2,67.9,8.3,0.6,10680.0,1.0,3.3333333333333335,1.0,0
PRV56339,1,1,0,9000,9000.0,9000,0.0,1,1,3.0,45.0,3.0,1.0,1068.0,1.0,1.0,1.0,0
PRV56340,3,3,0,57000,19000.0,48000,25119.71337416094,3,1,6.0,66.0,8.333333333333334,1.6666666666666667,3204.0,1.0,3.0,1.0,0
PRV56341,1,1,0,18000,18000.0,18000,0.0,1,1,5.0,76.0,9.0,1.0,1068.0,1.0,1.0,1.0,0
PRV56342,5,5,0,52000,10400.0,20000,5941.3803110051795,5,1,2.6,69.0,8.0,1.0,5340.0,1.0,5.0,1.0,0
PRV56344,11,0,11,3520,320.0,1400,517.2233560078275,10,5,0.0,72.81818181818181,2.1818181818181817,0.0,0.0,1.1,2.2,0.0,0
PRV56345,572,0,572,134510,235.15734265734267,3300,469.8285371912828,243,10,1.1451048951048952,73.36888111888112,2.5996503496503496,0.0017482517482517483,2140.0,2.353909465020576,57.2,0.0,0
PRV56346,42,0,42,16050,382.14285714285717,3300,765.6323250378456,25,14,2.119047619047619,75.73809523809524,2.9523809523809526,0.0,140.0,1.68,3.0,0.0,0
PRV56347,51,9,42,106110,2080.5882352941176,41000,6362.676924617407,43,19,1.6470588235294117,74.33333333333333,3.980392156862745,0.11764705882352941,9842.0,1.186046511627907,2.6842105263157894,0.17647058823529413,0
PRV56348,58,0,58,11200,193.10344827586206,2010,347.4882650879964,36,28,0.27586206896551724,75.55172413793103,2.8275862068965516,0.0,220.0,1.6111111111111112,2.0714285714285716,0.0,0
PRV56349,61,31,30,288280,4725.901639344263,43000,7458.315801182189,51,33,3.0,70.11475409836065,5.459016393442623,0.4262295081967213,31062.0,1.196078431372549,1.8484848484848484,0.5081967213114754,0
PRV56350,158,66,92,812530,5142.594936708861,57000,8981.825044026567,119,80,3.721518987341772,74.82278481012658,4.7594936708860756,0.2974683544303797,69530.0,1.3277310924369747,1.975,0.4177215189873418,1
PRV56351,29,0,29,10920,376.55172413793105,2900,663.0033174990741,17,13,2.1379310344827585,73.27586206896552,2.413793103448276,0.0,90.0,1.7058823529411764,2.230769230769231,0.0,0
PRV56352,24,4,20,37730,1572.0833333333333,18000,4120.547641068944,22,14,1.4583333333333333,75.29166666666667,4.208333333333333,0.08333333333333333,4312.0,1.0909090909090908,1.7142857142857142,0.16666666666666666,0
PRV56353,96,0,96,29340,305.625,6050,816.2066463057528,46,25,0.875,72.53125,2.7291666666666665,0.0,320.0,2.0869565217391304,3.84,0.0,0
PRV56354,11,3,8,70470,6406.363636363636,57000,16910.952825152857,9,7,1.5454545454545454,74.54545454545455,3.8181818181818183,0.18181818181818182,3204.0,1.2222222222222223,1.5714285714285714,0.2727272727272727,0
PRV56355,115,4,111,76130,662.0,25000,2581.2540132078734,35,16,1.391304347826087,75.2,3.1043478260869564,0.034782608695652174,4592.0,3.2857142857142856,7.1875,0.034782608695652174,0
PRV56357,16,0,16,1690,105.625,400,126.5421537143519,13,6,2.125,69.8125,2.0625,0.0,0.0,1.2307692307692308,2.6666666666666665,0.0,0
PRV56358,4,0,4,240,60.0,100,40.824829046386306,4,4,0.0,76.5,1.75,0.0,0.0,1.0,1.0,0.0,0
PRV56360,78,0,78,25060,321.28205128205127,2200,541.1180320491312,34,6,2.6666666666666665,71.74358974358974,3.1923076923076925,0.0,50.0,2.2941176470588234,13.0,0.0,0
PRV56361,114,7,107,105550,925.8771929824561,12000,2097.9032142330584,51,19,2.192982456140351,74.07894736842105,3.2280701754385963,0.03508771929824561,7686.0,2.235294117647059,6.0,0.06140350877192982,1
PRV56362,60,0,60,13210,220.16666666666666,3300,541.6687700958726,51,18,0.6333333333333333,74.75,2.816666666666667,0.0,290.0,1.1764705882352942,3.3333333333333335,0.0,0
PRV56363,19,0,19,10420,548.421052631579,3300,1046.9652607942355,8,2,2.5789473684210527,71.26315789473684,2.1578947368421053,0.0,280.0,2.375,9.5,0.0,0
PRV56364,79,0,79,31280,395.9493670886076,3300,728.0946666178007,28,1,1.6962025316455696,77.31645569620254,2.392405063291139,0.0,320.0,2.8214285714285716,79.0,0.0,0
PRV56366,9,0,9,1880,208.88888888888889,1200,390.4947004904306,8,2,0.0,69.11111111111111,2.2222222222222223,0.0,0.0,1.125,4.5,0.0,0
PRV56367,45,0,45,10550,234.44444444444446,3300,516.1023310949256,14,4,1.4444444444444444,76.53333333333333,2.7777777777777777,0.0,0.0,3.2142857142857144,11.25,0.0,0
PRV56368,34,1,33,9050,266.1764705882353,4000,692.9515908837918,12,7,1.3823529411764706,72.3529411764706,2.7058823529411766,0.0,1108.0,2.8333333333333335,4.857142857142857,0.029411764705882353,0
PRV56369,1,0,1,80,80.0,80,0.0,1,1,1.0,57.0,5.0,0.0,0.0,1.0,1.0,0.0,0
PRV56370,9,0,9,1620,180.0,500,143.87494569938158,3,2,0.5555555555555556,67.0,2.6666666666666665,0.0,0.0,3.0,4.5,0.0,0
PRV56373,1,0,1,10,10.0,10,0.0,1,1,0.0,85.0,4.0,0.0,0.0,1.0,1.0,0.0,0
PRV56374,25,0,25,7570,302.8,2300,501.67652260528735,11,6,3.36,73.72,2.36,0.0,390.0,2.272727272727273,4.166666666666667,0.0,0
PRV56375,54,0,54,15220,281.85185185185185,3000,590.0210232073894,29,4,1.6111111111111112,74.16666666666667,2.7777777777777777,0.018518518518518517,390.0,1.8620689655172413,13.5,0.0,0
PRV56376,20,0,20,10780,539.0,6900,1508.442556867321,10,6,1.0,70.0,3.05,0.0,70.0,2.0,3.3333333333333335,0.0,0
PRV56377,1,0,1,60,60.0,60,0.0,1,1,0.0,66.0,4.0,0.0,0.0,1.0,1.0,0.0,0
PRV56378,31,0,31,4480,144.51612903225808,600,173.9317626671912,19,1,1.2580645161290323,76.61290322580645,2.7419354838709675,0.0,0.0,1.631578947368421,31.0,0.0,0
PRV56379,53,0,53,16520,311.6981132075472,3300,738.4800811048862,26,11,0.7169811320754716,73.32075471698113,3.1132075471698113,0.0,60.0,2.0384615384615383,4.818181818181818,0.0,0
PRV56380,21,0,21,6040,287.6190476190476,800,313.95707926251265,10,3,1.0476190476190477,67.19047619047619,2.142857142857143,0.0,0.0,2.1,7.0,0.0,0
PRV56381,8,0,8,4720,590.0,3300,1112.2563938743106,1,3,7.5,83.0,1.375,0.0,0.0,8.0,2.6666666666666665,0.0,0
PRV56384,49,2,47,29790,607.9591836734694,14000,2085.0689233130843,23,8,1.489795918367347,76.12244897959184,2.673469387755102,0.0,2146.0,2.130434782608696,6.125,0.04081632653061224,0
PRV56385,22,0,22,2770,125.9090909090909,1500,317.81484713001856,11,2,0.9090909090909091,71.63636363636364,2.6363636363636362,0.0,100.0,2.0,11.0,0.0,0
PRV56387,1,0,1,90,90.0,90,0.0,1,1,0.0,78.0,7.0,0.0,0.0,1.0,1.0,0.0,0
PRV56388,7,0,7,5300,757.1428571428571,2400,741.298731635101,6,5,2.4285714285714284,70.28571428571429,2.2857142857142856,0.0,0.0,1.1666666666666667,1.4,0.0,0
PRV56389,15,0,15,6520,434.6666666666667,2700,738.8878386434832,13,2,4.0,76.93333333333334,2.466666666666667,0.0,200.0,1.1538461538461537,7.5,0.0,0
PRV56390,5,2,3,40220,8044.0,29000,12634.145400461402,5,5,6.6,62.8,6.4,0.2,2216.0,1.0,1.0,0.4,0
PRV56391,2,0,2,150,75.0,100,35.35533905932738,2,2,0.0,70.5,3.0,0.0,0.0,1.0,1.0,0.0,0
PRV56392,20,6,14,41860,2093.0,11000,3226.8904699823884,10,7,3.4,72.0,4.3,0.2,6458.0,2.0,2.857142857142857,0.3,1
PRV56393,10,0,10,2580,258.0,700,255.46471815540835,8,1,2.1,78.8,3.4,0.0,0.0,1.25,10.0,0.0,0
PRV56394,32,0,32,15920,497.5,3300,831.1670768728868,14,5,2.96875,68.28125,2.5,0.0,0.0,2.2857142857142856,6.4,0.0,0
PRV56395,7,7,0,107000,15285.714285714286,37000,12120.427463780388,7,2,5.0,69.57142857142857,8.857142857142858,0.5714285714285714,7476.0,1.0,3.5,1.0,0
PRV56396,83,32,51,289380,3486.5060240963853,29000,5764.247128665557,71,31,3.5421686746987953,74.09638554216868,4.843373493975903,0.26506024096385544,32270.0,1.1690140845070423,2.6774193548387095,0.3855421686746988,1
PRV56397,47,0,47,9600,204.25531914893617,2400,398.5776051260885,43,20,1.3617021276595744,71.2127659574468,2.6808510638297873,0.0,80.0,1.0930232558139534,2.35,0.0,0
PRV56398,19,1,18,6030,317.36842105263156,4000,905.5866245163542,19,12,0.3157894736842105,74.52631578947368,2.473684210526316,0.0,1068.0,1.0,1.5833333333333333,0.05263157894736842,0
PRV56400,9,3,6,49800,5533.333333333333,28000,10085.332171029371,9,7,3.2222222222222223,74.77777777777777,3.4444444444444446,0.2222222222222222,3204.0,1.0,1.2857142857142858,0.3333333333333333,1
PRV56401,143,0,143,27390,191.53846153846155,3300,409.50899436769294,39,1,0.5034965034965035,74.67132867132867,2.5174825174825175,0.0,430.0,3.6666666666666665,143.0,0.0,0
PRV56403,34,10,24,78660,2313.529411764706,15000,3689.21514388855,31,8,1.1176470588235294,71.73529411764706,3.588235294117647,0.14705882352941177,9892.0,1.096774193548387,4.25,0.29411764705882354,1
PRV56404,363,0,363,131660,362.69972451790636,8030,808.321968067612,143,39,1.6253443526170799,70.25619834710744,2.56198347107438,0.0,1180.0,2.5384615384615383,9.307692307692308,0.0,0
PRV56405,60,0,60,24090,401.5,3300,807.7334368990464,53,21,0.9666666666666667,70.63333333333334,2.783333333333333,0.0,260.0,1.1320754716981132,2.857142857142857,0.0,0
PRV56406,201,0,201,44770,222.7363184079602,3300,465.0580341466837,72,7,0.8507462686567164,74.12437810945273,2.5870646766169156,0.0,870.0,2.7916666666666665,28.714285714285715,0.0,0
PRV56407,40,5,35,39500,987.5,10000,2542.877181260306,39,18,2.05,69.475,3.175,0.15,5440.0,1.0256410256410255,2.2222222222222223,0.125,0
PRV56408,68,3,65,79570,1170.1470588235295,57000,6928.923263393182,25,14,1.75,71.69117647058823,3.235294117647059,0.058823529411764705,3554.0,2.72,4.857142857142857,0.04411764705882353,0
PRV56410,350,0,350,92530,264.37142857142857,3300,534.3346335527946,172,19,1.1914285714285715,74.71428571428571,2.537142857142857,0.0,1030.0,2.0348837209302326,18.42105263157895,0.0,0
PRV56411,75,4,71,110650,1475.3333333333333,80000,9277.32084073748,35,15,1.76,71.25333333333333,3.04,0.08,4572.0,2.142857142857143,5.0,0.05333333333333334,0
PRV56412,112,9,103,111360,994.2857142857143,21000,3170.413823071652,77,11,1.5357142857142858,70.75,3.205357142857143,0.05357142857142857,9862.0,1.4545454545454546,10.181818181818182,0.08035714285714286,0
PRV56413,12,0,12,8650,720.8333333333334,3300,1224.7482734559512,12,4,2.75,71.33333333333333,2.25,0.0,30.0,1.0,3.0,0.0,0
PRV56414,27,0,27,5900,218.5185185185185,1500,353.5392884673901,26,24,0.14814814814814814,69.88888888888889,2.4074074074074074,0.0,200.0,1.0384615384615385,1.125,0.0,0
PRV56415,41,0,41,15990,390.0,6300,1048.196069445025,41,20,0.9512195121951219,73.7560975609756,2.5121951219512195,0.0,210.0,1.0,2.05,0.0,0
PRV56416,1592,214,1378,2744870,1724.1645728643216,57000,5365.906087403331,695,52,2.141959798994975,70.43467336683418,3.3115577889447234,0.1092964824120603,226962.0,2.2906474820143883,30.615384615384617,0.13442211055276382,1
PRV56417,119,0,119,20230,170.0,3300,379.8327017990054,44,13,0.8319327731092437,70.1344537815126,2.7983193277310923,0.0,210.0,2.7045454545454546,9.153846153846153,0.0,0
PRV56418,29,0,29,9790,337.58620689655174,2400,538.7595221061977,27,14,0.4827586206896552,69.79310344827586,2.793103448275862,0.0,0.0,1.0740740740740742,2.0714285714285716,0.0,0
PRV56421,133,46,87,510750,3840.2255639097743,79000,9165.74572229151,100,43,2.601503759398496,71.30827067669173,4.481203007518797,0.2781954887218045,46054.0,1.33,3.0930232558139537,0.3458646616541353,1
PRV56423,12,2,10,15490,1290.8333333333333,9000,2808.89320918508,10,9,0.3333333333333333,74.08333333333333,3.25,0.16666666666666666,2136.0,1.2,1.3333333333333333,0.16666666666666666,0
PRV56425,381,8,373,135450,355.51181102362204,12000,1072.6865255502075,138,54,1.4173228346456692,68.26509186351706,2.7086614173228347,0.010498687664041995,9714.0,2.760869565217391,7.055555555555555,0.02099737532808399,1
PRV56426,436,0,436,127230,291.8119266055046,3300,570.4429990119932,262,51,1.385321100917431,72.70642201834862,2.6513761467889907,0.0,1240.0,1.6641221374045803,8.549019607843137,0.0,0
PRV56427,23,0,23,10460,454.7826086956522,3300,830.0266675081613,20,13,1.0,71.17391304347827,2.9130434782608696,0.0,20.0,1.15,1.7692307692307692,0.0,0
PRV56428,311,8,303,172930,556.0450160771704,32000,2398.1019614107017,151,18,1.472668810289389,72.41800643086816,2.819935691318328,0.012861736334405145,9194.0,2.0596026490066226,17.27777777777778,0.02572347266881029,1
PRV56430,38,0,38,11130,292.89473684210526,2200,536.0209147529895,36,13,2.736842105263158,74.84210526315789,2.763157894736842,0.0,90.0,1.0555555555555556,2.923076923076923,0.0,0
PRV56432,25,6,19,54080,2163.2,19000,4374.2034703474865,18,13,1.88,72.28,3.52,0.2,5340.0,1.3888888888888888,1.9230769230769231,0.24,0
PRV56433,121,0,121,39510,326.5289256198347,3300,690.4439522797411,114,71,1.6694214876033058,71.9090909090909,2.7107438016528924,0.0,460.0,1.0614035087719298,1.704225352112676,0.0,0
PRV56435,260,4,256,100030,384.7307692307692,17000,1342.5882356397176,115,48,1.3192307692307692,71.28846153846153,2.7615384615384615,0.011538461538461539,4892.0,2.260869565217391,5.416666666666667,0.015384615384615385,1
PRV56437,719,39,680,469300,652.712100139082,23000,2027.0755762744993,329,8,1.7524339360222532,72.0904033379694,2.8094575799721837,0.037552155771905425,42294.0,2.185410334346505,89.875,0.054242002781641166,1
PRV56438,133,64,69,827300,6220.300751879699,57000,10632.194387078362,126,59,4.097744360902255,72.99248120300751,5.451127819548872,0.38345864661654133,66276.0,1.0555555555555556,2.2542372881355934,0.48120300751879697,1
PRV56439,443,0,443,134960,304.65011286681715,3300,586.2369850507471,237,40,1.670428893905192,72.12641083521444,2.6997742663656883,0.0,1570.0,1.869198312236287,11.075,0.0,0
PRV56440,89,0,89,29150,327.5280898876405,3300,676.955552621233,72,16,0.7191011235955056,73.11235955056179,2.550561797752809,0.0,110.0,1.2361111111111112,5.5625,0.0,0
PRV56441,35,0,35,3980,113.71428571428571,800,169.7071129967176,34,26,1.6,72.14285714285714,2.657142857142857,0.0,140.0,1.0294117647058822,1.3461538461538463,0.0,0
PRV56442,1330,81,1249,1234150,927.9323308270676,57000,3622.4565674521677,611,81,1.7533834586466166,69.89172932330827,2.9571428571428573,0.04661654135338346,87154.0,2.176759410801964,16.419753086419753,0.06090225563909774,1
PRV56444,1317,0,1317,383140,290.91875474563403,10300,661.0354939375462,790,249,1.569476082004556,71.97190584662111,2.633257403189066,0.0,4690.0,1.6670886075949367,5.289156626506024,0.0,1
PRV56445,55,32,23,215750,3922.7272727272725,21000,4572.169618117314,50,23,3.290909090909091,73.2909090909091,5.327272727272727,0.3090909090909091,34266.0,1.1,2.391304347826087,0.5818181818181818,0
PRV56447,170,0,170,50870,299.2352941176471,3300,563.4246540210935,101,20,0.9941176470588236,69.09411764705882,2.8,0.0,380.0,1.683168316831683,8.5,0.0,1
PRV56448,584,0,584,198950,340.6678082191781,3300,643.6466642466767,315,1,1.4349315068493151,70.2722602739726,2.654109589041096,0.0017123287671232876,2260.0,1.853968253968254,584.0,0.0,0
PRV56449,135,13,122,211880,1569.4814814814815,57000,5885.56218779868,109,70,2.637037037037037,71.35555555555555,2.911111111111111,0.08148148148148149,14444.0,1.238532110091743,1.9285714285714286,0.0962962962962963,0
PRV56451,259,0,259,72950,281.66023166023166,2600,504.08788647250606,86,25,1.2046332046332047,70.2007722007722,2.555984555984556,0.0,530.0,3.011627906976744,10.36,0.0,0
PRV56452,110,4,106,63150,574.0909090909091,14000,1581.1639513981465,82,45,1.3545454545454545,72.26363636363637,2.8454545454545452,0.0,4432.0,1.3414634146341464,2.4444444444444446,0.03636363636363636,0
PRV56453,115,0,115,43550,378.69565217391306,7030,872.4099729747724,57,18,1.2434782608695651,71.3391304347826,2.8260869565217392,0.017391304347826087,210.0,2.017543859649123,6.388888888888889,0.0,0
PRV56454,159,0,159,43910,276.1635220125786,3300,505.81529467960996,86,37,0.49056603773584906,70.63522012578616,2.270440251572327,0.0,530.0,1.8488372093023255,4.297297297297297,0.0,0
PRV56455,13,0,13,4860,373.84615384615387,3300,883.181167348452,12,5,1.6153846153846154,66.6923076923077,3.076923076923077,0.0,30.0,1.0833333333333333,2.6,0.0,0
PRV56456,46,14,32,114710,2493.695652173913,14000,3705.7632944108686,37,17,2.9130434782608696,70.21739130434783,4.869565217391305,0.17391304347826086,15062.0,1.2432432432432432,2.7058823529411766,0.30434782608695654,0
PRV56458,54,7,47,53410,989.074074074074,10000,2061.8294390950327,48,24,1.2592592592592593,67.87037037037037,2.7037037037037037,0.018518518518518517,6618.0,1.125,2.25,0.12962962962962962,0
PRV56461,115,10,105,135180,1175.4782608695652,28000,3897.2861100573655,103,73,1.2869565217391303,71.35652173913043,3.139130434782609,0.06956521739130435,10870.0,1.116504854368932,1.5753424657534247,0.08695652173913043,0
PRV56463,18,0,18,1660,92.22222222222223,400,98.61127220828229,17,3,2.2222222222222223,74.66666666666667,2.1666666666666665,0.0,110.0,1.0588235294117647,6.0,0.0,0
PRV56464,84,0,84,14920,177.61904761904762,3300,425.13107559909787,78,42,0.5595238095238095,70.08333333333333,2.238095238095238,0.0,270.0,1.0769230769230769,2.0,0.0,0
PRV56466,56,0,56,8190,146.25,1300,215.10726711024057,45,14,1.0892857142857142,73.26785714285714,2.4642857142857144,0.0,180.0,1.2444444444444445,4.0,0.0,0
PRV56467,349,0,349,95720,274.269340974212,3300,543.0891278696312,188,28,1.5530085959885387,71.41833810888252,2.5902578796561606,0.0,920.0,1.8563829787234043,12.464285714285714,0.0,0
PRV56468,34,5,29,47270,1390.2941176470588,16000,3306.7511156989835,32,18,2.4411764705882355,72.76470588235294,3.2058823529411766,0.11764705882352941,5340.0,1.0625,1.8888888888888888,0.14705882352941177,0
PRV56469,131,36,95,430560,3286.7175572519086,57000,8116.868233002197,121,74,2.66412213740458,70.20610687022901,4.2748091603053435,0.19083969465648856,37500.0,1.0826446280991735,1.7702702702702702,0.2748091603053435,0
PRV56470,37,5,32,35610,962.4324324324324,11000,2217.932477438048,26,13,1.2702702702702702,71.10810810810811,3.6216216216216215,0.02702702702702703,5470.0,1.4230769230769231,2.8461538461538463,0.13513513513513514,0
PRV56471,43,0,43,10490,243.95348837209303,1700,376.00113687064527,21,10,2.395348837209302,76.79069767441861,2.697674418604651,0.0,190.0,2.0476190476190474,4.3,0.0,0
PRV56473,55,7,48,71310,1296.5454545454545,16000,3614.5437795117023,50,38,1.7636363636363637,74.65454545454546,3.4545454545454546,0.10909090909090909,7646.0,1.1,1.4473684210526316,0.12727272727272726,0
PRV56474,31,1,30,13970,450.64516129032256,7000,1261.332458114225,27,10,0.9032258064516129,71.09677419354838,2.4516129032258065,0.0,1208.0,1.1481481481481481,3.1,0.03225806451612903,0
PRV56475,34,0,34,11180,328.8235294117647,3300,686.4302242492847,18,11,1.2058823529411764,68.52941176470588,2.676470588235294,0.0,0.0,1.8888888888888888,3.090909090909091,0.0,0
PRV56476,4,1,3,6700,1675.0,6000,2884.8743473503314,4,4,1.5,78.5,3.25,0.25,1068.0,1.0,1.0,0.25,0
PRV56477,9,0,9,4460,495.55555555555554,3000,989.0160654801203,8,6,1.4444444444444444,68.66666666666667,3.111111111111111,0.0,70.0,1.125,1.5,0.0,0
PRV56478,152,67,85,638850,4202.960526315789,57000,7455.215947215987,127,52,3.6973684210526314,73.50657894736842,5.322368421052632,0.29605263157894735,70698.0,1.1968503937007875,2.923076923076923,0.4407894736842105,0
PRV56479,140,0,140,38990,278.5,3300,560.4467963248532,118,72,1.5214285714285714,71.58571428571429,2.692857142857143,0.0,700.0,1.1864406779661016,1.9444444444444444,0.0,0
PRV56480,21,0,21,3120,148.57142857142858,580,161.8420746989396,19,6,1.0952380952380953,67.80952380952381,2.3333333333333335,0.0,70.0,1.105263157894737,3.5,0.0,0
PRV56481,128,78,50,668910,5225.859375,40000,7083.06581240804,85,27,3.6953125,69.921875,6.1484375,0.421875,79182.0,1.5058823529411764,4.7407407407407405,0.609375,1
PRV56482,28,0,28,14780,527.8571428571429,5200,1050.1158918154636,21,12,1.5,77.42857142857143,3.3214285714285716,0.0,0.0,1.3333333333333333,2.3333333333333335,0.0,0
PRV56483,32,2,30,25850,807.8125,7000,1607.9976215176596,29,25,1.71875,71.625,2.8125,0.03125,2226.0,1.103448275862069,1.28,0.0625,0
PRV56484,9,0,9,6980,775.5555555555555,3300,1144.2913867445554,9,7,2.4444444444444446,73.33333333333333,3.5555555555555554,0.0,0.0,1.0,1.2857142857142858,0.0,0
PRV56485,48,1,47,26790,558.125,10000,1542.556121603967,22,5,2.3125,70.3125,3.25,0.020833333333333332,1208.0,2.1818181818181817,9.6,0.020833333333333332,0
PRV56486,77,0,77,26220,340.5194805194805,8000,1012.271931563503,37,8,1.8181818181818181,65.66233766233766,2.8051948051948052,0.0,270.0,2.081081081081081,9.625,0.0,0
PRV56487,27,1,26,12230,452.962962962963,9000,1718.592480479335,27,18,2.074074074074074,69.74074074074075,3.3333333333333335,0.037037037037037035,1358.0,1.0,1.5,0.037037037037037035,0
PRV56489,21,0,21,9350,445.23809523809524,3300,815.2460919723508,20,10,1.7619047619047619,72.28571428571429,1.8095238095238095,0.0,100.0,1.05,2.1,0.0,0
PRV56490,14,11,3,78170,5583.571428571428,19000,6098.834197732265,14,5,2.2857142857142856,73.42857142857143,6.5,0.5,10680.0,1.0,2.8,0.7857142857142857,0
PRV56494,560,0,560,185430,331.125,3300,637.534651273356,257,31,2.007142857142857,71.41071428571429,2.664285714285714,0.0,1450.0,2.178988326848249,18.06451612903226,0.0,0
PRV56495,36,0,36,11750,326.3888888888889,3300,606.3810813943785,23,3,0.8055555555555556,69.52777777777777,2.9722222222222223,0.0,220.0,1.565217391304348,12.0,0.0,0
PRV56496,41,0,41,13620,332.1951219512195,3300,639.8730819276662,28,1,1.6829268292682926,67.95121951219512,2.4878048780487805,0.0,130.0,1.4642857142857142,41.0,0.0,0
PRV56497,30,0,30,12540,418.0,3300,833.7178882819892,23,5,1.4666666666666666,66.2,2.966666666666667,0.0,70.0,1.3043478260869565,6.0,0.0,0
PRV56498,7,0,7,2510,358.57142857142856,2000,730.8540340229498,6,3,1.0,76.28571428571429,3.7142857142857144,0.0,0.0,1.1666666666666667,2.3333333333333335,0.0,0
PRV56500,151,3,148,65010,430.5298013245033,8000,1055.0707957791078,74,3,1.5695364238410596,66.32450331125828,2.76158940397351,0.0,4074.0,2.0405405405405403,50.333333333333336,0.019867549668874173,0
PRV56501,232,6,226,175190,755.1293103448276,35000,2936.827363254679,126,14,1.6896551724137931,70.70258620689656,2.831896551724138,0.021551724137931036,5810.0,1.8412698412698412,16.571428571428573,0.02586206896551724,1
PRV56502,7,0,7,1410,201.42857142857142,700,234.05331098053787,6,4,1.1428571428571428,68.14285714285714,3.4285714285714284,0.0,0.0,1.1666666666666667,1.75,0.0,0
PRV56504,66,0,66,17090,258.93939393939394,3300,587.9014276033769,38,7,1.5606060606060606,72.78787878787878,2.727272727272727,0.0,200.0,1.736842105263158,9.428571428571429,0.0,0
PRV56507,42,7,35,260300,6197.619047619048,99000,19820.778061753448,26,10,3.8333333333333335,68.80952380952381,4.190476190476191,0.2857142857142857,8673.0,1.6153846153846154,4.2,0.16666666666666666,0
PRV56508,177,0,177,48580,274.4632768361582,3300,551.3391445715863,84,7,1.5593220338983051,69.70621468926554,2.774011299435028,0.0,360.0,2.107142857142857,25.285714285714285,0.0,0
PRV56509,117,0,117,42370,362.13675213675214,3300,721.3108625606446,55,7,1.3333333333333333,70.61538461538461,2.752136752136752,0.0,190.0,2.1272727272727274,16.714285714285715,0.0,0
PRV56510,9,0,9,800,88.88888888888889,300,99.30312739844155,7,5,0.0,64.88888888888889,2.6666666666666665,0.0,20.0,1.2857142857142858,1.8,0.0,0
PRV56511,23,0,23,6060,263.4782608695652,2400,520.0140618348016,19,3,0.9130434782608695,76.82608695652173,3.0869565217391304,0.0,100.0,1.2105263157894737,7.666666666666667,0.0,0
PRV56512,27,0,27,10050,372.22222222222223,2200,577.7564920470942,17,1,1.0740740740740742,75.55555555555556,2.0,0.0,60.0,1.588235294117647,27.0,0.0,0
PRV56514,6,0,6,1230,205.0,500,229.93477335975086,6,1,5.333333333333333,79.83333333333333,3.8333333333333335,0.0,100.0,1.0,6.0,0.0,0
PRV56515,7,0,7,2640,377.14285714285717,1900,673.9118212771926,6,2,0.14285714285714285,66.28571428571429,2.142857142857143,0.0,0.0,1.1666666666666667,3.5,0.0,0
PRV56517,123,0,123,38170,310.3252032520325,4060,712.4846100832573,96,3,1.6504065040650406,71.3089430894309,2.861788617886179,0.0,370.0,1.28125,41.0,0.0,0
PRV56518,2,0,2,900,450.0,600,212.13203435596427,2,2,0.0,82.5,2.5,0.0,0.0,1.0,1.0,0.0,0
PRV56519,7,7,0,69000,9857.142857142857,19000,5367.450401216933,7,1,3.857142857142857,75.42857142857143,8.571428571428571,0.5714285714285714,7476.0,1.0,7.0,1.0,0
PRV56521,32,0,32,11840,370.0,3300,788.4079507299463,22,4,2.46875,68.6875,3.15625,0.0,0.0,1.4545454545454546,8.0,0.0,0
PRV56522,3,0,3,1700,566.6666666666666,1100,472.5815626252608,3,2,6.333333333333333,79.33333333333333,2.0,0.0,0.0,1.0,1.5,0.0,0
PRV56523,21,0,21,6670,317.6190476190476,1400,456.7811813319892,20,2,0.9523809523809523,69.38095238095238,2.3333333333333335,0.0,0.0,1.05,10.5,0.0,1
PRV56524,3,0,3,120,40.0,60,26.457513110645905,3,1,5.666666666666667,81.0,4.666666666666667,0.0,0.0,1.0,3.0,0.0,0
PRV56525,66,0,66,18830,285.3030303030303,3300,603.5311978347986,45,1,1.4242424242424243,68.77272727272727,2.4393939393939394,0.0,140.0,1.4666666666666666,66.0,0.0,0
PRV56526,32,0,32,9020,281.875,3300,634.6878201385765,26,1,1.9375,71.90625,2.03125,0.0,180.0,1.2307692307692308,32.0,0.0,0
PRV56527,57,0,57,19990,350.70175438596493,3300,654.3504403199155,30,1,0.8245614035087719,70.52631578947368,2.3157894736842106,0.0,90.0,1.9,57.0,0.0,0
PRV56528,21,0,21,2400,114.28571428571429,1100,233.9139035750425,13,2,0.0,67.33333333333333,2.7142857142857144,0.0,220.0,1.6153846153846154,10.5,0.0,0
PRV56529,34,0,34,4970,146.1764705882353,1000,195.44843086236259,30,3,0.35294117647058826,71.26470588235294,2.4411764705882355,0.0,110.0,1.1333333333333333,11.333333333333334,0.0,0
PRV56530,3,0,3,380,126.66666666666667,300,150.1110699893027,3,3,13.333333333333334,65.0,1.6666666666666667,0.0,0.0,1.0,1.0,0.0,0
PRV56531,5,0,5,300,60.0,100,33.91164991562634,5,1,0.0,66.4,2.4,0.0,0.0,1.0,5.0,0.0,0
PRV56533,15,15,0,93000,6200.0,27000,6710.333183126709,15,2,4.2,70.06666666666666,7.933333333333334,0.4666666666666667,14952.0,1.0,7.5,1.0,0
PRV56535,67,0,67,17920,267.46268656716416,3300,534.773651590182,50,1,0.8656716417910447,72.04477611940298,2.4029850746268657,0.0,320.0,1.34,67.0,0.0,0
PRV56536,65,0,65,17500,269.2307692307692,3300,496.64910806167916,34,1,2.0615384615384613,74.44615384615385,2.6153846153846154,0.0,90.0,1.911764705882353,65.0,0.0,0
PRV56537,104,0,104,22710,218.3653846153846,3300,524.4953387243207,74,2,1.3557692307692308,70.3173076923077,2.6153846153846154,0.0,220.0,1.4054054054054055,52.0,0.0,0
PRV56538,23,0,23,4480,194.7826086956522,2200,451.7629060914123,11,1,0.8260869565217391,69.78260869565217,2.217391304347826,0.0,30.0,2.090909090909091,23.0,0.0,0
PRV56539,1,0,1,900,900.0,900,0.0,1,1,0.0,70.0,5.0,0.0,0.0,1.0,1.0,0.0,0
PRV56540,1,1,0,0,0.0,0,0.0,1,1,5.0,66.0,10.0,0.0,1068.0,1.0,1.0,1.0,0
PRV56541,54,54,0,584000,10814.814814814816,57000,12018.969399942638,53,7,6.0,72.38888888888889,8.444444444444445,0.7592592592592593,56604.0,1.0188679245283019,7.714285714285714,1.0,1
PRV56543,4,4,0,22000,5500.0,10000,3109.126351029605,4,2,3.0,82.25,8.25,0.0,4272.0,1.0,2.0,1.0,0
PRV56544,20,18,2,99630,4981.5,12000,3285.1664621766927,20,2,3.8,72.5,7.8,0.45,17088.0,1.0,10.0,0.9,0
PRV56545,1,1,0,7000,7000.0,7000,0.0,1,1,6.0,64.0,9.0,0.0,1068.0,1.0,1.0,1.0,0
PRV56546,9,9,0,80000,8888.888888888889,29000,9184.830488969903,9,1,5.555555555555555,79.0,8.333333333333334,0.7777777777777778,8544.0,1.0,9.0,1.0,0
PRV56547,7,7,0,60000,8571.42857142857,20000,5996.030432909839,7,4,4.714285714285714,74.85714285714286,7.428571428571429,0.5714285714285714,7476.0,1.0,1.75,1.0,0
PRV56548,8,8,0,124000,15500.0,66000,20674.345731572048,7,2,6.375,69.875,8.125,0.75,8544.0,1.1428571428571428,4.0,1.0,0
PRV56549,2,2,0,14000,7000.0,10000,4242.640687119285,2,1,3.5,79.0,9.0,0.5,2136.0,1.0,2.0,1.0,0
PRV56550,80,55,25,554890,6936.125,55000,8765.045436457509,65,20,4.2875,71.1125,6.475,0.5875,58740.0,1.2307692307692308,4.0,0.6875,1
PRV56551,36,0,36,14070,390.8333333333333,3300,703.1129760876677,30,6,1.9166666666666667,66.72222222222223,2.8333333333333335,0.027777777777777776,100.0,1.2,6.0,0.0,0
PRV56552,24,0,24,7390,307.9166666666667,2100,572.8265475893976,16,13,0.875,62.75,2.6666666666666665,0.0,0.0,1.5,1.8461538461538463,0.0,0
PRV56553,65,0,65,14620,224.92307692307693,3000,468.57537773061085,38,16,2.246153846153846,74.23076923076923,2.7846153846153845,0.0,140.0,1.7105263157894737,4.0625,0.0,0
PRV56554,48,0,48,13810,287.7083333333333,3300,585.7537046253054,46,28,0.5416666666666666,74.5625,2.5625,0.0,190.0,1.0434782608695652,1.7142857142857142,0.0,0
PRV56555,69,59,10,494800,7171.014492753623,38000,6784.490779132933,67,16,6.144927536231884,73.81159420289855,7.318840579710145,0.4782608695652174,61944.0,1.0298507462686568,4.3125,0.855072463768116,0
PRV56556,880,74,806,852530,968.7840909090909,32000,2879.600962862932,384,12,1.6875,73.75227272727273,3.0,0.05113636363636364,81902.0,2.2916666666666665,73.33333333333333,0.08409090909090909,0
PRV56557,65,0,65,22690,349.0769230769231,2900,608.5118196184727,57,42,2.923076923076923,70.76923076923077,2.292307692307692,0.0,90.0,1.1403508771929824,1.5476190476190477,0.0,0
PRV56559,1113,0,1113,345330,310.26954177897574,7060,639.3088100597577,807,21,1.4788858939802336,72.51482479784367,2.78796046720575,0.0,3470.0,1.379182156133829,53.0,0.0,0
PRV56560,2313,248,2065,3212000,1388.672719412019,57000,4718.33111813197,919,26,1.9917855598789451,72.5702550799827,3.185041072200605,0.08733246865542585,266680.0,2.516866158868335,88.96153846153847,0.10722006052745352,1
PRV56562,37,2,35,48650,1314.8648648648648,30000,5046.799107477058,23,23,1.5675675675675675,77.16216216216216,3.324324324324324,0.05405405405405406,2206.0,1.608695652173913,1.608695652173913,0.05405405405405406,0
PRV56563,30,8,22,96890,3229.6666666666665,37000,7323.462288088707,27,20,1.0,76.86666666666666,4.033333333333333,0.36666666666666664,8544.0,1.1111111111111112,1.5,0.26666666666666666,0
PRV56566,176,1,175,68110,386.9886363636364,12000,1276.8817015957784,63,7,0.9829545454545454,67.30681818181819,2.528409090909091,0.005681818181818182,1648.0,2.7936507936507935,25.142857142857142,0.005681818181818182,1
PRV56568,131,0,131,62180,474.6564885496183,9050,1073.0440507911799,55,12,2.450381679389313,75.30534351145039,2.7557251908396947,0.0,840.0,2.381818181818182,10.916666666666666,0.0,0
PRV56570,30,13,17,150940,5031.333333333333,39000,9424.951379489825,27,23,2.1,77.56666666666666,4.7,0.2,13884.0,1.1111111111111112,1.3043478260869565,0.43333333333333335,0
PRV56571,11,3,8,31520,2865.4545454545455,18000,5348.142413280267,8,10,3.8181818181818183,81.45454545454545,4.636363636363637,0.09090909090909091,3304.0,1.375,1.1,0.2727272727272727,0
PRV56572,20,0,20,3890,194.5,1100,267.079231295647,19,13,0.0,69.85,2.25,0.0,0.0,1.0526315789473684,1.5384615384615385,0.0,0
PRV56574,62,12,50,121180,1954.516129032258,39000,5529.164902236958,50,37,2.2096774193548385,70.30645161290323,3.6129032258064515,0.14516129032258066,11828.0,1.24,1.6756756756756757,0.1935483870967742,0
PRV56575,830,113,717,1154530,1391.0,57000,4155.677046271414,510,15,1.9180722891566264,73.81927710843374,3.3795180722891565,0.08674698795180723,121008.0,1.6274509803921569,55.333333333333336,0.13614457831325302,1
PRV56576,234,1,233,67150,286.96581196581195,4000,519.2126166758972,107,2,1.4444444444444444,72.73504273504274,2.8803418803418803,0.0,1498.0,2.1869158878504673,117.0,0.004273504273504274,0
PRV56577,293,8,285,112430,383.7201365187713,14000,1257.2614360857785,247,134,1.3890784982935154,71.78839590443685,2.744027303754266,0.010238907849829351,8046.0,1.1862348178137652,2.1865671641791047,0.027303754266211604,0
PRV56578,81,7,74,138730,1712.716049382716,37000,5448.451388317986,73,44,1.8888888888888888,73.03703703703704,3.234567901234568,0.1111111111111111,7646.0,1.1095890410958904,1.8409090909090908,0.08641975308641975,0
PRV56579,39,0,39,6850,175.64102564102564,1500,295.5440555973345,17,9,0.2564102564102564,70.58974358974359,2.8205128205128207,0.0,70.0,2.2941176470588234,4.333333333333333,0.0,0
PRV56580,185,0,185,62890,339.94594594594594,3300,642.6960006380878,163,99,1.372972972972973,73.02162162162162,2.6324324324324326,0.0,590.0,1.1349693251533743,1.8686868686868687,0.0,0
PRV56581,7,0,7,2110,301.42857142857144,900,308.51410402273734,7,1,0.0,74.85714285714286,2.7142857142857144,0.0,0.0,1.0,7.0,0.0,0
PRV56582,1,0,1,30,30.0,30,0.0,1,1,0.0,73.0,1.0,0.0,0.0,1.0,1.0,0.0,0
PRV56583,24,13,11,109070,4544.583333333333,23000,5387.326496079694,24,22,3.0416666666666665,72.16666666666667,5.25,0.375,13884.0,1.0,1.0909090909090908,0.5416666666666666,0
PRV56584,55,4,51,36660,666.5454545454545,9000,1557.4685279286437,37,11,0.38181818181818183,73.52727272727273,2.890909090909091,0.05454545454545454,4352.0,1.4864864864864864,5.0,0.07272727272727272,0
PRV56585,7,4,3,25090,3584.285714285714,12000,4379.398197404362,7,6,3.142857142857143,74.28571428571429,6.0,0.42857142857142855,4272.0,1.0,1.1666666666666667,0.5714285714285714,0
PRV56586,4,0,4,370,92.5,200,79.32002689527195,4,3,1.0,71.75,2.0,0.0,200.0,1.0,1.3333333333333333,0.0,0
PRV56587,473,18,455,377970,799.0909090909091,43000,3443.6763800894296,338,103,2.010570824524313,73.4291754756871,2.780126849894292,0.02536997885835095,19156.0,1.3994082840236686,4.592233009708738,0.03805496828752643,1
PRV56588,269,100,169,1030600,3831.2267657992566,42000,6301.254996761067,251,108,3.862453531598513,73.45353159851301,4.654275092936803,0.2825278810408922,106092.0,1.0717131474103585,2.490740740740741,0.37174721189591076,1
PRV56589,24,4,20,42650,1777.0833333333333,12000,3146.7947518300152,24,14,2.625,70.33333333333333,3.3333333333333335,0.25,4392.0,1.0,1.7142857142857142,0.16666666666666666,0
PRV56590,33,0,33,10410,315.45454545454544,3300,632.564675097984,31,22,0.6060606060606061,75.81818181818181,2.8484848484848486,0.0,0.0,1.064516129032258,1.5,0.0,0
PRV56591,143,16,127,135460,947.2727272727273,13000,2180.4015594168195,87,35,1.979020979020979,74.62237762237763,3.4125874125874125,0.0979020979020979,17388.0,1.6436781609195403,4.085714285714285,0.11188811188811189,1
PRV56592,118,63,55,732240,6205.423728813559,68000,11160.00426156122,99,47,3.016949152542373,73.55932203389831,5.88135593220339,0.4661016949152542,63122.0,1.1919191919191918,2.5106382978723403,0.5338983050847458,1
PRV56593,46,0,46,13490,293.2608695652174,2000,467.76563147621073,46,15,1.565217391304348,71.08695652173913,2.6739130434782608,0.0,60.0,1.0,3.066666666666667,0.0,0
PRV56594,70,0,70,29730,424.7142857142857,3300,757.4742955959712,64,29,2.2,74.75714285714285,2.4,0.0,280.0,1.09375,2.413793103448276,0.0,0
PRV56595,56,0,56,15760,281.42857142857144,3300,600.7856328370184,46,42,0.19642857142857142,74.08928571428571,2.125,0.0,80.0,1.2173913043478262,1.3333333333333333,0.0,0
PRV56596,18,0,18,4140,230.0,1900,436.88738621673906,18,16,1.5,69.0,2.6666666666666665,0.0,50.0,1.0,1.125,0.0,0
PRV56597,191,0,191,52120,272.87958115183244,3300,555.7683928360923,110,1,1.4659685863874345,74.57591623036649,2.6178010471204187,0.0,540.0,1.7363636363636363,191.0,0.0,0
PRV56598,280,0,280,87080,311.0,3300,591.1277115194017,194,42,1.3178571428571428,74.20714285714286,2.4392857142857145,0.0,770.0,1.443298969072165,6.666666666666667,0.0,0
PRV56601,33,1,32,11510,348.7878787878788,3000,612.5905931766214,31,10,3.303030303030303,67.0,2.878787878787879,0.0,1168.0,1.064516129032258,3.3,0.030303030303030304,0
PRV56602,145,0,145,55810,384.8965517241379,3300,809.6399381835824,49,22,1.9586206896551723,74.09655172413792,2.606896551724138,0.006896551724137931,440.0,2.9591836734693877,6.590909090909091,0.0,0
PRV56603,4,1,3,6120,1530.0,6000,2980.0782987476464,4,4,1.0,59.5,4.25,0.5,1068.0,1.0,1.0,0.25,0
PRV56604,29,0,29,9780,337.2413793103448,3300,834.1201375946313,27,18,0.4827586206896552,75.41379310344827,2.7586206896551726,0.0,0.0,1.0740740740740742,1.6111111111111112,0.0,0
PRV56605,108,4,104,51240,474.44444444444446,8000,1329.2449781127648,33,3,0.9722222222222222,73.75,2.5555555555555554,0.018518518518518517,4452.0,3.272727272727273,36.0,0.037037037037037035,1
PRV56606,64,9,55,94550,1477.34375,17000,3787.095566834995,26,19,1.875,68.8125,3.21875,0.046875,9712.0,2.4615384615384617,3.3684210526315788,0.140625,0
PRV56607,72,4,68,48820,678.0555555555555,20000,2437.9017986721083,46,6,1.7777777777777777,72.40277777777777,2.8194444444444446,0.013888888888888888,4622.0,1.565217391304348,12.0,0.05555555555555555,0
PRV56608,856,0,856,235250,274.8247663551402,3300,552.1638176646106,421,48,1.5408878504672898,73.5572429906542,2.6063084112149535,0.0,1770.0,2.0332541567695963,17.833333333333332,0.0,1
PRV56610,30,12,18,76590,2553.0,14000,3911.364652940948,28,18,3.0,66.03333333333333,4.3,0.23333333333333334,12816.0,1.0714285714285714,1.6666666666666667,0.4,0
PRV56611,123,0,123,26970,219.26829268292684,3100,455.3996096597018,59,19,0.926829268292683,71.44715447154472,2.7560975609756095,0.0,780.0,2.0847457627118646,6.473684210526316,0.0,0
PRV56613,304,0,304,81390,267.73026315789474,3300,554.3662092864342,128,12,1.4210526315789473,74.33881578947368,2.651315789473684,0.003289473684210526,620.0,2.375,25.333333333333332,0.0,0
PRV56614,26,15,11,126100,4850.0,27000,7254.881391173807,25,14,4.461538461538462,71.88461538461539,5.615384615384615,0.46153846153846156,13884.0,1.04,1.8571428571428572,0.5769230769230769,0
PRV56615,129,3,126,64650,501.16279069767444,21000,2075.457264340717,98,32,1.062015503875969,75.37984496124031,2.7906976744186047,0.007751937984496124,3574.0,1.316326530612245,4.03125,0.023255813953488372,0
PRV56616,176,0,176,38150,216.76136363636363,3300,434.1050167694628,138,4,1.1818181818181819,74.14204545454545,2.789772727272727,0.0,300.0,1.2753623188405796,44.0,0.0,1
PRV56618,135,0,135,32210,238.59259259259258,3300,506.82235541136185,98,9,0.9111111111111111,74.19259259259259,2.4296296296296296,0.0,640.0,1.3775510204081634,15.0,0.0,0
PRV56621,91,0,91,31940,350.989010989011,3300,736.395206311054,81,63,1.978021978021978,73.91208791208791,2.7252747252747254,0.0,410.0,1.123456790123457,1.4444444444444444,0.0,0
PRV56622,26,0,26,8930,343.46153846153845,2200,557.2140867400415,21,18,2.3461538461538463,71.03846153846153,3.1153846153846154,0.0,0.0,1.2380952380952381,1.4444444444444444,0.0,0
PRV56624,22,7,15,187460,8520.90909090909,57000,17849.63942788839,21,17,3.590909090909091,72.0,4.954545454545454,0.5,7566.0,1.0476190476190477,1.2941176470588236,0.3181818181818182,1
PRV56625,36,0,36,10020,278.3333333333333,3300,642.403967253361,32,25,1.1666666666666667,73.02777777777777,2.4722222222222223,0.0,0.0,1.125,1.44,0.0,0
PRV56626,94,4,90,65670,698.6170212765958,33000,3488.911036031381,67,25,1.7234042553191489,74.29787234042553,2.6702127659574466,0.02127659574468085,4462.0,1.4029850746268657,3.76,0.0425531914893617,0
PRV56628,101,9,92,110420,1093.2673267326732,24000,3389.9572589963127,85,40,1.5643564356435644,73.5049504950495,3.297029702970297,0.04950495049504951,9752.0,1.188235294117647,2.525,0.0891089108910891,0
PRV56630,159,63,96,597230,3756.1635220125786,50000,6749.752156607155,116,44,2.6163522012578615,71.55345911949685,4.433962264150943,0.27672955974842767,67494.0,1.3706896551724137,3.6136363636363638,0.39622641509433965,1
PRV56632,73,7,66,64920,889.3150684931506,9000,1857.832764246738,22,2,1.0684931506849316,67.84931506849315,3.506849315068493,0.0821917808219178,7476.0,3.3181818181818183,36.5,0.0958904109589041,0
PRV56633,5,0,5,600,120.0,300,124.29802894656054,3,4,0.2,52.8,4.0,0.0,0.0,1.6666666666666667,1.25,0.0,0
PRV56634,206,0,206,55830,271.0194174757282,3300,586.3366465058762,123,4,1.0776699029126213,73.22330097087378,2.5,0.0,400.0,1.6747967479674797,51.5,0.0,0
PRV56635,10,0,10,2270,227.0,1400,421.82276425584763,10,9,2.0,74.0,3.0,0.0,0.0,1.0,1.1111111111111112,0.0,0
PRV56637,161,0,161,40250,250.0,3300,554.2573860581382,137,65,1.8322981366459627,73.07453416149069,2.4285714285714284,0.0,430.0,1.1751824817518248,2.476923076923077,0.0,0
PRV56638,26,0,26,7230,278.0769230769231,2600,601.451705331487,24,21,0.7307692307692307,76.65384615384616,2.6153846153846154,0.0,80.0,1.0833333333333333,1.2380952380952381,0.0,0
PRV56639,96,0,96,46400,483.3333333333333,3300,886.1646118516837,39,2,2.2916666666666665,71.42708333333333,2.8541666666666665,0.0,130.0,2.4615384615384617,48.0,0.0,0
PRV56640,23,0,23,7320,318.2608695652174,1600,465.2433593284374,23,14,1.0434782608695652,72.1304347826087,2.130434782608696,0.0,100.0,1.0,1.6428571428571428,0.0,0
PRV56641,1,0,1,100,100.0,100,0.0,1,1,0.0,47.0,2.0,0.0,0.0,1.0,1.0,0.0,0
PRV56642,141,0,141,45430,322.1985815602837,3300,662.6333743897272,103,1,1.24822695035461,74.40425531914893,2.6382978723404253,0.0,590.0,1.3689320388349515,141.0,0.0,0
PRV56643,24,8,16,72690,3028.75,12000,4097.901172763825,22,16,2.8333333333333335,77.95833333333333,4.958333333333333,0.375,8544.0,1.0909090909090908,1.5,0.3333333333333333,0
PRV56645,64,0,64,22720,355.0,2500,600.4389928435562,52,39,1.78125,74.8125,2.734375,0.0,160.0,1.2307692307692308,1.641025641025641,0.0,0
PRV56647,183,121,62,1288910,7043.224043715847,44000,8639.277797774017,157,57,4.344262295081967,74.33333333333333,6.054644808743169,0.44808743169398907,126084.0,1.1656050955414012,3.210526315789474,0.6612021857923497,1
PRV56648,49,0,49,14940,304.8979591836735,3300,626.6681818985878,48,23,1.7142857142857142,73.3265306122449,2.3469387755102042,0.0,140.0,1.0208333333333333,2.130434782608696,0.0,0
PRV56649,266,7,259,192350,723.1203007518797,51000,3666.8343810330384,123,9,1.906015037593985,70.19172932330827,2.7330827067669174,0.018796992481203006,7378.0,2.16260162601626,29.555555555555557,0.02631578947368421,1
PRV56651,71,0,71,18630,262.3943661971831,6050,839.8477154286151,38,13,0.16901408450704225,75.12676056338029,2.2816901408450705,0.0,40.0,1.868421052631579,5.461538461538462,0.0,0
PRV56653,72,0,72,21060,292.5,3300,607.276881881408,39,3,1.4583333333333333,70.01388888888889,2.625,0.0,100.0,1.8461538461538463,24.0,0.0,0
PRV56654,49,0,49,17620,359.59183673469386,2600,629.11299721537,34,1,0.6326530612244898,74.0204081632653,2.7346938775510203,0.0,140.0,1.4411764705882353,49.0,0.0,0
PRV56655,251,0,251,69380,276.41434262948206,3400,524.2845521598613,104,30,1.6414342629482073,72.58565737051792,2.553784860557769,0.00796812749003984,1010.0,2.4134615384615383,8.366666666666667,0.0,0
PRV56656,42,0,42,14060,334.76190476190476,2700,625.2657507021806,29,1,2.0476190476190474,77.16666666666667,3.0714285714285716,0.0,260.0,1.4482758620689655,42.0,0.0,0
PRV56657,20,0,20,5200,260.0,1800,405.9556626036887,18,13,1.85,73.5,2.65,0.0,0.0,1.1111111111111112,1.5384615384615385,0.0,0
PRV56658,70,1,69,35160,502.2857142857143,20000,2397.0707797187315,69,38,1.0285714285714285,73.64285714285714,2.8142857142857145,0.02857142857142857,1428.0,1.0144927536231885,1.8421052631578947,0.014285714285714285,0
PRV56659,141,2,139,34550,245.03546099290782,5000,665.4779422269971,66,3,1.7163120567375887,71.02127659574468,2.24822695035461,0.0070921985815602835,2346.0,2.1363636363636362,47.0,0.014184397163120567,0
PRV56660,4,0,4,180,45.0,100,37.859388972001824,4,2,0.0,82.0,1.5,0.0,0.0,1.0,2.0,0.0,0
PRV56662,9,3,6,15290,1698.888888888889,7000,2567.306197381043,7,3,2.4444444444444446,75.77777777777777,3.2222222222222223,0.1111111111111111,3204.0,1.2857142857142858,3.0,0.3333333333333333,0
PRV56663,251,13,238,159640,636.01593625498,20000,1978.1502631865515,133,29,1.5418326693227091,74.4980079681275,3.087649402390438,0.035856573705179286,13336.0,1.887218045112782,8.655172413793103,0.05179282868525897,0
PRV56664,15,1,14,59600,3973.3333333333335,57000,14672.64786049523,11,3,2.066666666666667,70.66666666666667,2.533333333333333,0.06666666666666667,1068.0,1.3636363636363635,5.0,0.06666666666666667,0
PRV56667,32,0,32,6300,196.875,2700,505.64195862544943,28,12,0.4375,70.8125,2.46875,0.0,90.0,1.1428571428571428,2.6666666666666665,0.0,0
PRV56668,73,52,21,623470,8540.684931506848,57000,10783.886298131107,65,18,4.561643835616438,73.86301369863014,6.3561643835616435,0.589041095890411,55606.0,1.123076923076923,4.055555555555555,0.7123287671232876,1
PRV56669,40,29,11,283610,7090.25,41000,8127.897664754272,32,9,5.4,70.975,6.925,0.475,30004.0,1.25,4.444444444444445,0.725,1
PRV56671,43,3,40,35340,821.8604651162791,16000,2760.043353536277,30,22,1.5116279069767442,68.81395348837209,3.0930232558139537,0.046511627906976744,3354.0,1.4333333333333333,1.9545454545454546,0.06976744186046512,0
PRV56672,161,0,161,40980,254.53416149068323,3300,509.0861301275048,70,20,1.7577639751552796,71.81987577639751,2.472049689440994,0.0,220.0,2.3,8.05,0.0,0
PRV56673,4,2,2,42640,10660.0,24000,12190.422470119729,4,3,1.5,79.5,6.25,0.5,2136.0,1.0,1.3333333333333333,0.5,0
PRV56674,46,0,46,15860,344.7826086956522,3300,667.5185861097295,21,9,1.891304347826087,75.19565217391305,2.630434782608696,0.0,100.0,2.1904761904761907,5.111111111111111,0.0,0
PRV56675,323,0,323,98690,305.54179566563465,3300,617.4672274496885,172,14,1.6904024767801857,75.50464396284829,2.526315789473684,0.0,740.0,1.877906976744186,23.071428571428573,0.0,0
PRV56677,1,0,1,20,20.0,20,0.0,1,1,14.0,69.0,2.0,0.0,0.0,1.0,1.0,0.0,0
PRV56679,25,0,25,4170,166.8,1000,280.352753984452,19,6,0.68,73.8,3.04,0.0,100.0,1.3157894736842106,4.166666666666667,0.0,0
PRV56680,33,8,25,64400,1951.5151515151515,23000,4692.919614437877,32,18,2.0303030303030303,75.21212121212122,3.9696969696969697,0.18181818181818182,8714.0,1.03125,1.8333333333333333,0.24242424242424243,0
PRV56681,5,0,5,790,158.0,500,193.0543964793343,5,4,0.0,75.4,2.6,0.0,0.0,1.0,1.25,0.0,0
PRV56682,19,3,16,16410,863.6842105263158,7000,1894.0673768560018,19,9,1.6842105263157894,69.26315789473684,3.8421052631578947,0.21052631578947367,3204.0,1.0,2.111111111111111,0.15789473684210525,0
PRV56683,167,0,167,54880,328.622754491018,3300,617.0351927707757,143,13,1.215568862275449,73.91616766467065,2.5988023952095807,0.0,340.0,1.167832167832168,12.846153846153847,0.0,0
PRV56684,92,16,76,172070,1870.3260869565217,36000,5287.778455211592,88,60,1.7173913043478262,72.94565217391305,3.3369565217391304,0.08695652173913043,17118.0,1.0454545454545454,1.5333333333333334,0.17391304347826086,0
PRV56685,405,35,370,435290,1074.79012345679,46000,3768.591638598705,121,24,1.874074074074074,72.23456790123457,3.2839506172839505,0.056790123456790124,34466.0,3.347107438016529,16.875,0.08641975308641975,1
PRV56686,20,15,5,143000,7150.0,55000,12065.356670192034,18,10,4.1,73.05,7.3,0.5,16120.0,1.1111111111111112,2.0,0.75,0
PRV56687,9,0,9,4120,457.77777777777777,3300,1072.2963417099045,7,5,0.0,73.11111111111111,1.5555555555555556,0.0,110.0,1.2857142857142858,1.8,0.0,0
PRV56688,37,0,37,7860,212.43243243243242,3000,496.4675518400271,19,14,2.081081081081081,73.16216216216216,3.0,0.0,140.0,1.9473684210526316,2.642857142857143,0.0,0
PRV56689,1794,0,1794,505530,281.7892976588629,3400,566.7287351149332,796,16,1.4319955406911928,74.09420289855072,2.66164994425864,0.0,5450.0,2.2537688442211055,112.125,0.0,1
PRV56691,4,0,4,340,85.0,100,17.320508075688775,4,4,1.25,84.25,4.75,0.0,0.0,1.0,1.0,0.0,0
PRV56693,373,0,373,91230,244.58445040214477,4010,538.433262280111,302,23,1.0402144772117963,72.88739946380697,2.5093833780160857,0.0,1350.0,1.2350993377483444,16.217391304347824,0.0,0
PRV56694,8,0,8,3950,493.75,1100,498.510280736516,8,8,7.0,78.5,2.375,0.0,70.0,1.0,1.0,0.0,0
PRV56696,34,7,27,69220,2035.8823529411766,17000,4450.790952960145,33,25,1.2058823529411764,74.55882352941177,4.235294117647059,0.11764705882352941,7546.0,1.0303030303030303,1.36,0.20588235294117646,0
PRV56697,78,0,78,21570,276.53846153846155,3300,608.0858340879038,36,11,0.8205128205128205,73.21794871794872,2.6538461538461537,0.0,200.0,2.1666666666666665,7.090909090909091,0.0,0
PRV56699,3,0,3,550,183.33333333333334,400,187.7054430040145,3,2,0.0,77.0,4.0,0.0,0.0,1.0,1.5,0.0,0
PRV56700,5,0,5,640,128.0,500,209.093280618962,5,4,0.0,76.4,1.8,0.0,0.0,1.0,1.25,0.0,0
PRV56701,23,4,19,36680,1594.7826086956522,13000,3301.4623062642704,22,16,1.3043478260869565,72.69565217391305,4.086956521739131,0.13043478260869565,4272.0,1.0454545454545454,1.4375,0.17391304347826086,0
PRV56702,224,0,224,47350,211.38392857142858,3200,397.3661659918722,82,35,1.4285714285714286,72.24107142857143,2.7857142857142856,0.0,380.0,2.731707317073171,6.4,0.0,0
PRV56703,48,21,27,186070,3876.4583333333335,32000,7107.118244612776,46,24,3.5416666666666665,76.875,5.083333333333333,0.2916666666666667,22478.0,1.0434782608695652,2.0,0.4375,0
PRV56705,16,4,12,61120,3820.0,38000,9467.567797486323,16,13,1.9375,72.6875,3.6875,0.25,4272.0,1.0,1.2307692307692308,0.25,0
PRV56706,347,31,316,346360,998.1556195965418,20000,2577.3931690696486,144,17,2.1412103746397695,72.0806916426513,3.360230547550432,0.06051873198847262,32500.0,2.4097222222222223,20.41176470588235,0.0893371757925072,1
PRV56707,18,0,18,2860,158.88888888888889,500,155.2564818724123,6,2,0.0,73.55555555555556,2.0,0.0,160.0,3.0,9.0,0.0,0
PRV56708,7,0,7,3530,504.2857142857143,2700,977.306794936253,5,4,0.42857142857142855,63.142857142857146,2.857142857142857,0.0,0.0,1.4,1.75,0.0,0
PRV56710,67,10,57,64690,965.5223880597015,8000,1850.057561415803,53,21,0.835820895522388,71.02985074626865,3.373134328358209,0.08955223880597014,10760.0,1.2641509433962264,3.1904761904761907,0.14925373134328357,0
PRV56711,63,8,55,107950,1713.4920634920634,28000,4538.532219295262,39,14,2.507936507936508,70.63492063492063,3.0793650793650795,0.14285714285714285,8774.0,1.6153846153846154,4.5,0.12698412698412698,1
PRV56712,4,2,2,5310,1327.5,3000,1419.0460410665564,2,3,2.75,87.75,4.25,0.5,2136.0,2.0,1.3333333333333333,0.5,0
PRV56713,173,55,118,499920,2889.7109826589594,54000,6077.690659550931,141,41,2.1502890173410405,73.91907514450867,4.179190751445087,0.27167630057803466,56984.0,1.2269503546099292,4.219512195121951,0.3179190751445087,0
PRV56715,13,3,10,18670,1436.1538461538462,7000,2530.591296059541,13,9,2.5384615384615383,71.92307692307692,3.769230769230769,0.07692307692307693,2206.0,1.0,1.4444444444444444,0.23076923076923078,0
PRV56716,124,0,124,47360,381.93548387096774,5800,839.1184664169164,65,13,1.75,75.83064516129032,2.6693548387096775,0.0,600.0,1.9076923076923078,9.538461538461538,0.0,0
PRV56717,8,1,7,11400,1425.0,11000,3869.012424748355,7,8,1.25,72.0,2.75,0.125,1068.0,1.1428571428571428,1.0,0.125,0
PRV56718,142,0,142,32620,229.71830985915494,2500,418.5993932183811,77,11,1.119718309859155,72.02816901408451,2.619718309859155,0.0,590.0,1.844155844155844,12.909090909090908,0.0,0
PRV56719,67,10,57,123600,1844.7761194029852,34000,5257.755414107106,57,51,2.8507462686567164,72.58208955223881,3.7611940298507465,0.1791044776119403,10810.0,1.1754385964912282,1.3137254901960784,0.14925373134328357,1
PRV56720,12,2,10,18750,1562.5,12000,3487.9588326386274,12,8,2.25,66.41666666666667,2.75,0.16666666666666666,2186.0,1.0,1.5,0.16666666666666666,0
PRV56721,202,0,202,60120,297.6237623762376,3300,571.4381760823138,182,7,1.0445544554455446,72.03465346534654,2.712871287128713,0.0,820.0,1.10989010989011,28.857142857142858,0.0,0
PRV56722,25,2,23,24770,990.8,10000,2366.43353311828,25,16,3.04,69.8,3.32,0.08,1348.0,1.0,1.5625,0.08,0
PRV56723,18,0,18,2830,157.22222222222223,1900,436.27845338600997,11,4,0.5,72.33333333333333,1.7222222222222223,0.0,80.0,1.6363636363636365,4.5,0.0,0
PRV56724,26,6,20,85860,3302.3076923076924,23000,6557.072705219796,26,18,1.9230769230769231,73.11538461538461,4.538461538461538,0.3076923076923077,6478.0,1.0,1.4444444444444444,0.23076923076923078,0
PRV56725,291,0,291,99310,341.27147766323026,4050,616.8435490274458,132,14,1.0756013745704467,71.6701030927835,2.821305841924399,0.0,940.0,2.2045454545454546,20.785714285714285,0.0,0
PRV56726,16,3,13,72440,4527.5,57000,14119.99598677941,16,15,1.5,70.1875,3.375,0.125,3204.0,1.0,1.0666666666666667,0.1875,0
PRV56728,42,0,42,10640,253.33333333333334,3300,542.5849002540891,17,11,1.0952380952380953,67.45238095238095,2.6666666666666665,0.0,50.0,2.4705882352941178,3.8181818181818183,0.0,0
PRV56729,219,0,219,70080,320.0,8400,751.7490309302613,179,44,1.6757990867579908,72.12785388127854,2.5342465753424657,0.0,840.0,1.223463687150838,4.9772727272727275,0.0,0
PRV56730,54,23,31,303950,5628.7037037037035,40000,9218.156826016935,51,34,3.685185185185185,70.4074074074074,5.148148148148148,0.46296296296296297,24564.0,1.0588235294117647,1.588235294117647,0.42592592592592593,1
PRV56731,20,4,16,109700,5485.0,57000,14371.850227001687,20,13,3.65,72.0,3.95,0.2,4352.0,1.0,1.5384615384615385,0.2,1
PRV56732,28,13,15,172920,6175.714285714285,57000,11485.334103581812,26,20,3.25,74.25,5.321428571428571,0.21428571428571427,13954.0,1.0769230769230769,1.4,0.4642857142857143,1
PRV56733,198,12,186,123300,622.7272727272727,17000,1952.0614214882119,89,9,0.8232323232323232,72.97474747474747,2.919191919191919,0.030303030303030304,13276.0,2.2247191011235956,22.0,0.06060606060606061,0
PRV56734,22,10,12,109700,4986.363636363636,57000,12059.511774629364,22,18,4.045454545454546,69.18181818181819,4.409090909090909,0.2727272727272727,10770.0,1.0,1.2222222222222223,0.45454545454545453,0
PRV56735,412,0,412,133630,324.34466019417476,3300,597.0864439534075,285,3,1.6140776699029127,72.68932038834951,2.9053398058252426,0.0,1940.0,1.4456140350877194,137.33333333333334,0.0,0
PRV56738,512,19,493,268680,524.765625,13000,1621.8911987000686,300,9,1.5390625,73.271484375,2.927734375,0.03125,21612.0,1.7066666666666668,56.888888888888886,0.037109375,0
PRV56739,5,1,4,11150,2230.0,11000,4902.637045509284,5,3,0.6,81.2,3.8,0.4,1068.0,1.0,1.6666666666666667,0.2,0
PRV56740,45,0,45,8720,193.77777777777777,1900,400.9267043016993,38,25,0.8,70.06666666666666,2.577777777777778,0.0,80.0,1.1842105263157894,1.8,0.0,0
PRV56741,25,0,25,5620,224.8,1300,388.7921466970923,25,19,0.04,73.68,2.36,0.0,90.0,1.0,1.3157894736842106,0.0,0
PRV56742,35,9,26,120750,3450.0,41000,8317.300184130734,32,4,3.8857142857142857,74.28571428571429,4.085714285714285,0.22857142857142856,9612.0,1.09375,8.75,0.2571428571428571,0
PRV56743,393,0,393,126960,323.0534351145038,9020,742.1740263595264,328,24,1.1450381679389312,72.38931297709924,2.6310432569974553,0.0,1050.0,1.1981707317073171,16.375,0.0,0
PRV56745,132,0,132,27460,208.03030303030303,2400,394.36573754901576,53,5,1.1363636363636365,76.62878787878788,2.8106060606060606,0.0,530.0,2.490566037735849,26.4,0.0,0
PRV56746,43,15,28,171030,3977.4418604651164,38000,7798.250137362397,42,37,2.6511627906976742,73.44186046511628,4.465116279069767,0.27906976744186046,16080.0,1.0238095238095237,1.162162162162162,0.3488372093023256,0
PRV56747,16,1,15,18530,1158.125,12000,2959.1017077259553,16,11,3.0625,76.6875,2.5,0.0625,1068.0,1.0,1.4545454545454546,0.0625,0
PRV56748,463,117,346,1415780,3057.840172786177,79000,7876.477754590299,361,11,2.386609071274298,73.01295896328294,3.941684665226782,0.16630669546436286,123710.0,1.2825484764542936,42.09090909090909,0.2526997840172786,1
PRV56749,28,11,17,110210,3936.0714285714284,20000,5770.703365105706,26,26,3.1785714285714284,73.07142857142857,4.357142857142857,0.39285714285714285,10680.0,1.0769230769230769,1.0769230769230769,0.39285714285714285,0
PRV56750,11,1,10,26350,2395.4545454545455,25000,7498.819058540304,11,11,3.3636363636363638,75.81818181818181,2.909090909090909,0.18181818181818182,1068.0,1.0,1.0,0.09090909090909091,0
PRV56751,84,5,79,86410,1028.6904761904761,34000,4096.255057171388,51,4,0.9880952380952381,70.35714285714286,2.5595238095238093,0.03571428571428571,5700.0,1.6470588235294117,21.0,0.05952380952380952,0
PRV56752,25,1,24,16120,644.8,12000,2405.3605412356237,24,14,1.0,76.0,2.72,0.08,1188.0,1.0416666666666667,1.7857142857142858,0.04,0
PRV56753,24,9,15,100080,4170.0,25000,6645.4397570979,21,15,3.0,76.58333333333333,4.125,0.2916666666666667,9612.0,1.1428571428571428,1.6,0.375,0
PRV56754,109,9,100,74050,679.3577981651376,11000,1823.0013283092605,70,33,1.6697247706422018,74.98165137614679,2.944954128440367,0.01834862385321101,9772.0,1.5571428571428572,3.303030303030303,0.08256880733944955,0
PRV56755,18,3,15,54160,3008.8888888888887,35000,8485.978669954817,17,13,1.8888888888888888,76.0,3.388888888888889,0.16666666666666666,3274.0,1.0588235294117647,1.3846153846153846,0.16666666666666666,0
PRV56758,531,0,531,164890,310.52730696798494,6400,695.0176492316499,347,9,1.6497175141242937,73.75517890772129,2.6271186440677967,0.0,1770.0,1.5302593659942363,59.0,0.0,0
PRV56759,11,2,9,28260,2569.090909090909,21000,6363.260885026568,11,9,4.636363636363637,72.36363636363636,4.545454545454546,0.18181818181818182,2176.0,1.0,1.2222222222222223,0.18181818181818182,0
PRV56760,643,0,643,188300,292.84603421461895,3300,633.0545686190986,403,7,1.5489891135303266,74.02021772939347,2.7418351477449456,0.0,1610.0,1.5955334987593053,91.85714285714286,0.0,0
PRV56761,117,92,25,832220,7112.991452991453,57000,8526.556311066524,107,15,4.478632478632479,75.51282051282051,6.752136752136752,0.4358974358974359,94124.0,1.0934579439252337,7.8,0.7863247863247863,0
PRV56762,39,1,38,10710,274.61538461538464,3000,538.7551252844308,35,14,0.4358974358974359,77.35897435897436,2.5384615384615383,0.0,1168.0,1.1142857142857143,2.7857142857142856,0.02564102564102564,0
PRV56763,26,13,13,116490,4480.384615384615,36000,7519.8321687491025,25,23,4.846153846153846,74.3076923076923,5.346153846153846,0.5384615384615384,11748.0,1.04,1.1304347826086956,0.5,0
PRV56764,201,5,196,95680,476.0199004975124,25000,2040.5568062668565,139,41,1.8606965174129353,73.42786069651741,2.656716417910448,0.014925373134328358,5910.0,1.4460431654676258,4.902439024390244,0.024875621890547265,0
PRV56765,22,0,22,5970,271.3636363636364,1600,433.94420811617675,21,18,1.5454545454545454,73.5,2.727272727272727,0.0,0.0,1.0476190476190477,1.2222222222222223,0.0,0
PRV56766,29,2,27,24780,854.4827586206897,11000,2220.988496475799,27,21,1.8275862068965518,70.55172413793103,2.5172413793103448,0.034482758620689655,2156.0,1.0740740740740742,1.380952380952381,0.06896551724137931,0
PRV56767,18,6,12,51570,2865.0,23000,5650.700373040705,18,16,2.888888888888889,72.55555555555556,4.444444444444445,0.16666666666666666,6478.0,1.0,1.125,0.3333333333333333,0
PRV56768,4,4,0,17000,4250.0,8000,2872.281323269014,4,2,2.5,75.75,8.5,0.5,4272.0,1.0,2.0,1.0,0
PRV56769,23,4,19,35120,1526.9565217391305,12000,3338.226849395307,21,21,1.4782608695652173,74.3913043478261,4.0,0.13043478260869565,4272.0,1.0952380952380953,1.0952380952380953,0.17391304347826086,0
PRV56771,2,0,2,460,230.0,400,240.41630560342617,2,2,0.0,72.0,2.5,0.0,30.0,1.0,1.0,0.0,0
PRV56772,70,5,65,47960,685.1428571428571,14000,2105.2327785211396,54,34,1.6285714285714286,73.98571428571428,3.4285714285714284,0.07142857142857142,5470.0,1.2962962962962963,2.0588235294117645,0.07142857142857142,0
PRV56773,43,7,36,64730,1505.3488372093022,16000,3008.2326316113713,33,9,1.5813953488372092,70.16279069767442,3.4651162790697674,0.023255813953488372,7696.0,1.303030303030303,4.777777777777778,0.16279069767441862,0
PRV56774,1,1,0,4000,4000.0,4000,0.0,1,1,4.0,68.0,9.0,0.0,1068.0,1.0,1.0,1.0,0
PRV56775,18,3,15,34350,1908.3333333333333,15000,3976.6276726717606,18,14,2.888888888888889,70.0,3.8333333333333335,0.05555555555555555,3204.0,1.0,1.2857142857142858,0.16666666666666666,0
PRV56777,44,13,31,113150,2571.590909090909,28000,5088.936446285611,44,37,2.6136363636363638,75.5909090909091,4.545454545454546,0.18181818181818182,14054.0,1.0,1.1891891891891893,0.29545454545454547,0
PRV56778,38,15,23,122180,3215.2631578947367,24000,5145.800038573629,38,32,3.1315789473684212,74.21052631578948,5.078947368421052,0.21052631578947367,16040.0,1.0,1.1875,0.39473684210526316,0
PRV56780,7,0,7,880,125.71428571428571,400,134.39458605875743,7,3,0.0,72.85714285714286,3.0,0.0,0.0,1.0,2.3333333333333335,0.0,0
PRV56782,288,0,288,90010,312.53472222222223,9030,770.910249011248,109,18,1.7534722222222223,73.86805555555556,2.6875,0.0,510.0,2.6422018348623855,16.0,0.0,0
PRV56783,85,0,85,25430,299.1764705882353,3100,598.5502560049453,69,1,1.411764705882353,71.28235294117647,2.3176470588235296,0.0,0.0,1.2318840579710144,85.0,0.0,0
PRV56784,19,0,19,6920,364.2105263157895,2080,664.8585128471043,18,11,0.05263157894736842,70.3157894736842,3.210526315789474,0.0,390.0,1.0555555555555556,1.7272727272727273,0.0,0
PRV56788,177,0,177,50070,282.8813559322034,3300,568.3890238511952,116,6,1.271186440677966,74.090395480226,2.4745762711864407,0.0,170.0,1.5258620689655173,29.5,0.0,0
PRV56789,67,7,60,63510,947.9104477611941,18000,2686.0162781346544,49,6,1.1343283582089552,74.92537313432835,3.08955223880597,0.04477611940298507,7646.0,1.3673469387755102,11.166666666666666,0.1044776119402985,0
PRV56790,91,0,91,34990,384.5054945054945,5400,837.8003789504245,64,13,1.2527472527472527,72.63736263736264,2.769230769230769,0.0,40.0,1.421875,7.0,0.0,0
PRV56791,233,0,233,67030,287.6824034334764,3300,579.1802638281035,162,6,1.3562231759656653,73.00858369098712,2.6180257510729614,0.004291845493562232,590.0,1.4382716049382716,38.833333333333336,0.0,0
PRV56792,8,0,8,2460,307.5,800,334.95202215072106,8,4,0.875,72.0,2.625,0.0,0.0,1.0,2.0,0.0,0
PRV56793,31,3,28,56330,1817.0967741935483,20000,4621.090198606375,29,14,2.3548387096774195,71.58064516129032,2.870967741935484,0.0967741935483871,3204.0,1.0689655172413792,2.2142857142857144,0.0967741935483871,0
PRV56796,92,3,89,71490,777.0652173913044,26000,3469.4308802831897,87,45,0.7717391304347826,72.27173913043478,2.967391304347826,0.021739130434782608,2466.0,1.0574712643678161,2.0444444444444443,0.03260869565217391,0
PRV56797,5,0,5,1260,252.0,800,324.530430006186,5,2,0.0,76.2,1.2,0.0,0.0,1.0,2.5,0.0,0
PRV56798,24,0,24,10100,420.8333333333333,2400,641.173629517314,22,16,2.375,76.66666666666667,3.0833333333333335,0.0,40.0,1.0909090909090908,1.5,0.0,0
PRV56800,57,7,50,100830,1768.9473684210527,20000,4813.184899022731,48,16,2.2280701754385963,73.36842105263158,3.5789473684210527,0.10526315789473684,7566.0,1.1875,3.5625,0.12280701754385964,0
PRV56801,25,0,25,8210,328.4,3300,752.1950101757744,24,11,2.76,74.36,2.24,0.0,40.0,1.0416666666666667,2.272727272727273,0.0,0
PRV56802,13,13,0,185000,14230.76923076923,53000,15541.09523250022,11,1,4.384615384615385,79.76923076923077,8.538461538461538,0.6153846153846154,13884.0,1.1818181818181819,13.0,1.0,0
PRV56803,795,8,787,319420,401.7861635220126,28000,1627.5225194121588,416,130,1.6666666666666667,74.22893081761006,2.7232704402515724,0.00880503144654088,8976.0,1.9110576923076923,6.115384615384615,0.010062893081761006,0
PRV56805,1,0,1,70,70.0,70,0.0,1,1,0.0,73.0,1.0,0.0,0.0,1.0,1.0,0.0,0
PRV56807,91,0,91,22740,249.8901098901099,3500,550.2999071324542,85,2,1.2637362637362637,72.7032967032967,2.6043956043956045,0.0,390.0,1.0705882352941176,45.5,0.0,0
PRV56808,62,47,15,433610,6993.709677419355,54000,9160.533171159024,62,14,3.661290322580645,75.20967741935483,6.403225806451613,0.5,50196.0,1.0,4.428571428571429,0.7580645161290323,1
PRV56809,44,4,40,45270,1028.8636363636363,13000,2695.9256216959516,41,13,1.4545454545454546,74.47727272727273,3.1818181818181817,0.09090909090909091,4332.0,1.0731707317073171,3.3846153846153846,0.09090909090909091,0
PRV56810,14,0,14,7890,563.5714285714286,2900,902.4804037323354,14,7,2.857142857142857,71.35714285714286,3.142857142857143,0.0,0.0,1.0,2.0,0.0,0
PRV56811,62,8,54,106050,1710.483870967742,35000,5172.020383176953,60,41,1.8225806451612903,75.29032258064517,2.9838709677419355,0.0967741935483871,7756.0,1.0333333333333334,1.5121951219512195,0.12903225806451613,0
PRV56813,106,0,106,33940,320.188679245283,3300,613.5920486417128,83,14,1.4245283018867925,68.67924528301887,2.4339622641509435,0.0,340.0,1.2771084337349397,7.571428571428571,0.0,0
PRV56816,15,0,15,7040,469.3333333333333,2100,639.5251214396358,15,13,1.4,69.06666666666666,3.8,0.0,0.0,1.0,1.1538461538461537,0.0,0
PRV56818,20,4,16,45540,2277.0,26000,6020.237012295324,17,15,1.15,74.35,3.25,0.4,4272.0,1.1764705882352942,1.3333333333333333,0.2,0
PRV56819,25,24,1,220900,8836.0,57000,10833.469742730935,23,3,6.44,78.32,6.8,0.72,24564.0,1.0869565217391304,8.333333333333334,0.96,0
PRV56820,5,0,5,820,164.0,300,124.61942063739504,4,2,0.0,69.0,2.2,0.0,0.0,1.25,2.5,0.0,0
PRV56821,12,0,12,3160,263.3333333333333,2000,564.7901192371188,11,12,1.6666666666666667,69.0,2.0833333333333335,0.0,70.0,1.0909090909090908,1.0,0.0,0
PRV56823,18,0,18,6320,351.1111111111111,1900,520.0779227689193,15,8,2.2222222222222223,79.0,3.1666666666666665,0.0,10.0,1.2,2.25,0.0,0
PRV56824,136,0,136,47540,349.55882352941177,3300,689.9069906686119,125,2,1.4264705882352942,73.88235294117646,2.573529411764706,0.0,130.0,1.088,68.0,0.0,0
PRV56826,24,4,20,20870,869.5833333333334,7000,1872.007708936809,24,15,1.7083333333333333,73.625,4.208333333333333,0.08333333333333333,4362.0,1.0,1.6,0.16666666666666666,0
PRV56828,142,0,142,40510,285.28169014084506,3300,504.78236819132206,131,21,1.204225352112676,73.09154929577464,2.4225352112676055,0.0,400.0,1.083969465648855,6.761904761904762,0.0,0
PRV56829,193,0,193,56270,291.55440414507774,4800,575.8921235007385,95,2,2.0,70.37823834196891,2.626943005181347,0.0,340.0,2.031578947368421,96.5,0.0,0
PRV56830,7,0,7,6580,940.0,3300,1512.5365009369746,7,2,7.0,78.42857142857143,4.428571428571429,0.0,100.0,1.0,3.5,0.0,0
PRV56831,5,0,5,760,152.0,500,197.66132651583618,5,4,2.2,69.8,2.8,0.0,0.0,1.0,1.25,0.0,0
PRV56832,11,0,11,7520,683.6363636363636,4000,1271.9298151020184,11,5,0.0,68.0909090909091,1.3636363636363635,0.0,0.0,1.0,2.2,0.0,0
PRV56833,8,0,8,710,88.75,500,169.06782240103695,7,5,0.0,74.5,3.125,0.0,0.0,1.1428571428571428,1.6,0.0,0
PRV56834,16,1,15,6850,428.125,3000,830.8808077375879,6,7,0.1875,81.1875,2.5625,0.0,1068.0,2.6666666666666665,2.2857142857142856,0.0625,0
PRV56835,103,0,103,24640,239.2233009708738,3300,532.1537617253198,52,6,0.6407766990291263,68.4368932038835,2.2718446601941746,0.0,290.0,1.9807692307692308,17.166666666666668,0.0,0
PRV56836,3,0,3,740,246.66666666666666,600,307.4627348693388,3,2,1.3333333333333333,72.33333333333333,1.6666666666666667,0.0,0.0,1.0,1.5,0.0,0
PRV56837,42,0,42,17170,408.8095238095238,3300,748.8469262349115,27,3,3.238095238095238,75.5952380952381,2.857142857142857,0.0,90.0,1.5555555555555556,14.0,0.0,0
PRV56839,12,2,10,17870,1489.1666666666667,9000,2923.946456210831,12,10,2.8333333333333335,74.0,3.5,0.16666666666666666,2136.0,1.0,1.2,0.16666666666666666,0
PRV56840,89,0,89,19090,214.4943820224719,1800,374.53914480439414,33,10,1.3595505617977528,77.58426966292134,2.4269662921348316,0.0,580.0,2.696969696969697,8.9,0.0,0
PRV56843,2,0,2,860,430.0,800,523.2590180780452,2,2,0.0,90.5,5.5,0.0,0.0,1.0,1.0,0.0,0
PRV56845,9,0,9,600,66.66666666666667,200,57.445626465380286,9,5,0.0,79.77777777777777,2.6666666666666665,0.0,130.0,1.0,1.8,0.0,0
PRV56846,21,0,21,7020,334.2857142857143,3300,716.5442863394518,9,5,0.047619047619047616,76.57142857142857,2.8095238095238093,0.0,30.0,2.3333333333333335,4.2,0.0,0
PRV56850,17,0,17,4650,273.52941176470586,1600,460.8001353145226,6,4,1.1764705882352942,71.70588235294117,2.6470588235294117,0.0,160.0,2.8333333333333335,4.25,0.0,0
PRV56851,20,0,20,7380,369.0,2000,552.5624518168917,7,5,0.8,79.6,3.2,0.0,60.0,2.857142857142857,4.0,0.0,0
PRV56852,20,0,20,1960,98.0,700,147.84771681842454,9,5,0.0,69.3,2.6,0.0,90.0,2.2222222222222223,4.0,0.0,0
PRV56853,27,0,27,5340,197.77777777777777,2400,463.4596765575963,6,3,2.3703703703703702,73.33333333333333,3.074074074074074,0.0,40.0,4.5,9.0,0.0,0
PRV56854,3,0,3,600,200.0,500,264.5751311064591,3,2,0.3333333333333333,73.66666666666667,3.3333333333333335,0.0,0.0,1.0,1.5,0.0,0
PRV56855,4,0,4,290,72.5,200,89.58236433584459,3,2,3.5,75.0,3.0,0.0,100.0,1.3333333333333333,2.0,0.0,0
PRV56856,90,0,90,23670,263.0,3000,515.2907982310311,31,17,0.6666666666666666,74.95555555555555,2.588888888888889,0.0,270.0,2.903225806451613,5.294117647058823,0.0,0
PRV56857,46,0,46,16480,358.2608695652174,3300,830.7140284727648,20,1,0.7608695652173914,74.30434782608695,2.391304347826087,0.0,0.0,2.3,46.0,0.0,0
PRV56858,40,0,40,7870,196.75,1900,378.1831566846942,23,6,1.5,71.55,2.65,0.0,220.0,1.7391304347826086,6.666666666666667,0.0,0
PRV56860,3,0,3,2570,856.6666666666666,2400,1336.5752254674383,3,3,6.666666666666667,73.33333333333333,3.3333333333333335,0.0,0.0,1.0,1.0,0.0,0
PRV56861,31,0,31,5560,179.3548387096774,1200,278.1478681549434,22,7,1.1935483870967742,72.3225806451613,2.838709677419355,0.0,0.0,1.4090909090909092,4.428571428571429,0.0,0
PRV56862,14,0,14,2990,213.57142857142858,2100,547.9978543312449,8,1,0.5,83.5,2.2142857142857144,0.0,0.0,1.75,14.0,0.0,0
PRV56863,52,0,52,14070,270.5769230769231,3300,608.1163893420612,29,4,0.6346153846153846,68.67307692307692,2.480769230769231,0.0,100.0,1.793103448275862,13.0,0.0,0
PRV56864,24,0,24,3800,158.33333333333334,1500,305.7231863412827,12,5,2.5,77.45833333333333,2.0,0.0,0.0,2.0,4.8,0.0,0
PRV56866,68,0,68,27180,399.70588235294116,3300,734.3897265162706,23,7,2.9558823529411766,83.17647058823529,2.4705882352941178,0.0,110.0,2.9565217391304346,9.714285714285714,0.0,0
PRV56867,9,0,9,3430,381.1111111111111,2000,631.1783512693628,8,1,2.2222222222222223,72.88888888888889,3.0,0.0,70.0,1.125,9.0,0.0,0
PRV56868,18,0,18,7590,421.6666666666667,2700,651.2183152504597,7,6,1.2222222222222223,71.66666666666667,3.3333333333333335,0.0,0.0,2.5714285714285716,3.0,0.0,0
PRV56869,36,0,36,11220,311.6666666666667,2200,475.51175439880404,24,2,0.9166666666666666,74.16666666666667,2.361111111111111,0.0,50.0,1.5,18.0,0.0,0
PRV56870,13,13,0,119000,9153.846153846154,16000,4017.589531177325,13,3,4.538461538461538,76.6923076923077,8.307692307692308,0.9230769230769231,13884.0,1.0,4.333333333333333,1.0,0
PRV56871,11,0,11,4350,395.45454545454544,2000,563.0162277654817,11,3,1.8181818181818181,76.27272727272727,3.727272727272727,0.0,50.0,1.0,3.6666666666666665,0.0,0
PRV56873,2,1,1,6070,3035.0,6000,4193.143212436227,2,2,1.5,79.5,5.0,0.0,1068.0,1.0,1.0,0.5,0
PRV56877,44,15,29,170410,3872.9545454545455,46000,8757.568309500088,34,17,2.8636363636363638,74.81818181818181,4.295454545454546,0.20454545454545456,16070.0,1.2941176470588236,2.588235294117647,0.3409090909090909,1
PRV56878,26,0,26,6660,256.15384615384613,1300,378.0378491429335,8,1,0.038461538461538464,80.15384615384616,2.576923076923077,0.0,40.0,3.25,26.0,0.0,0
PRV56879,7,0,7,8140,1162.857142857143,3300,1221.061209026999,6,4,0.14285714285714285,66.57142857142857,2.4285714285714284,0.0,100.0,1.1666666666666667,1.75,0.0,0
PRV56880,2,0,2,260,130.0,200,98.99494936611666,2,2,0.0,69.0,4.5,0.0,0.0,1.0,1.0,0.0,0
PRV56881,78,0,78,17200,220.51282051282053,2200,381.4800208752829,31,5,1.8205128205128205,71.3076923076923,2.4871794871794872,0.0,150.0,2.5161290322580645,15.6,0.0,0
PRV56882,21,0,21,4050,192.85714285714286,1200,268.55433076275006,10,4,1.9047619047619047,75.57142857142857,2.5714285714285716,0.0,40.0,2.1,5.25,0.0,0
PRV56884,8,0,8,1440,180.0,900,296.88862750677595,8,5,1.0,72.875,2.875,0.0,100.0,1.0,1.6,0.0,0
PRV56885,10,9,1,66050,6605.0,14000,4663.597204829003,6,3,5.0,70.6,7.3,0.6,9612.0,1.6666666666666667,3.3333333333333335,0.9,0
PRV56886,11,0,11,1360,123.63636363636364,500,166.0284751042861,3,5,2.6363636363636362,78.0,3.1818181818181817,0.0,0.0,3.6666666666666665,2.2,0.0,0
PRV56887,36,0,36,9120,253.33333333333334,2700,563.5347625226225,11,4,0.6111111111111112,83.38888888888889,2.3055555555555554,0.0,230.0,3.272727272727273,9.0,0.0,0
PRV56888,10,0,10,6050,605.0,3000,979.6059298400443,10,7,0.2,72.0,3.8,0.0,10.0,1.0,1.4285714285714286,0.0,0
PRV56889,50,5,45,126550,2531.0,57000,9264.00236376904,29,12,1.08,72.36,3.14,0.1,5790.0,1.7241379310344827,4.166666666666667,0.1,0
PRV56890,12,0,12,4270,355.8333333333333,1500,447.4464586219599,5,1,0.9166666666666666,84.0,2.3333333333333335,0.0,60.0,2.4,12.0,0.0,0
PRV56891,1,0,1,10,10.0,10,0.0,1,1,0.0,47.0,2.0,0.0,20.0,1.0,1.0,0.0,0
PRV56892,13,0,13,3180,244.6153846153846,1600,437.25689216247895,5,1,0.38461538461538464,71.76923076923077,2.4615384615384617,0.0,0.0,2.6,13.0,0.0,0
PRV56893,7,0,7,3020,431.42857142857144,1500,543.7961803049794,7,4,2.7142857142857144,80.14285714285714,2.2857142857142856,0.0,0.0,1.0,1.75,0.0,0
PRV56894,26,0,26,4360,167.69230769230768,2100,408.5908240996872,23,6,1.9615384615384615,72.65384615384616,2.3461538461538463,0.0,0.0,1.1304347826086956,4.333333333333333,0.0,0
PRV56895,14,13,1,145000,10357.142857142857,36000,9896.441807011268,14,7,7.357142857142857,73.64285714285714,7.5,0.5,13884.0,1.0,2.0,0.9285714285714286,0
PRV56896,3,3,0,60000,20000.0,57000,32078.02986469088,3,3,9.333333333333334,65.66666666666667,9.0,1.3333333333333333,3204.0,1.0,1.0,1.0,0
PRV56897,8,8,0,62000,7750.0,17000,5574.1751471790485,8,5,5.25,73.5,8.625,1.125,7476.0,1.0,1.6,1.0,0
PRV56900,2,2,0,19000,9500.0,16000,9192.388155425118,2,1,5.0,84.5,7.5,0.5,2136.0,1.0,2.0,1.0,0
PRV56901,66,0,66,10190,154.3939393939394,1200,214.70644566211286,48,6,0.8333333333333334,72.92424242424242,2.8333333333333335,0.0,20.0,1.375,11.0,0.0,0
PRV56902,1,1,0,4000,4000.0,4000,0.0,1,1,3.0,81.0,9.0,0.0,1068.0,1.0,1.0,1.0,0
PRV56903,2,2,0,57000,28500.0,49000,28991.378028648447,2,2,10.0,67.0,9.0,2.0,2136.0,1.0,1.0,1.0,0
PRV56904,4,4,0,28000,7000.0,13000,4082.48290463863,4,4,5.5,69.75,9.25,0.75,4272.0,1.0,1.0,1.0,0
PRV56905,15,0,15,6080,405.3333333333333,1600,521.9724495557577,13,9,4.666666666666667,72.66666666666667,3.2666666666666666,0.0,50.0,1.1538461538461537,1.6666666666666667,0.0,0
PRV56906,7,6,1,52100,7442.857142857143,23000,8230.402408723634,7,5,7.142857142857143,65.0,6.857142857142857,0.5714285714285714,6408.0,1.0,1.4,0.8571428571428571,0
PRV56907,15,0,15,5820,388.0,2200,646.4872112313702,15,1,1.3333333333333333,72.93333333333334,1.8,0.0,0.0,1.0,15.0,0.0,0
PRV56908,2,1,1,5060,2530.0,5000,3493.107499061545,2,2,0.0,68.5,5.0,0.0,1068.0,1.0,1.0,0.5,0
PRV56909,7,3,4,18590,2655.714285714286,7000,2970.6444707215587,6,4,3.142857142857143,64.57142857142857,5.142857142857143,0.2857142857142857,3204.0,1.1666666666666667,1.75,0.42857142857142855,0
PRV56910,5,4,1,37260,7452.0,18000,7735.9886246038395,5,2,2.6,67.2,6.6,0.8,4272.0,1.0,2.5,0.8,0
PRV56912,7,7,0,90000,12857.142857142857,56000,19325.532087789732,7,5,5.285714285714286,74.42857142857143,8.571428571428571,0.8571428571428571,7476.0,1.0,1.4,1.0,0
PRV56914,6,6,0,70000,11666.666666666666,33000,10875.04789261485,6,1,7.333333333333333,70.0,7.833333333333333,0.8333333333333334,6408.0,1.0,6.0,1.0,0
PRV56915,4,4,0,30900,7725.0,20000,8565.580346168417,4,4,5.75,81.5,9.25,0.75,4272.0,1.0,1.0,1.0,0
PRV56916,11,11,0,113700,10336.363636363636,29000,8320.128932567419,10,3,4.2727272727272725,71.0909090909091,7.545454545454546,0.5454545454545454,11748.0,1.1,3.6666666666666665,1.0,0
PRV56917,8,2,6,14880,1860.0,7000,2896.909683487857,7,7,0.875,66.25,4.125,0.125,2136.0,1.1428571428571428,1.1428571428571428,0.25,0
PRV56918,7,7,0,142000,20285.714285714286,57000,19855.429867874816,7,7,11.571428571428571,69.57142857142857,8.571428571428571,1.0,7476.0,1.0,1.0,1.0,1
PRV56919,2,0,2,30,15.0,20,7.0710678118654755,2,1,1.5,77.5,4.5,0.0,0.0,1.0,2.0,0.0,0
PRV56920,1,0,1,80,80.0,80,0.0,1,1,0.0,74.0,4.0,0.0,0.0,1.0,1.0,0.0,0
PRV56923,41,0,41,6030,147.0731707317073,1000,209.03640714525096,27,1,0.975609756097561,75.2439024390244,2.7804878048780486,0.0,310.0,1.5185185185185186,41.0,0.0,0
PRV56926,1,0,1,20,20.0,20,0.0,1,1,0.0,75.0,3.0,0.0,0.0,1.0,1.0,0.0,0
PRV56928,32,0,32,6530,204.0625,1100,258.57998544158,28,2,1.0,72.9375,2.96875,0.0,110.0,1.1428571428571428,16.0,0.0,0
PRV56929,45,0,45,7670,170.44444444444446,2200,388.446530517016,32,2,1.8444444444444446,72.24444444444444,2.1777777777777776,0.0,140.0,1.40625,22.5,0.0,0
PRV56930,24,0,24,6680,278.3333333333333,2400,570.1995582529718,19,2,1.6666666666666667,76.29166666666667,3.0833333333333335,0.0,0.0,1.263157894736842,12.0,0.0,0
PRV56931,21,0,21,6610,314.76190476190476,1700,419.47132259093763,17,2,1.0952380952380953,69.28571428571429,3.0476190476190474,0.0,0.0,1.2352941176470589,10.5,0.0,0
PRV56932,9,0,9,810,90.0,300,100.87120500916008,8,2,2.2222222222222223,78.88888888888889,1.4444444444444444,0.0,30.0,1.125,4.5,0.0,0
PRV56933,12,0,12,4660,388.3333333333333,1600,544.8908703640212,12,2,3.25,65.33333333333333,3.1666666666666665,0.0,0.0,1.0,6.0,0.0,0
PRV56934,6,0,6,450,75.0,100,16.431676725154983,6,3,0.0,75.83333333333333,2.6666666666666665,0.0,0.0,1.0,2.0,0.0,0
PRV56935,24,0,24,13190,549.5833333333334,3300,903.050285886993,15,1,1.25,74.33333333333333,2.5,0.0,0.0,1.6,24.0,0.0,0
PRV56937,5,0,5,310,62.0,200,78.23042886243178,5,2,6.8,65.6,1.8,0.0,0.0,1.0,2.5,0.0,0
PRV56938,22,0,22,3840,174.54545454545453,900,223.81385277198706,21,4,2.5,73.4090909090909,2.090909090909091,0.0,80.0,1.0476190476190477,5.5,0.0,0
PRV56939,16,0,16,5080,317.5,1900,516.2234658233454,15,4,1.0,70.9375,3.375,0.0,80.0,1.0666666666666667,4.0,0.0,0
PRV56941,21,0,21,4280,203.8095238095238,800,220.87272784289578,20,1,2.857142857142857,74.0,2.5238095238095237,0.0,100.0,1.05,21.0,0.0,0
PRV56942,24,0,24,6960,290.0,2100,533.894632170871,23,6,0.9583333333333334,76.45833333333333,2.75,0.0,40.0,1.0434782608695652,4.0,0.0,0
PRV56944,3,0,3,180,60.0,100,36.05551275463989,3,1,0.0,76.66666666666667,1.3333333333333333,0.0,0.0,1.0,3.0,0.0,0
PRV56945,57,0,57,21400,375.43859649122805,3300,819.2637595850457,41,2,2.0,75.03508771929825,3.0526315789473686,0.0,150.0,1.3902439024390243,28.5,0.0,0
PRV56946,2,0,2,120,60.0,100,56.568542494923804,1,2,0.0,67.0,4.5,0.0,0.0,2.0,1.0,0.0,0
PRV56947,3,0,3,580,193.33333333333334,500,265.7693235370353,3,2,1.0,72.33333333333333,4.666666666666667,0.0,20.0,1.0,1.5,0.0,0
PRV56948,3,0,3,670,223.33333333333334,500,240.0694344004112,3,2,0.0,78.66666666666667,2.0,0.0,0.0,1.0,1.5,0.0,0
PRV56949,104,0,104,31960,307.3076923076923,3300,652.5785014255206,43,2,1.5673076923076923,72.86538461538461,2.7403846153846154,0.0,500.0,2.4186046511627906,52.0,0.0,0
PRV56950,3,0,3,1140,380.0,600,298.66369046136157,3,1,0.0,65.33333333333333,2.6666666666666665,0.0,0.0,1.0,3.0,0.0,0
PRV56951,19,0,19,5170,272.10526315789474,1900,452.92357642528543,8,3,2.526315789473684,73.52631578947368,2.8421052631578947,0.0,70.0,2.375,6.333333333333333,0.0,0
PRV56953,20,0,20,2870,143.5,700,198.79306881912737,19,3,1.55,75.1,2.45,0.0,140.0,1.0526315789473684,6.666666666666667,0.0,0
PRV56954,20,0,20,2910,145.5,600,184.40444680104653,19,3,2.05,75.45,2.55,0.0,0.0,1.0526315789473684,6.666666666666667,0.0,0
PRV56956,5,0,5,2810,562.0,2600,1140.0964871448382,5,1,4.0,67.6,1.8,0.0,0.0,1.0,5.0,0.0,0
PRV56957,138,0,138,44400,321.7391304347826,4060,698.0378265987756,108,1,1.1884057971014492,69.94202898550725,2.5579710144927534,0.0,590.0,1.2777777777777777,138.0,0.0,0
PRV56958,13,0,13,4980,383.0769230769231,2100,588.8885663601761,12,2,3.076923076923077,75.23076923076923,2.769230769230769,0.0,0.0,1.0833333333333333,6.5,0.0,0
PRV56960,8,0,8,2540,317.5,800,279.06732418642537,8,3,0.0,70.75,2.375,0.0,30.0,1.0,2.6666666666666665,0.0,0
PRV56963,6,0,6,1440,240.0,1000,377.5182114812476,6,2,0.0,78.83333333333333,2.8333333333333335,0.0,0.0,1.0,3.0,0.0,0
PRV56964,5,0,5,1000,200.0,500,231.08440016582685,5,3,0.0,68.8,2.4,0.0,0.0,1.0,1.6666666666666667,0.0,0
PRV56965,3,0,3,650,216.66666666666666,600,332.31511150312343,3,2,0.0,74.66666666666667,1.3333333333333333,0.0,0.0,1.0,1.5,0.0,0
PRV56966,2,0,2,240,120.0,200,113.13708498984761,2,1,0.0,67.5,1.5,0.0,0.0,1.0,2.0,0.0,0
PRV56967,91,0,91,25440,279.56043956043953,2400,515.0639918989832,79,4,1.4945054945054945,72.91208791208791,2.9450549450549453,0.0,380.0,1.1518987341772151,22.75,0.0,0
PRV56969,1,0,1,10,10.0,10,0.0,1,1,0.0,85.0,1.0,0.0,0.0,1.0,1.0,0.0,0
PRV56970,2,0,2,210,105.0,200,134.35028842544403,2,2,0.0,59.5,1.0,0.0,0.0,1.0,1.0,0.0,0
PRV56971,4,0,4,400,100.0,200,71.18052168020874,4,2,0.0,74.25,3.0,0.0,0.0,1.0,2.0,0.0,0
PRV56972,48,0,48,23760,495.0,3300,958.8823281033686,45,2,1.5416666666666667,76.70833333333333,2.7916666666666665,0.0,60.0,1.0666666666666667,24.0,0.0,0
PRV56973,17,0,17,5220,307.05882352941177,1700,417.2793534594414,17,2,0.0,75.41176470588235,2.176470588235294,0.0,10.0,1.0,8.5,0.0,0
PRV56974,1,0,1,80,80.0,80,0.0,1,1,0.0,98.0,2.0,0.0,0.0,1.0,1.0,0.0,0
PRV56976,6,0,6,1940,323.3333333333333,1600,625.5450956299367,6,4,3.8333333333333335,80.66666666666667,3.0,0.0,0.0,1.0,1.5,0.0,0
PRV56977,8,0,8,1040,130.0,400,129.72498382567417,8,2,0.875,78.125,2.25,0.0,0.0,1.0,4.0,0.0,0
PRV56978,120,0,120,24030,200.25,2300,323.92410798070046,97,1,1.3833333333333333,73.03333333333333,2.2916666666666665,0.0,330.0,1.2371134020618557,120.0,0.0,0
PRV56980,17,0,17,3070,180.58823529411765,900,280.2559229578229,17,3,1.1764705882352942,71.05882352941177,2.3529411764705883,0.0,0.0,1.0,5.666666666666667,0.0,0
PRV56981,7,0,7,710,101.42857142857143,400,135.82201238245239,7,5,0.0,72.42857142857143,1.4285714285714286,0.0,0.0,1.0,1.4,0.0,0
PRV56982,24,0,24,9470,394.5833333333333,3200,747.3662693617568,21,2,1.6666666666666667,72.875,2.5416666666666665,0.0,100.0,1.1428571428571428,12.0,0.0,0
PRV56984,3,0,3,780,260.0,700,383.14488121336035,3,1,1.0,70.66666666666667,2.3333333333333335,0.0,0.0,1.0,3.0,0.0,0
PRV56985,17,0,17,1940,114.11764705882354,600,149.08298123567843,17,3,0.058823529411764705,68.58823529411765,3.0588235294117645,0.0,40.0,1.0,5.666666666666667,0.0,0
PRV56986,2,0,2,310,155.0,300,205.0609665440988,2,1,0.0,76.5,1.5,0.0,0.0,1.0,2.0,0.0,0
PRV56987,7,0,7,1210,172.85714285714286,400,145.45495129813511,7,1,0.0,76.28571428571429,2.7142857142857144,0.0,0.0,1.0,7.0,0.0,0
PRV56988,1,0,1,0,0.0,0,0.0,1,1,0.0,67.0,3.0,0.0,0.0,1.0,1.0,0.0,0
PRV56989,2,0,2,110,55.0,70,21.213203435596427,2,2,0.0,71.0,2.0,0.0,0.0,1.0,1.0,0.0,0
PRV56990,55,0,55,8320,151.27272727272728,1700,273.4217644582473,11,1,1.8,71.52727272727273,2.381818181818182,0.0,0.0,5.0,55.0,0.0,0
PRV56991,15,0,15,6640,442.6666666666667,3300,850.8690235506845,15,4,1.2,72.06666666666666,2.933333333333333,0.0,0.0,1.0,3.75,0.0,0
PRV56992,2,0,2,100,50.0,70,28.284271247461902,2,2,0.0,83.5,2.0,0.0,0.0,1.0,1.0,0.0,0
PRV56993,24,0,24,5400,225.0,1000,275.99621925576855,24,3,2.75,73.29166666666667,2.4166666666666665,0.0,100.0,1.0,8.0,0.0,0
PRV56995,10,0,10,4330,433.0,3300,1014.7802170366197,10,1,2.0,74.9,2.3,0.0,0.0,1.0,10.0,0.0,0
PRV56996,11,0,11,2040,185.45454545454547,700,204.1746133271047,11,2,3.090909090909091,74.18181818181819,3.4545454545454546,0.0,0.0,1.0,5.5,0.0,0
PRV56997,25,0,25,2180,87.2,200,56.16345193569688,24,3,0.2,70.2,2.52,0.0,40.0,1.0416666666666667,8.333333333333334,0.0,0
PRV56998,2,0,2,330,165.0,300,190.91883092036784,2,1,0.0,77.0,2.0,0.0,0.0,1.0,2.0,0.0,0
PRV56999,8,0,8,2350,293.75,1600,531.250210083992,8,2,0.0,73.0,2.625,0.0,40.0,1.0,4.0,0.0,0
PRV57000,61,0,61,18910,310.0,3300,641.7034621484704,55,2,2.180327868852459,71.75409836065573,2.8852459016393444,0.0,150.0,1.1090909090909091,30.5,0.0,0
PRV57002,50,0,50,10450,209.0,2000,380.81143225850707,49,2,0.84,72.6,2.46,0.0,140.0,1.0204081632653061,25.0,0.0,0
PRV57004,123,0,123,33440,271.869918699187,3300,564.0650898283887,93,5,1.5772357723577235,72.47154471544715,2.6341463414634148,0.0,410.0,1.3225806451612903,24.6,0.0,0
PRV57005,2,0,2,310,155.0,300,205.0609665440988,2,1,0.0,68.5,2.0,0.0,0.0,1.0,2.0,0.0,0
PRV57006,105,0,105,40560,386.2857142857143,3300,726.1824007237293,61,2,2.0,72.64761904761905,2.857142857142857,0.009523809523809525,360.0,1.721311475409836,52.5,0.0,0
PRV57010,57,0,57,24130,423.3333333333333,3300,861.4425885300384,56,2,1.4736842105263157,73.54385964912281,3.0,0.0,280.0,1.0178571428571428,28.5,0.0,0
PRV57011,17,0,17,3760,221.1764705882353,900,270.1592667516047,16,2,0.0,76.23529411764706,2.4705882352941178,0.0,190.0,1.0625,8.5,0.0,0
PRV57013,41,0,41,15650,381.7073170731707,3300,747.5523474614484,31,3,1.2926829268292683,71.02439024390245,2.292682926829268,0.0,0.0,1.3225806451612903,13.666666666666666,0.0,0
PRV57014,76,0,76,17170,225.92105263157896,3300,514.3907143578156,46,2,1.6710526315789473,73.1842105263158,2.5,0.0,350.0,1.6521739130434783,38.0,0.0,0
PRV57015,44,0,44,22930,521.1363636363636,10300,1627.6594922873091,39,2,1.1818181818181819,73.97727272727273,2.4545454545454546,0.0,150.0,1.1282051282051282,22.0,0.0,0
PRV57016,16,16,0,197600,12350.0,33000,11515.207336387826,15,1,7.625,68.125,8.375,0.9375,17088.0,1.0666666666666667,16.0,1.0,0
PRV57017,23,23,0,266100,11569.565217391304,51000,13937.113134707784,21,2,5.3478260869565215,77.6086956521739,8.695652173913043,0.6956521739130435,23496.0,1.0952380952380953,11.5,1.0,1
PRV57018,33,24,9,332690,10081.515151515152,36000,10124.354646473806,31,3,4.151515151515151,71.06060606060606,6.696969696969697,0.8787878787878788,24564.0,1.064516129032258,11.0,0.7272727272727273,1
PRV57020,6,6,0,53000,8833.333333333334,16000,5671.566509057851,6,1,4.5,71.33333333333333,7.666666666666667,1.0,6408.0,1.0,6.0,1.0,0
PRV57021,14,14,0,137000,9785.714285714286,34000,7865.979047367619,12,1,6.428571428571429,74.64285714285714,7.285714285714286,0.5,14952.0,1.1666666666666667,14.0,1.0,1
PRV57023,15,15,0,173000,11533.333333333334,31000,7539.10440557068,15,1,5.933333333333334,71.06666666666666,8.6,0.8,14952.0,1.0,15.0,1.0,0
PRV57024,9,9,0,132700,14744.444444444445,46000,13489.357945350022,9,1,7.0,73.77777777777777,8.11111111111111,0.7777777777777778,9612.0,1.0,9.0,1.0,0
PRV57025,49,17,32,144640,2951.8367346938776,37000,6020.834546759756,45,7,3.183673469387755,72.83673469387755,4.346938775510204,0.22448979591836735,18156.0,1.0888888888888888,7.0,0.3469387755102041,1
PRV57030,57,16,41,204810,3593.157894736842,47000,7739.128355749563,53,3,2.473684210526316,72.63157894736842,4.333333333333333,0.22807017543859648,17188.0,1.0754716981132075,19.0,0.2807017543859649,1
PRV57031,152,15,137,203600,1339.4736842105262,27000,3645.068480079416,145,9,1.986842105263158,75.21710526315789,3.164473684210526,0.08552631578947369,16360.0,1.0482758620689656,16.88888888888889,0.09868421052631579,0
PRV57033,53,17,36,217330,4100.566037735849,57000,9217.738420920648,49,5,2.7358490566037736,72.11320754716981,4.660377358490566,0.16981132075471697,18276.0,1.0816326530612246,10.6,0.32075471698113206,0
PRV57034,64,21,43,196130,3064.53125,23000,5131.4687181505,63,5,1.953125,72.671875,4.34375,0.21875,21480.0,1.0158730158730158,12.8,0.328125,0
PRV57036,20,0,20,8700,435.0,2100,639.3705786491159,20,4,1.75,69.65,3.3,0.0,0.0,1.0,5.0,0.0,0
PRV57038,33,0,33,6310,191.21212121212122,2200,398.8950173272222,33,2,2.0303030303030303,73.75757575757575,2.606060606060606,0.0,90.0,1.0,16.5,0.0,0
PRV57039,5,0,5,910,182.0,400,148.22280526288793,4,2,0.0,82.4,1.6,0.0,0.0,1.25,2.5,0.0,0
PRV57041,26,0,26,5170,198.84615384615384,2300,458.3215196612694,21,2,1.2307692307692308,76.26923076923077,2.3846153846153846,0.0,0.0,1.2380952380952381,13.0,0.0,0
PRV57043,1,0,1,50,50.0,50,0.0,1,1,0.0,58.0,1.0,0.0,0.0,1.0,1.0,0.0,0
PRV57046,97,0,97,28790,296.8041237113402,2600,531.1103667313267,56,7,1.6494845360824741,67.70103092783505,2.7422680412371134,0.0,260.0,1.7321428571428572,13.857142857142858,0.0,0
PRV57047,16,0,16,4130,258.125,1500,380.54730323574756,16,1,2.5,67.75,2.4375,0.0,170.0,1.0,16.0,0.0,0
PRV57048,5,0,5,220,44.0,70,23.021728866442675,5,2,0.0,65.4,2.8,0.0,0.0,1.0,2.5,0.0,0
PRV57049,22,18,4,266560,12116.363636363636,101000,21350.18089484078,22,3,4.318181818181818,72.0,6.954545454545454,0.7272727272727273,19224.0,1.0,7.333333333333333,0.8181818181818182,1
PRV57051,3,0,3,1470,490.0,1400,788.0989785553588,3,2,6.666666666666667,71.0,3.6666666666666665,0.0,0.0,1.0,1.5,0.0,0
PRV57052,13,0,13,7720,593.8461538461538,2900,965.8980144709764,13,2,3.0,77.76923076923077,2.769230769230769,0.0,40.0,1.0,6.5,0.0,0
PRV57053,23,0,23,11400,495.6521739130435,3300,899.8273879268406,16,1,3.782608695652174,72.56521739130434,2.5652173913043477,0.0,0.0,1.4375,23.0,0.0,0
PRV57054,27,0,27,5190,192.22222222222223,1900,372.6860230742116,18,6,0.48148148148148145,73.55555555555556,3.2222222222222223,0.0,40.0,1.5,4.5,0.0,0
PRV57056,10,0,10,1250,125.0,400,157.42723186708625,10,1,0.0,77.7,2.3,0.0,0.0,1.0,10.0,0.0,0
PRV57057,26,0,26,10560,406.15384615384613,3300,766.3684592835325,10,3,1.5384615384615385,61.57692307692308,2.0384615384615383,0.0,230.0,2.6,8.666666666666666,0.0,0
PRV57058,29,0,29,10520,362.7586206896552,2200,560.9424248003414,8,2,2.7586206896551726,65.93103448275862,3.1724137931034484,0.0,0.0,3.625,14.5,0.0,0
PRV57059,9,0,9,4250,472.22222222222223,3300,1076.554431714646,9,1,0.0,72.11111111111111,1.7777777777777777,0.0,160.0,1.0,9.0,0.0,0
PRV57061,1,0,1,100,100.0,100,0.0,1,1,0.0,56.0,2.0,0.0,0.0,1.0,1.0,0.0,0
PRV57062,58,0,58,16020,276.2068965517241,2000,456.4309581971034,42,4,0.5,77.82758620689656,2.3620689655172415,0.0,60.0,1.380952380952381,14.5,0.0,0
PRV57063,1,0,1,40,40.0,40,0.0,1,1,0.0,72.0,4.0,0.0,0.0,1.0,1.0,0.0,0
PRV57067,18,0,18,3050,169.44444444444446,700,220.91979439505994,13,3,1.0,72.38888888888889,2.5555555555555554,0.0,150.0,1.3846153846153846,6.0,0.0,0
PRV57069,2,2,0,4000,2000.0,3000,1414.213562373095,2,2,4.5,69.0,7.5,0.0,2136.0,1.0,1.0,1.0,0
PRV57072,4,4,0,30000,7500.0,13000,4434.71156521669,4,2,5.5,68.75,8.25,1.0,4272.0,1.0,2.0,1.0,0
PRV57073,10,10,0,108000,10800.0,49000,14687.86347067991,9,1,5.7,71.9,8.5,0.6,10680.0,1.1111111111111112,10.0,1.0,0
PRV57074,7,7,0,59000,8428.57142857143,21000,6528.326555791125,7,2,4.857142857142857,83.0,7.857142857142857,0.7142857142857143,7476.0,1.0,3.5,1.0,0
PRV57075,2,2,0,16000,8000.0,11000,4242.640687119285,2,2,3.5,71.5,9.0,0.5,2136.0,1.0,1.0,1.0,0
PRV57076,2,2,0,10000,5000.0,5000,0.0,2,1,6.0,68.0,9.0,1.0,1068.0,1.0,2.0,1.0,0
PRV57077,3,3,0,29000,9666.666666666666,13000,4932.882862316247,2,1,3.0,66.33333333333333,8.666666666666666,1.0,3204.0,1.5,3.0,1.0,0
PRV57078,10,10,0,75000,7500.0,16000,4006.938426723769,9,1,6.2,78.1,8.1,0.8,10680.0,1.1111111111111112,10.0,1.0,0
PRV57080,1,1,0,57000,57000.0,57000,0.0,1,1,35.0,81.0,9.0,1.0,1068.0,1.0,1.0,1.0,0
PRV57081,37,37,0,414000,11189.18918918919,93000,16448.299199204357,34,4,7.72972972972973,74.83783783783784,7.702702702702703,0.5405405405405406,38448.0,1.088235294117647,9.25,1.0,0
PRV57082,5,5,0,100000,20000.0,57000,21424.28528562855,5,2,4.2,71.8,8.2,1.0,5340.0,1.0,2.5,1.0,0
PRV57084,8,7,1,62040,7755.0,18000,5617.3379562107275,8,1,4.75,79.0,7.875,0.875,7476.0,1.0,8.0,0.875,0
PRV57085,5,5,0,42000,8400.0,22000,7893.034904268447,5,1,4.6,74.0,9.0,0.8,5340.0,1.0,5.0,1.0,0
PRV57086,6,6,0,53000,8833.333333333334,12000,2639.4443859772205,6,1,6.0,77.33333333333333,8.833333333333334,1.1666666666666667,5340.0,1.0,6.0,1.0,0
PRV57087,4,4,0,31000,7750.0,11000,3593.9764421413042,4,1,3.5,77.5,9.25,0.5,4272.0,1.0,4.0,1.0,0
PRV57088,10,6,4,50590,5059.0,18000,6290.939604789663,10,3,6.8,71.6,6.4,0.6,6408.0,1.0,3.3333333333333335,0.6,0
PRV57089,3,3,0,21000,7000.0,8000,1732.0508075688772,3,3,8.666666666666666,75.0,9.0,1.0,3204.0,1.0,1.0,1.0,0
PRV57091,4,4,0,46000,11500.0,17000,6658.328118479392,3,1,5.75,77.5,8.75,0.25,4272.0,1.3333333333333333,4.0,1.0,0
PRV57092,2,2,0,7000,3500.0,4000,707.1067811865476,2,2,9.5,79.5,9.5,0.0,2136.0,1.0,1.0,1.0,0
PRV57093,1,1,0,5000,5000.0,5000,0.0,1,1,7.0,75.0,10.0,0.0,1068.0,1.0,1.0,1.0,0
PRV57094,3,3,0,48000,16000.0,19000,3605.5512754639894,3,1,20.0,82.33333333333333,9.0,0.3333333333333333,3204.0,1.0,3.0,1.0,0
PRV57096,11,11,0,160000,14545.454545454546,57000,16262.617479136845,11,1,5.909090909090909,73.18181818181819,7.2727272727272725,1.0,11748.0,1.0,11.0,1.0,1
PRV57097,3,3,0,21000,7000.0,10000,4358.898943540674,3,2,2.6666666666666665,74.33333333333333,7.0,0.3333333333333333,3204.0,1.0,1.5,1.0,0
PRV57098,49,49,0,490000,10000.0,37000,8710.625695092172,47,4,6.224489795918367,75.0,8.244897959183673,0.7142857142857143,51264.0,1.0425531914893618,12.25,1.0,0
PRV57099,14,0,14,6440,460.0,2300,677.5521552448365,13,9,2.5714285714285716,69.35714285714286,2.2857142857142856,0.0,10.0,1.0769230769230769,1.5555555555555556,0.0,0
PRV57100,25,0,25,7580,303.2,2400,602.4444649370873,18,7,1.36,77.44,2.16,0.0,60.0,1.3888888888888888,3.5714285714285716,0.0,0
PRV57101,263,30,233,369680,1405.6273764258556,36000,4057.7713920059637,211,141,2.55893536121673,71.31178707224335,3.307984790874525,0.08745247148288973,31242.0,1.2464454976303319,1.8652482269503545,0.11406844106463879,0
PRV57102,16,4,12,63450,3965.625,46000,11416.044247023572,16,13,2.375,73.25,4.375,0.3125,4272.0,1.0,1.2307692307692308,0.25,0
PRV57103,2049,29,2020,892770,435.71010248901905,57000,1974.934358061748,804,167,1.3265007320644218,71.56124938994631,2.7296242069302097,0.01171303074670571,35172.0,2.548507462686567,12.269461077844312,0.014153245485602733,1
PRV57104,135,10,125,161630,1197.2592592592594,39000,4327.310603498287,61,14,1.0740740740740742,69.01481481481481,2.8074074074074074,0.07407407407407407,9912.0,2.2131147540983607,9.642857142857142,0.07407407407407407,1
PRV57105,4,0,4,540,135.0,400,178.6057109949175,3,4,0.0,71.5,2.25,0.0,0.0,1.3333333333333333,1.0,0.0,0
PRV57107,13,0,13,5410,416.15384615384613,3300,915.5557370757433,12,10,0.0,72.3076923076923,1.9230769230769231,0.0,0.0,1.0833333333333333,1.3,0.0,0
PRV57108,49,5,44,73170,1493.265306122449,32000,4966.916123945817,45,22,2.63265306122449,77.65306122448979,3.122448979591837,0.10204081632653061,5440.0,1.0888888888888888,2.227272727272727,0.10204081632653061,0
PRV57109,86,6,80,86790,1009.1860465116279,32000,3966.5463463724536,78,44,1.930232558139535,71.94186046511628,2.802325581395349,0.06976744186046512,6708.0,1.1025641025641026,1.9545454545454546,0.06976744186046512,0
PRV57110,19,1,18,16830,885.7894736842105,15000,3423.705458173569,19,15,1.736842105263158,77.57894736842105,2.9473684210526314,0.10526315789473684,1088.0,1.0,1.2666666666666666,0.05263157894736842,0
PRV57112,160,30,130,286220,1788.875,41000,4959.139455109136,134,8,1.88125,71.6375,3.3875,0.08125,32190.0,1.1940298507462686,20.0,0.1875,0
PRV57113,7,2,5,28350,4050.0,19000,7385.0547278495715,7,5,1.7142857142857142,75.0,3.4285714285714284,0.5714285714285714,2206.0,1.0,1.4,0.2857142857142857,0
PRV57115,12,1,11,14050,1170.8333333333333,10000,2899.54372063585,12,8,5.25,79.33333333333333,2.4166666666666665,0.08333333333333333,1068.0,1.0,1.5,0.08333333333333333,0
PRV57116,7,0,7,590,84.28571428571429,400,142.22718245318447,7,6,2.142857142857143,78.57142857142857,3.2857142857142856,0.0,0.0,1.0,1.1666666666666667,0.0,0
PRV57117,190,67,123,552370,2907.2105263157896,30000,4957.95284472035,140,20,2.957894736842105,72.0421052631579,4.494736842105263,0.23684210526315788,71656.0,1.3571428571428572,9.5,0.3526315789473684,1
PRV57118,13,0,13,2480,190.76923076923077,1600,425.90025315914716,10,8,0.6923076923076923,61.69230769230769,2.6923076923076925,0.0,50.0,1.3,1.625,0.0,0
PRV57119,5,0,5,1330,266.0,700,281.5670435260491,4,4,0.0,69.2,1.6,0.0,0.0,1.25,1.25,0.0,0
PRV57120,48,13,35,187050,3896.875,37000,7971.852118347936,46,39,2.3958333333333335,72.60416666666667,3.8541666666666665,0.20833333333333334,13984.0,1.0434782608695652,1.2307692307692308,0.2708333333333333,0
PRV57121,38,3,35,35470,933.421052631579,12000,2384.785418774373,16,7,3.8684210526315788,75.1842105263158,2.973684210526316,0.02631578947368421,3304.0,2.375,5.428571428571429,0.07894736842105263,0
PRV57122,14,1,13,10140,724.2857142857143,8000,2124.746914469921,13,9,0.2857142857142857,72.0,4.142857142857143,0.07142857142857142,1068.0,1.0769230769230769,1.5555555555555556,0.07142857142857142,0
PRV57124,58,9,49,106940,1843.7931034482758,35000,5800.173266494296,55,37,2.0172413793103448,72.39655172413794,3.5689655172413794,0.08620689655172414,9712.0,1.0545454545454545,1.5675675675675675,0.15517241379310345,0
PRV57125,370,0,370,95950,259.3243243243243,4400,565.3272814742639,154,24,0.9486486486486486,71.64324324324325,2.6837837837837837,0.0,790.0,2.4025974025974026,15.416666666666666,0.0,0
PRV57126,43,10,33,82620,1921.3953488372092,13000,3680.5489894562447,42,35,1.4651162790697674,72.37209302325581,3.511627906976744,0.16279069767441862,10720.0,1.0238095238095237,1.2285714285714286,0.23255813953488372,0
PRV57127,22,8,14,81530,3705.909090909091,21000,5485.39069155161,22,20,2.409090909090909,69.72727272727273,4.818181818181818,0.2727272727272727,8544.0,1.0,1.1,0.36363636363636365,0
PRV57128,60,0,60,20130,335.5,3300,670.2628500339201,56,11,1.7666666666666666,69.51666666666667,2.3,0.0,60.0,1.0714285714285714,5.454545454545454,0.0,0
PRV57129,282,32,250,397490,1409.5390070921985,57000,4846.20012572896,244,104,1.2943262411347518,71.16666666666667,3.117021276595745,0.08865248226950355,33478.0,1.1557377049180328,2.7115384615384617,0.11347517730496454,0
PRV57130,3,0,3,260,86.66666666666667,100,23.09401076758503,2,3,4.333333333333333,81.33333333333333,1.6666666666666667,0.0,0.0,1.5,1.0,0.0,0
PRV57131,2,0,2,880,440.0,800,509.11688245431424,1,1,10.0,83.0,1.5,0.0,0.0,2.0,2.0,0.0,0
PRV57132,9,0,9,3940,437.77777777777777,1800,583.0689877231033,4,2,0.7777777777777778,73.66666666666667,4.0,0.0,0.0,2.25,4.5,0.0,0
PRV57133,14,0,14,1650,117.85714285714286,500,136.05307626231595,4,7,1.2857142857142858,65.71428571428571,1.9285714285714286,0.0,0.0,3.5,2.0,0.0,0
PRV57134,16,0,16,2870,179.375,800,249.99916666527776,15,12,1.125,69.375,2.25,0.0,0.0,1.0666666666666667,1.3333333333333333,0.0,0
PRV57136,43,0,43,8240,191.62790697674419,1200,271.62588270457354,26,3,1.9069767441860466,71.11627906976744,3.3488372093023258,0.0,40.0,1.6538461538461537,14.333333333333334,0.0,0
PRV57137,43,0,43,9990,232.32558139534885,2000,406.7866950655982,21,6,0.4883720930232558,79.51162790697674,2.6511627906976742,0.0,50.0,2.0476190476190474,7.166666666666667,0.0,0
PRV57138,6,0,6,3480,580.0,2000,769.7532072034517,6,5,3.3333333333333335,73.33333333333333,3.3333333333333335,0.0,0.0,1.0,1.2,0.0,0
PRV57139,16,0,16,5750,359.375,1700,495.19650981537956,13,5,0.8125,67.125,3.0,0.0,0.0,1.2307692307692308,3.2,0.0,0
PRV57140,2,0,2,450,225.0,400,247.48737341529164,2,1,0.0,85.5,2.0,0.0,0.0,1.0,2.0,0.0,0
PRV57141,17,15,2,175530,10325.29411764706,32000,8720.851533571033,14,1,6.235294117647059,71.58823529411765,6.764705882352941,0.8235294117647058,16020.0,1.2142857142857142,17.0,0.8823529411764706,0
PRV57142,12,0,12,6770,564.1666666666666,3000,989.4209356380063,7,3,1.75,79.58333333333333,2.4166666666666665,0.0,0.0,1.7142857142857142,4.0,0.0,0
PRV57143,1,0,1,100,100.0,100,0.0,1,1,3.0,72.0,9.0,0.0,0.0,1.0,1.0,0.0,0
PRV57144,8,8,0,70000,8750.0,17000,5007.137762377681,8,3,6.125,74.75,7.125,0.625,7476.0,1.0,2.6666666666666665,1.0,0
PRV57145,4,4,0,70000,17500.0,48000,20534.523775015252,4,1,4.5,77.75,8.0,1.0,4272.0,1.0,4.0,1.0,0
PRV57146,9,9,0,103000,11444.444444444445,24000,5479.760740924532,9,3,5.222222222222222,75.66666666666667,8.0,0.6666666666666666,9612.0,1.0,3.0,1.0,0
PRV57147,12,0,12,4160,346.6666666666667,2030,675.6725044970627,12,3,0.0,66.91666666666667,2.9166666666666665,0.0,0.0,1.0,4.0,0.0,0
PRV57148,83,15,68,200830,2419.6385542168673,25000,5404.512894226572,66,37,1.4457831325301205,71.4578313253012,3.397590361445783,0.13253012048192772,16360.0,1.2575757575757576,2.2432432432432434,0.18072289156626506,0
PRV57149,143,0,143,27390,191.53846153846155,3000,394.87974224342804,129,46,1.2307692307692308,72.13286713286713,2.3146853146853146,0.0,280.0,1.1085271317829457,3.108695652173913,0.0,0
PRV57150,166,0,166,37160,223.85542168674698,2500,419.18920679287453,123,73,1.2951807228915662,75.6867469879518,2.8433734939759034,0.0,250.0,1.3495934959349594,2.2739726027397262,0.0,0
PRV57151,515,0,515,169030,328.2135922330097,11300,901.9649502116048,231,53,1.3436893203883495,72.5495145631068,2.5242718446601944,0.0,1390.0,2.2294372294372296,9.716981132075471,0.0,0
PRV57152,400,0,400,102480,256.2,3300,485.6265466972977,383,168,1.13,73.7225,2.7075,0.0025,1390.0,1.0443864229765014,2.380952380952381,0.0,0
PRV57153,94,0,94,29690,315.8510638297872,3300,613.8988911435198,92,38,1.9042553191489362,73.03191489361703,2.797872340425532,0.0,190.0,1.0217391304347827,2.473684210526316,0.0,0
PRV57154,52,0,52,14630,281.34615384615387,2900,520.4825394828202,39,28,1.25,71.11538461538461,2.769230769230769,0.0,320.0,1.3333333333333333,1.8571428571428572,0.0,0
PRV57156,215,0,215,70570,328.2325581395349,3300,657.4217851637648,105,30,2.1627906976744184,74.87906976744186,2.646511627906977,0.0,450.0,2.0476190476190474,7.166666666666667,0.0,0
PRV57157,156,16,140,190460,1220.8974358974358,29000,3664.163218613295,90,22,1.685897435897436,70.96153846153847,3.1858974358974357,0.08974358974358974,16450.0,1.7333333333333334,7.090909090909091,0.10256410256410256,0
PRV57158,271,30,241,411610,1518.8560885608856,57000,5270.330141246495,138,10,1.96309963099631,73.380073800738,3.217712177121771,0.08118081180811808,31602.0,1.963768115942029,27.1,0.11070110701107011,1
PRV57159,228,0,228,62310,273.2894736842105,3300,606.4217026744765,118,22,1.2894736842105263,74.95614035087719,2.442982456140351,0.0,1230.0,1.9322033898305084,10.363636363636363,0.0,0
PRV57160,101,0,101,36750,363.86138613861385,3300,772.1735171540522,97,32,1.0495049504950495,76.15841584158416,2.8316831683168315,0.0,250.0,1.041237113402062,3.15625,0.0,0
PRV57161,6,0,6,1480,246.66666666666666,1000,383.75339303603124,6,5,2.3333333333333335,76.5,2.5,0.0,0.0,1.0,1.2,0.0,0
PRV57162,104,7,97,195680,1881.5384615384614,90000,9363.33561936324,51,18,3.298076923076923,68.58653846153847,3.048076923076923,0.08653846153846154,6708.0,2.0392156862745097,5.777777777777778,0.0673076923076923,1
PRV57165,37,3,34,39720,1073.5135135135135,20000,3598.9699268727622,32,25,2.027027027027027,75.75675675675676,2.8378378378378377,0.02702702702702703,2276.0,1.15625,1.48,0.08108108108108109,0
PRV57166,151,29,122,294700,1951.6556291390727,27000,4006.0027343081974,128,78,2.013245033112583,72.81456953642385,3.9006622516556293,0.152317880794702,31242.0,1.1796875,1.935897435897436,0.19205298013245034,1
PRV57167,238,0,238,65100,273.52941176470586,3300,494.9203375105019,102,7,2.630252100840336,73.54621848739495,2.533613445378151,0.0,480.0,2.3333333333333335,34.0,0.0,1
PRV57168,75,0,75,37140,495.2,6100,989.7902589724537,67,37,2.4,72.25333333333333,2.8,0.0,80.0,1.1194029850746268,2.027027027027027,0.0,0
PRV57169,31,17,14,161880,5221.935483870968,30000,7110.476036269696,26,12,3.5161290322580645,71.16129032258064,5.67741935483871,0.4838709677419355,18156.0,1.1923076923076923,2.5833333333333335,0.5483870967741935,0
PRV57170,579,0,579,168360,290.77720207253884,4800,611.3425441849819,232,18,1.4317789291882557,74.49568221070811,2.5785837651122625,0.0,1950.0,2.4956896551724137,32.166666666666664,0.0,1
PRV57171,191,3,188,54690,286.3350785340314,4000,602.0702641062045,66,27,1.2303664921465969,73.3717277486911,3.06282722513089,0.005235602094240838,3864.0,2.893939393939394,7.074074074074074,0.015706806282722512,0
PRV57172,1760,88,1672,1386100,787.5568181818181,52000,2990.7095576035135,605,104,1.6863636363636363,72.7875,2.9465909090909093,0.03579545454545455,96456.0,2.909090909090909,16.923076923076923,0.05,1
PRV57173,1225,96,1129,1326410,1082.7836734693878,120000,4916.228794698713,938,305,1.8293877551020408,73.73632653061225,3.026938775510204,0.052244897959183675,104190.0,1.3059701492537314,4.016393442622951,0.0783673469387755,1
PRV57174,54,12,42,95930,1776.4814814814815,16000,3734.53094092246,48,29,1.462962962962963,73.01851851851852,3.888888888888889,0.1111111111111111,12846.0,1.125,1.8620689655172413,0.2222222222222222,0
PRV57175,78,0,78,32600,417.94871794871796,3300,732.2521015286607,76,50,1.6666666666666667,72.83333333333333,2.782051282051282,0.0,230.0,1.0263157894736843,1.56,0.0,0
PRV57176,131,4,127,61520,469.618320610687,11000,1520.4986047498987,105,70,1.549618320610687,70.54198473282443,3.1297709923664123,0.022900763358778626,4672.0,1.2476190476190476,1.8714285714285714,0.030534351145038167,0
PRV57177,564,73,491,848370,1504.2021276595744,57000,4844.7959557137065,257,31,1.7074468085106382,73.56914893617021,3.2411347517730498,0.0726950354609929,77498.0,2.1945525291828796,18.193548387096776,0.12943262411347517,1
PRV57179,206,26,180,337460,1638.1553398058252,48000,5796.886926967314,140,75,1.529126213592233,75.25728155339806,3.3592233009708736,0.06310679611650485,27090.0,1.4714285714285715,2.7466666666666666,0.1262135922330097,1
PRV57181,121,0,121,31910,263.7190082644628,3300,537.6928060882051,48,21,1.0330578512396693,78.04132231404958,2.9008264462809916,0.0,100.0,2.5208333333333335,5.761904761904762,0.0,0
PRV57182,76,5,71,77000,1013.1578947368421,35000,4188.366813138924,63,17,0.881578947368421,72.72368421052632,3.013157894736842,0.05263157894736842,5400.0,1.2063492063492063,4.470588235294118,0.06578947368421052,0
PRV57183,52,0,52,13170,253.26923076923077,1600,408.99072885530404,45,24,1.6538461538461537,74.71153846153847,2.4038461538461537,0.0,200.0,1.1555555555555554,2.1666666666666665,0.0,0
PRV57184,115,2,113,66960,582.2608695652174,25000,2460.052082200615,75,32,1.4434782608695653,71.5391304347826,2.8260869565217392,0.02608695652173913,2556.0,1.5333333333333334,3.59375,0.017391304347826087,0
PRV57185,186,7,179,157400,846.236559139785,45000,4482.97823640285,102,21,1.5483870967741935,72.97311827956989,2.8763440860215055,0.03763440860215054,7886.0,1.8235294117647058,8.857142857142858,0.03763440860215054,1
PRV57186,42,0,42,11860,282.3809523809524,3300,629.8075955664691,36,27,0.8809523809523809,70.5,3.0,0.0,360.0,1.1666666666666667,1.5555555555555556,0.0,0
PRV57187,114,0,114,35010,307.10526315789474,3300,576.7788546996943,98,71,1.719298245614035,73.84210526315789,2.8157894736842106,0.0,180.0,1.163265306122449,1.6056338028169015,0.0,0
PRV57188,21,5,16,47780,2275.2380952380954,19000,4488.176265531044,18,18,0.7619047619047619,75.52380952380952,3.380952380952381,0.047619047619047616,5420.0,1.1666666666666667,1.1666666666666667,0.23809523809523808,0
PRV57189,256,4,252,112310,438.7109375,30000,2228.7132263992507,127,70,0.984375,73.171875,2.55859375,0.0078125,3634.0,2.015748031496063,3.657142857142857,0.015625,1
PRV57190,83,0,83,23850,287.34939759036143,3300,552.8707438085223,63,46,1.4819277108433735,73.2289156626506,2.3132530120481927,0.0,180.0,1.3174603174603174,1.8043478260869565,0.0,0
PRV57191,1500,185,1315,2424430,1616.2866666666666,56000,5219.882910202081,784,4,1.9326666666666668,73.08333333333333,3.275333333333333,0.10133333333333333,198846.0,1.913265306122449,375.0,0.12333333333333334,1
PRV57192,407,0,407,138900,341.2776412776413,8200,712.1592359895784,185,6,1.7911547911547911,73.04422604422605,2.555282555282555,0.0,1240.0,2.2,67.83333333333333,0.0,0
PRV57193,393,0,393,103520,263.40966921119593,3300,533.3783142674226,171,63,0.8193384223918575,74.12977099236642,2.5826972010178118,0.0,1400.0,2.2982456140350878,6.238095238095238,0.0,0
PRV57194,30,2,28,24260,808.6666666666666,13000,2822.0666593624355,26,19,0.26666666666666666,75.36666666666666,2.7,0.03333333333333333,2246.0,1.1538461538461537,1.5789473684210527,0.06666666666666667,0
PRV57196,68,10,58,94830,1394.5588235294117,34000,4609.648360928794,42,18,1.8088235294117647,73.67647058823529,3.088235294117647,0.08823529411764706,10710.0,1.619047619047619,3.7777777777777777,0.14705882352941177,0
PRV57197,100,8,92,115540,1155.4,28000,3933.4012372156094,50,13,1.66,70.62,3.11,0.07,8744.0,2.0,7.6923076923076925,0.08,0
PRV57198,54,3,51,29200,540.7407407407408,8000,1303.9878629077657,43,18,0.8333333333333334,71.55555555555556,2.6296296296296298,0.05555555555555555,3364.0,1.255813953488372,3.0,0.05555555555555555,0
PRV57199,7,0,7,1970,281.42857142857144,1300,481.78240494468633,7,4,0.42857142857142855,73.42857142857143,1.8571428571428572,0.0,50.0,1.0,1.75,0.0,0
PRV57200,25,0,25,12150,486.0,3300,830.391473944669,24,7,1.6,71.72,2.36,0.0,130.0,1.0416666666666667,3.5714285714285716,0.0,0
PRV57202,165,0,165,40810,247.33333333333334,3300,495.98280523565614,85,31,1.5818181818181818,75.56363636363636,2.478787878787879,0.0,560.0,1.9411764705882353,5.32258064516129,0.0,0
PRV57203,47,2,45,45610,970.4255319148937,31000,4599.349650362589,47,22,0.44680851063829785,72.87234042553192,2.8297872340425534,0.02127659574468085,2246.0,1.0,2.1363636363636362,0.0425531914893617,0
PRV57204,133,21,112,221970,1668.9473684210527,43000,4885.080295106025,81,26,1.8721804511278195,73.78947368421052,3.4210526315789473,0.15037593984962405,21920.0,1.6419753086419753,5.115384615384615,0.15789473684210525,1
PRV57205,93,12,81,135680,1458.9247311827958,47000,5430.716075445221,87,47,1.2795698924731183,73.52688172043011,3.021505376344086,0.08602150537634409,13366.0,1.0689655172413792,1.9787234042553192,0.12903225806451613,0
PRV57206,490,7,483,235300,480.2040816326531,57000,2739.814071129567,228,70,1.1979591836734693,72.92040816326531,2.7122448979591836,0.01020408163265306,8586.0,2.1491228070175437,7.0,0.014285714285714285,1
PRV57207,73,0,73,18710,256.3013698630137,3300,527.2478513978534,49,13,0.9726027397260274,73.41095890410959,2.2465753424657535,0.0,160.0,1.489795918367347,5.615384615384615,0.0,0
PRV57208,113,10,103,224580,1987.4336283185842,86000,8774.754145798966,109,80,2.106194690265487,74.56637168141593,3.2035398230088497,0.09734513274336283,8704.0,1.036697247706422,1.4125,0.08849557522123894,0
PRV57209,1108,15,1093,485040,437.7617328519856,24000,1488.009058012625,564,157,1.8402527075812274,72.6976534296029,2.7129963898916967,0.010830324909747292,19110.0,1.9645390070921986,7.057324840764331,0.013537906137184115,1
PRV57210,43,10,33,137020,3186.5116279069766,32000,6802.652803177292,35,22,2.953488372093023,76.09302325581395,4.232558139534884,0.20930232558139536,10890.0,1.2285714285714286,1.9545454545454546,0.23255813953488372,1
PRV57211,111,8,103,81930,738.1081081081081,9000,1750.6500161698452,104,52,1.4864864864864864,74.36036036036036,2.891891891891892,0.04504504504504504,8824.0,1.0673076923076923,2.1346153846153846,0.07207207207207207,0
PRV57212,101,0,101,34670,343.26732673267327,3300,597.7660226391109,60,18,1.693069306930693,71.83168316831683,2.6930693069306932,0.0,290.0,1.6833333333333333,5.611111111111111,0.0,0
PRV57213,82,0,82,34040,415.1219512195122,5040,858.717452924208,76,51,1.1219512195121952,73.35365853658537,2.268292682926829,0.0,250.0,1.0789473684210527,1.607843137254902,0.0,0
PRV57215,11,8,3,48970,4451.818181818182,18000,5409.326793939923,9,5,4.2727272727272725,69.0,6.7272727272727275,0.36363636363636365,7476.0,1.2222222222222223,2.2,0.7272727272727273,0
PRV57216,82,10,72,106260,1295.8536585365853,31000,3987.180677633955,62,33,2.3048780487804876,74.07317073170732,3.024390243902439,0.036585365853658534,10840.0,1.3225806451612903,2.484848484848485,0.12195121951219512,0
PRV57217,62,9,53,119060,1920.3225806451612,27000,5252.450471904484,59,41,1.8064516129032258,71.70967741935483,3.564516129032258,0.11290322580645161,9752.0,1.0508474576271187,1.5121951219512195,0.14516129032258066,0
PRV57218,413,0,413,123230,298.3777239709443,14010,864.0984036283479,285,3,0.9878934624697336,73.45762711864407,2.4987893462469732,0.0,1040.0,1.449122807017544,137.66666666666666,0.0,0
PRV57219,46,0,46,11830,257.17391304347825,3300,511.44528563008254,36,14,0.8260869565217391,71.52173913043478,2.5,0.0,0.0,1.2777777777777777,3.2857142857142856,0.0,0
PRV57223,54,34,20,280530,5195.0,57000,8744.506793216173,49,19,3.537037037037037,74.62962962962963,6.296296296296297,0.5,36312.0,1.1020408163265305,2.8421052631578947,0.6296296296296297,1
PRV57224,214,2,212,78960,368.97196261682245,17000,1297.467330374302,144,51,1.574766355140187,72.94392523364486,2.817757009345794,0.014018691588785047,2656.0,1.4861111111111112,4.196078431372549,0.009345794392523364,0
PRV57225,178,47,131,437520,2457.9775280898875,30000,5179.9393971053605,145,86,1.8258426966292134,73.38202247191012,3.8202247191011236,0.17415730337078653,50806.0,1.2275862068965517,2.0697674418604652,0.2640449438202247,0
PRV57227,52,21,31,191800,3688.4615384615386,34000,6202.662737704461,50,41,3.8846153846153846,74.82692307692308,4.596153846153846,0.3269230769230769,21360.0,1.04,1.2682926829268293,0.40384615384615385,0
PRV57228,529,34,495,379370,717.1455576559546,40000,2745.1495066753855,337,3,1.281663516068053,73.80151228733459,2.8979206049149338,0.03780718336483932,37632.0,1.5697329376854599,176.33333333333334,0.06427221172022685,0
PRV57230,181,27,154,299570,1655.0828729281768,31000,4350.58816187019,160,91,2.1712707182320443,73.43646408839778,3.292817679558011,0.0718232044198895,27130.0,1.13125,1.989010989010989,0.14917127071823205,1
PRV57231,48,18,30,179300,3735.4166666666665,42000,7189.349379710664,42,31,3.6875,72.625,4.479166666666667,0.2708333333333333,19234.0,1.1428571428571428,1.5483870967741935,0.375,0
PRV57232,7,0,7,910,130.0,400,155.34906930308057,7,7,0.2857142857142857,75.0,2.0,0.0,0.0,1.0,1.0,0.0,0
PRV57233,140,0,140,41920,299.42857142857144,5800,755.2842824918575,58,2,0.9071428571428571,74.34285714285714,2.5642857142857145,0.0,500.0,2.413793103448276,70.0,0.0,0
PRV57234,24,9,15,89100,3712.5,31000,6936.218271727287,23,12,3.2916666666666665,72.41666666666667,5.375,0.20833333333333334,9702.0,1.0434782608695652,2.0,0.375,0
PRV57235,15,3,12,27410,1827.3333333333333,19000,4901.006407823174,13,8,2.2666666666666666,77.33333333333333,3.7333333333333334,0.06666666666666667,3204.0,1.1538461538461537,1.875,0.2,0
PRV57236,87,0,87,19170,220.3448275862069,3300,474.35990721368125,39,5,1.0919540229885059,73.32183908045977,2.8160919540229883,0.0,270.0,2.230769230769231,17.4,0.0,0
PRV57238,45,1,44,16940,376.44444444444446,10000,1545.1936559355386,29,11,1.4,71.57777777777778,2.422222222222222,0.06666666666666667,1168.0,1.5517241379310345,4.090909090909091,0.022222222222222223,0
PRV57239,28,0,28,6180,220.71428571428572,1400,329.0832222945545,19,8,0.25,70.64285714285714,2.607142857142857,0.0,50.0,1.4736842105263157,3.5,0.0,0
PRV57240,72,0,72,24790,344.30555555555554,3300,671.5167326450043,31,16,0.7916666666666666,71.40277777777777,2.8055555555555554,0.0,310.0,2.3225806451612905,4.5,0.0,0
PRV57241,59,0,59,26180,443.728813559322,3300,758.0417109465515,44,28,3.9152542372881354,75.22033898305085,2.8135593220338984,0.0,100.0,1.3409090909090908,2.107142857142857,0.0,0
PRV57242,103,0,103,31900,309.70873786407765,3300,523.6887571207405,44,2,1.6699029126213591,76.66990291262135,2.825242718446602,0.0,230.0,2.340909090909091,51.5,0.0,0
PRV57244,4,0,4,610,152.5,300,119.82626312012461,4,1,5.0,67.75,3.5,0.0,0.0,1.0,4.0,0.0,0
PRV57245,92,0,92,32790,356.4130434782609,3300,684.4321967265349,27,2,1.9456521739130435,74.20652173913044,2.4782608695652173,0.0,570.0,3.4074074074074074,46.0,0.0,0
PRV57246,6,0,6,4100,683.3333333333334,3300,1293.223363022284,6,1,3.3333333333333335,78.66666666666667,2.8333333333333335,0.0,0.0,1.0,6.0,0.0,0
PRV57247,11,0,11,960,87.27272727272727,500,138.06454353605122,9,1,0.0,70.0909090909091,2.8181818181818183,0.0,0.0,1.2222222222222223,11.0,0.0,0
PRV57248,6,0,6,220,36.666666666666664,70,25.033311140691453,6,1,3.1666666666666665,83.33333333333333,2.0,0.0,0.0,1.0,6.0,0.0,0
PRV57250,23,0,23,12760,554.7826086956521,4040,1115.7340411553666,16,1,1.3043478260869565,78.3913043478261,2.9130434782608696,0.0,100.0,1.4375,23.0,0.0,0
PRV57251,15,15,0,156000,10400.0,31000,8051.619180548186,14,1,5.066666666666666,73.46666666666667,8.133333333333333,0.4666666666666667,14952.0,1.0714285714285714,15.0,1.0,0
PRV57252,3,3,0,18000,6000.0,11000,4582.57569495584,3,2,2.6666666666666665,83.0,8.666666666666666,0.6666666666666666,3204.0,1.0,1.5,1.0,0
PRV57253,44,0,44,10910,247.95454545454547,2500,502.0172309905473,36,4,0.6818181818181818,73.88636363636364,2.6363636363636362,0.0,210.0,1.2222222222222223,11.0,0.0,0
PRV57255,34,0,34,6890,202.64705882352942,900,254.51449709891105,23,4,0.6176470588235294,69.6470588235294,2.264705882352941,0.0,280.0,1.4782608695652173,8.5,0.0,0
PRV57256,8,0,8,1890,236.25,1500,511.46672842494286,8,1,0.0,73.0,1.125,0.0,0.0,1.0,8.0,0.0,0
PRV57257,17,0,17,4920,289.4117647058824,1400,390.11970259516653,11,3,0.11764705882352941,67.41176470588235,3.411764705882353,0.0,210.0,1.5454545454545454,5.666666666666667,0.0,0
PRV57259,48,0,48,16450,342.7083333333333,3300,655.9019762756242,38,1,0.4583333333333333,70.875,2.7916666666666665,0.0,180.0,1.263157894736842,48.0,0.0,0
PRV57261,10,0,10,1600,160.0,700,224.25184255405551,9,1,1.6,72.5,3.2,0.0,0.0,1.1111111111111112,10.0,0.0,0
PRV57262,24,0,24,4160,173.33333333333334,900,233.15728348172982,16,1,1.5833333333333333,72.875,3.5833333333333335,0.0,80.0,1.5,24.0,0.0,0
PRV57263,52,0,52,30130,579.4230769230769,2900,807.0532539746874,22,1,3.2115384615384617,67.1923076923077,2.3846153846153846,0.0,10.0,2.3636363636363638,52.0,0.0,0
PRV57264,8,0,8,2760,345.0,1200,471.4112550932269,6,2,0.625,78.75,3.5,0.0,80.0,1.3333333333333333,4.0,0.0,0
PRV57265,1,0,1,200,200.0,200,0.0,1,1,0.0,70.0,7.0,0.0,0.0,1.0,1.0,0.0,0
PRV57266,34,0,34,9860,290.0,3000,667.83231428256,32,2,2.5294117647058822,75.41176470588235,2.323529411764706,0.0,60.0,1.0625,17.0,0.0,0
PRV57269,37,0,37,5320,143.78378378378378,1000,209.75317970509147,17,3,1.027027027027027,76.29729729729729,3.135135135135135,0.0,250.0,2.176470588235294,12.333333333333334,0.0,0
PRV57270,9,0,9,1000,111.11111111111111,500,157.67406607020416,9,2,0.4444444444444444,82.77777777777777,2.3333333333333335,0.0,0.0,1.0,4.5,0.0,0
PRV57272,25,0,25,8770,350.8,3000,720.9364280804052,18,2,0.44,73.56,2.96,0.0,0.0,1.3888888888888888,12.5,0.0,0
PRV57273,9,0,9,1090,121.11111111111111,600,188.90767880398909,6,1,0.2222222222222222,72.77777777777777,2.6666666666666665,0.0,0.0,1.5,9.0,0.0,0
PRV57274,4,0,4,130,32.5,80,33.04037933599835,4,2,0.0,64.75,2.75,0.0,0.0,1.0,2.0,0.0,0
PRV57275,61,0,61,11330,185.7377049180328,2000,344.3373298399572,41,2,0.39344262295081966,75.63934426229508,2.4262295081967213,0.0,230.0,1.4878048780487805,30.5,0.0,0
PRV57276,13,0,13,4500,346.15384615384613,1300,379.3533634475571,9,1,0.0,69.6923076923077,1.9230769230769231,0.0,40.0,1.4444444444444444,13.0,0.0,0
PRV57277,7,0,7,1250,178.57142857142858,500,189.6864580853161,7,1,0.0,70.71428571428571,1.8571428571428572,0.0,0.0,1.0,7.0,0.0,0
PRV57278,7,0,7,950,135.71428571428572,300,127.78329870750491,7,2,0.0,79.0,2.4285714285714284,0.0,90.0,1.0,3.5,0.0,0
PRV57280,3,0,3,170,56.666666666666664,70,11.547005383792515,3,1,0.0,76.66666666666667,3.0,0.0,0.0,1.0,3.0,0.0,0
PRV57282,41,0,41,8350,203.65853658536585,1800,385.6472228446678,25,2,0.5365853658536586,75.97560975609755,2.6097560975609757,0.0,0.0,1.64,20.5,0.0,1
PRV57283,1,0,1,900,900.0,900,0.0,1,1,0.0,75.0,2.0,0.0,0.0,1.0,1.0,0.0,0
PRV57284,23,19,4,161570,7024.782608695652,19000,5775.421172808106,22,5,4.043478260869565,67.52173913043478,7.695652173913044,0.782608695652174,20292.0,1.0454545454545454,4.6,0.8260869565217391,1
PRV57285,8,8,0,83000,10375.0,28000,8399.617338222703,8,1,5.125,80.5,8.125,0.75,7476.0,1.0,8.0,1.0,0
PRV57286,2,0,2,20,10.0,20,14.142135623730951,2,1,0.0,76.5,1.5,0.0,0.0,1.0,2.0,0.0,0
PRV57287,289,0,289,80390,278.16608996539793,3300,534.8595610962909,107,1,1.7301038062283738,73.76470588235294,2.685121107266436,0.0,330.0,2.7009345794392523,289.0,0.0,0
PRV57288,93,0,93,27650,297.31182795698925,3300,586.8840708146457,47,1,1.8709677419354838,73.21505376344086,2.6881720430107525,0.0,400.0,1.9787234042553192,93.0,0.0,0
PRV57289,10,0,10,5830,583.0,3300,1105.3712297484296,7,1,4.0,67.0,1.9,0.0,30.0,1.4285714285714286,10.0,0.0,0
PRV57290,2,2,0,55000,27500.0,55000,38890.87296526011,2,2,4.5,91.0,9.0,0.5,2136.0,1.0,1.0,1.0,0
PRV57291,3,0,3,1400,466.6666666666667,1100,550.7570547286102,3,1,0.0,69.66666666666667,3.6666666666666665,0.0,0.0,1.0,3.0,0.0,0
PRV57293,12,12,0,100000,8333.333333333334,13000,3084.6639225613403,10,1,8.75,68.16666666666667,8.5,0.5833333333333334,12816.0,1.2,12.0,1.0,0
PRV57294,2,2,0,12000,6000.0,9000,4242.640687119285,2,1,8.5,76.0,5.5,0.5,2136.0,1.0,2.0,1.0,0
PRV57295,14,14,0,173000,12357.142857142857,57000,15509.833817773324,13,1,5.214285714285714,65.0,8.071428571428571,0.5,14952.0,1.0769230769230769,14.0,1.0,1
PRV57297,8,8,0,53000,6625.0,12000,3622.8441865473596,8,1,5.5,74.0,8.875,0.875,8544.0,1.0,8.0,1.0,1
PRV57298,3,3,0,14000,4666.666666666667,7000,4041.4518843273804,3,3,3.6666666666666665,72.33333333333333,9.0,0.0,3204.0,1.0,1.0,1.0,0
PRV57299,6,6,0,40000,6666.666666666667,14000,5645.056834671079,6,2,3.1666666666666665,73.5,8.333333333333334,0.5,6408.0,1.0,3.0,1.0,0
PRV57301,32,4,28,42090,1315.3125,10000,2669.9015136783482,32,16,1.09375,74.03125,3.5,0.0625,4472.0,1.0,2.0,0.125,0
PRV57302,4,2,2,14160,3540.0,10000,4686.40587230769,4,4,2.0,76.75,7.5,0.25,2136.0,1.0,1.0,0.5,0
PRV57303,105,11,94,116860,1112.952380952381,23000,3360.978830583986,92,54,2.057142857142857,72.9047619047619,3.0,0.08571428571428572,11818.0,1.141304347826087,1.9444444444444444,0.10476190476190476,0
PRV57304,93,3,90,68540,736.989247311828,16000,2513.77932384956,32,20,1.3655913978494623,73.11827956989248,2.817204301075269,0.043010752688172046,3434.0,2.90625,4.65,0.03225806451612903,0
PRV57305,675,0,675,175750,260.3703703703704,3300,518.2551864573304,343,1,1.1851851851851851,71.81481481481481,2.625185185185185,0.0,2570.0,1.967930029154519,675.0,0.0,0
PRV57306,2315,0,2315,629460,271.9049676025918,4000,538.9526556533639,1407,23,1.320086393088553,72.95421166306696,2.613390928725702,0.0008639308855291577,4860.0,1.6453447050461976,100.65217391304348,0.0,1
PRV57307,38,12,26,141740,3730.0,39000,8191.2883849493055,35,28,3.6052631578947367,73.76315789473684,4.421052631578948,0.2894736842105263,12816.0,1.0857142857142856,1.3571428571428572,0.3157894736842105,0
PRV57308,6,0,6,3100,516.6666666666666,2500,982.3169888924178,6,3,0.0,72.33333333333333,2.5,0.0,0.0,1.0,2.0,0.0,0
PRV57309,35,12,23,108260,3093.1428571428573,34000,6154.235161266432,35,25,2.8,75.91428571428571,4.742857142857143,0.2857142857142857,12816.0,1.0,1.4,0.34285714285714286,0
PRV57310,122,65,57,673420,5519.836065573771,57000,8987.602111155158,99,51,3.0,71.52459016393442,5.213114754098361,0.36065573770491804,68452.0,1.2323232323232323,2.392156862745098,0.5327868852459017,1
PRV57311,338,0,338,85340,252.4852071005917,3300,466.07048672231656,158,28,1.1390532544378698,70.86686390532545,2.5502958579881656,0.0,1030.0,2.1392405063291138,12.071428571428571,0.0,0
PRV57312,334,0,334,91320,273.41317365269464,3300,534.1280930318809,137,18,1.9850299401197604,74.94910179640719,2.5269461077844313,0.0,1310.0,2.437956204379562,18.555555555555557,0.0,1
PRV57313,402,0,402,101970,253.65671641791045,3300,556.8761388156335,328,1,1.4427860696517414,74.7412935323383,2.572139303482587,0.0,1640.0,1.225609756097561,402.0,0.0,0
PRV57314,48,0,48,15270,318.125,2300,528.4165678221456,46,30,1.25,70.29166666666667,2.3958333333333335,0.0,0.0,1.0434782608695652,1.6,0.0,0
PRV57315,22,0,22,5960,270.90909090909093,1700,416.1605584262045,22,13,1.0454545454545454,70.63636363636364,1.8636363636363635,0.0,0.0,1.0,1.6923076923076923,0.0,0
PRV57316,85,39,46,384920,4528.470588235294,57000,8420.666259394256,78,27,2.835294117647059,77.23529411764706,5.094117647058823,0.27058823529411763,40684.0,1.0897435897435896,3.1481481481481484,0.4588235294117647,0
PRV57317,458,84,374,926330,2022.5545851528384,57000,5551.186777747084,352,28,1.8711790393013101,73.46069868995633,3.4541484716157207,0.14410480349344978,90134.0,1.3011363636363635,16.357142857142858,0.18340611353711792,1
PRV57318,150,0,150,44180,294.53333333333336,7060,751.8197937252891,131,48,0.86,74.31333333333333,2.5,0.0,330.0,1.1450381679389312,3.125,0.0,0
PRV57319,279,16,263,177460,636.0573476702509,15000,1916.8728872213112,254,97,1.6129032258064515,73.95698924731182,2.92831541218638,0.03942652329749104,17538.0,1.0984251968503937,2.8762886597938144,0.05734767025089606,0
PRV57320,38,10,28,104310,2745.0,17000,5037.453104871924,38,27,2.9210526315789473,71.84210526315789,4.473684210526316,0.15789473684210525,10730.0,1.0,1.4074074074074074,0.2631578947368421,0
PRV57321,84,15,69,181460,2160.2380952380954,36000,5772.364568676514,60,32,1.630952380952381,70.88095238095238,3.0952380952380953,0.16666666666666666,16190.0,1.4,2.625,0.17857142857142858,0
PRV57322,33,7,26,60790,1842.121212121212,19000,3796.874337510854,31,28,2.9696969696969697,73.0,3.6666666666666665,0.09090909090909091,7686.0,1.064516129032258,1.1785714285714286,0.21212121212121213,0
PRV57324,117,22,95,213550,1825.2136752136753,35000,4915.343780429948,112,75,2.324786324786325,73.12820512820512,3.5982905982905984,0.08547008547008547,23676.0,1.0446428571428572,1.56,0.18803418803418803,0
PRV57325,41,0,41,11580,282.4390243902439,2800,590.9897650882157,39,21,0.975609756097561,74.34146341463415,2.926829268292683,0.0,120.0,1.0512820512820513,1.9523809523809523,0.0,0
PRV57326,5,5,0,37000,7400.0,12000,3911.521443121589,5,4,6.6,66.4,8.8,0.8,5340.0,1.0,1.25,1.0,0
PRV57327,3,0,3,190,63.333333333333336,90,30.550504633038933,3,3,0.0,84.33333333333333,3.0,0.0,0.0,1.0,1.0,0.0,0
PRV57328,38,0,38,5360,141.05263157894737,1600,270.04293426090413,38,29,0.02631578947368421,73.28947368421052,1.7105263157894737,0.0,170.0,1.0,1.3103448275862069,0.0,0
PRV57329,36,0,36,11470,318.6111111111111,2500,614.3156600305173,35,27,1.1111111111111112,73.41666666666667,2.4722222222222223,0.0,60.0,1.0285714285714285,1.3333333333333333,0.0,0
PRV57330,34,12,22,75570,2222.6470588235293,12000,2989.272039511159,28,12,4.970588235294118,77.61764705882354,4.676470588235294,0.17647058823529413,11888.0,1.2142857142857142,2.8333333333333335,0.35294117647058826,0
PRV57331,141,16,125,217200,1540.4255319148936,35000,4367.740813925337,128,92,2.425531914893617,71.61702127659575,2.9290780141843973,0.12056737588652482,17298.0,1.1015625,1.5326086956521738,0.11347517730496454,0
PRV57332,98,0,98,22560,230.20408163265307,1700,337.5288596804564,89,32,1.4183673469387754,72.31632653061224,2.704081632653061,0.0,180.0,1.101123595505618,3.0625,0.0,0
PRV57333,1004,0,1004,291020,289.8605577689243,3300,584.6652717905981,723,9,1.346613545816733,72.5687250996016,2.597609561752988,0.0,2820.0,1.38865836791148,111.55555555555556,0.0,0
PRV57334,68,39,29,450080,6618.823529411765,57000,10670.155831145606,60,32,4.720588235294118,72.32352941176471,5.529411764705882,0.39705882352941174,39666.0,1.1333333333333333,2.125,0.5735294117647058,0
PRV57335,807,3,804,284670,352.75092936802974,28000,1192.7916734905514,306,46,1.5724907063197027,74.10656753407683,2.650557620817844,0.011152416356877323,5204.0,2.6372549019607843,17.543478260869566,0.0037174721189591076,1
PRV57336,135,0,135,28220,209.03703703703704,2900,438.84494605466574,117,81,1.451851851851852,73.4,2.696296296296296,0.0,710.0,1.1538461538461537,1.6666666666666667,0.0,0
PRV57339,458,0,458,105130,229.5414847161572,3300,446.13340948980607,187,16,1.1244541484716157,72.20960698689956,2.593886462882096,0.002183406113537118,1390.0,2.449197860962567,28.625,0.0,0
PRV57340,41,17,24,204360,4984.390243902439,49000,8894.606525524468,39,25,2.1219512195121952,71.85365853658537,5.073170731707317,0.36585365853658536,17118.0,1.0512820512820513,1.64,0.4146341463414634,0
PRV57341,177,77,100,816350,4612.146892655367,57000,7723.720982739412,158,69,3.361581920903955,70.75141242937853,4.870056497175141,0.2937853107344633,80730.0,1.120253164556962,2.5652173913043477,0.4350282485875706,1
PRV57343,75,0,75,37090,494.53333333333336,3300,827.1888135929628,55,34,3.2133333333333334,69.6,2.64,0.0,70.0,1.3636363636363635,2.2058823529411766,0.0,0
PRV57344,480,25,455,428700,893.125,37000,2881.6357975149863,189,37,2.4270833333333335,73.15208333333334,2.9791666666666665,0.052083333333333336,28060.0,2.5396825396825395,12.972972972972974,0.052083333333333336,1
PRV57345,88,43,45,465320,5287.727272727273,49000,8533.524251717452,82,34,3.7954545454545454,73.1590909090909,5.306818181818182,0.3522727272727273,43798.0,1.0731707317073171,2.588235294117647,0.48863636363636365,1
PRV57346,532,0,532,150430,282.7631578947368,3300,559.3802700754716,447,32,1.593984962406015,73.37406015037594,2.593984962406015,0.0,1690.0,1.1901565995525727,16.625,0.0,0
PRV57347,145,17,128,145560,1003.8620689655172,17000,2656.4690919335894,141,91,1.5034482758620689,73.50344827586207,3.0344827586206895,0.06206896551724138,18406.0,1.0283687943262412,1.5934065934065933,0.11724137931034483,0
PRV57348,920,0,920,255770,278.0108695652174,3300,539.972050108194,638,6,1.367391304347826,72.39891304347826,2.5358695652173915,0.0,2910.0,1.4420062695924765,153.33333333333334,0.0,0
PRV57350,46,9,37,71390,1551.9565217391305,18000,3516.7855395802812,41,11,0.5434782608695652,70.30434782608695,3.5217391304347827,0.08695652173913043,9842.0,1.1219512195121952,4.181818181818182,0.1956521739130435,0
PRV57351,34,0,34,20180,593.5294117647059,14000,2403.2375667293145,32,13,0.8235294117647058,72.70588235294117,2.2058823529411766,0.0,220.0,1.0625,2.6153846153846154,0.0,0
PRV57352,44,3,41,25050,569.3181818181819,9000,1506.73742365675,41,18,1.2272727272727273,74.06818181818181,2.522727272727273,0.06818181818181818,3254.0,1.0731707317073171,2.4444444444444446,0.06818181818181818,0
PRV57354,22,0,22,8510,386.8181818181818,2100,678.1584753941498,21,11,1.6818181818181819,68.86363636363636,2.409090909090909,0.0,0.0,1.0476190476190477,2.0,0.0,0
PRV57355,34,0,34,16240,477.6470588235294,3300,830.8668668599278,21,5,0.14705882352941177,77.94117647058823,2.411764705882353,0.0,190.0,1.619047619047619,6.8,0.0,0
PRV57356,67,0,67,23570,351.7910447761194,2500,597.4540057690617,25,23,3.2686567164179103,63.74626865671642,2.5970149253731343,0.0,240.0,2.68,2.9130434782608696,0.0,0
PRV57357,16,15,1,114700,7168.75,21000,5301.78822033975,13,2,4.0625,78.5,7.9375,0.5,16020.0,1.2307692307692308,8.0,0.9375,0
PRV57358,77,0,77,12200,158.44155844155844,3300,390.08455539207654,32,1,0.974025974025974,74.72727272727273,2.675324675324675,0.012987012987012988,100.0,2.40625,77.0,0.0,0
PRV57359,102,0,102,34390,337.15686274509807,3300,583.3657505483437,67,1,1.7647058823529411,74.3921568627451,2.5686274509803924,0.0,200.0,1.5223880597014925,102.0,0.0,0
PRV57361,60,0,60,18790,313.1666666666667,3400,697.4007229431166,32,6,2.5166666666666666,73.83333333333333,2.65,0.0,60.0,1.875,10.0,0.0,0
PRV57363,2,0,2,400,200.0,300,141.4213562373095,2,2,0.0,73.5,1.5,0.0,40.0,1.0,1.0,0.0,0
PRV57364,10,3,7,42650,4265.0,23000,7945.739948760804,9,6,1.4,72.5,4.3,0.3,3204.0,1.1111111111111112,1.6666666666666667,0.3,0
PRV57365,183,0,183,57260,312.89617486338796,3300,591.8418124121966,84,10,2.1311475409836067,73.55737704918033,2.759562841530055,0.0,490.0,2.1785714285714284,18.3,0.0,0
PRV57366,12,0,12,4960,413.3333333333333,3300,925.9916879003861,7,6,0.0,79.91666666666667,3.1666666666666665,0.0,0.0,1.7142857142857142,2.0,0.0,0
PRV57367,11,0,11,8070,733.6363636363636,3300,1031.5839541915404,8,4,1.9090909090909092,80.45454545454545,3.0,0.0,80.0,1.375,2.75,0.0,0
PRV57368,22,0,22,3500,159.0909090909091,900,204.00534752349463,22,4,0.0,71.68181818181819,2.8636363636363638,0.0,0.0,1.0,5.5,0.0,0
PRV57369,28,11,17,119350,4262.5,40000,8158.264441883684,27,18,1.9285714285714286,71.32142857142857,4.357142857142857,0.32142857142857145,11948.0,1.037037037037037,1.5555555555555556,0.39285714285714285,0
PRV57371,1,0,1,70,70.0,70,0.0,1,1,0.0,69.0,2.0,0.0,0.0,1.0,1.0,0.0,0
PRV57372,32,15,17,123750,3867.1875,24000,5845.657464264916,28,7,3.96875,70.46875,5.40625,0.3125,16220.0,1.1428571428571428,4.571428571428571,0.46875,0
PRV57373,2,0,2,800,400.0,700,424.26406871192853,2,2,0.0,70.0,1.5,0.0,0.0,1.0,1.0,0.0,0
PRV57374,6,0,6,800,133.33333333333334,400,147.33182502998687,5,5,3.3333333333333335,74.0,1.6666666666666667,0.0,0.0,1.2,1.2,0.0,0
PRV57375,81,6,75,72220,891.604938271605,18000,2637.647368769243,35,10,1.4074074074074074,70.01234567901234,3.123456790123457,0.037037037037037035,6568.0,2.3142857142857145,8.1,0.07407407407407407,0
PRV57376,20,0,20,5060,253.0,1800,449.77304218203676,18,7,0.6,66.9,2.85,0.0,0.0,1.1111111111111112,2.857142857142857,0.0,0
PRV57378,35,0,35,6780,193.71428571428572,1400,295.5959654493206,29,11,1.0571428571428572,71.51428571428572,3.2285714285714286,0.0,120.0,1.206896551724138,3.1818181818181817,0.0,0
PRV57379,28,3,25,56380,2013.5714285714287,36000,6782.419110812084,26,11,3.5357142857142856,67.14285714285714,3.3214285714285716,0.07142857142857142,3204.0,1.0769230769230769,2.5454545454545454,0.10714285714285714,0
PRV57380,87,0,87,22880,262.98850574712645,3300,551.6109914721221,64,7,1.3333333333333333,74.10344827586206,2.2873563218390807,0.0,330.0,1.359375,12.428571428571429,0.0,0
PRV57381,49,0,49,18640,380.40816326530614,2600,614.8440153935843,12,2,3.0816326530612246,77.28571428571429,2.673469387755102,0.0,100.0,4.083333333333333,24.5,0.0,0
PRV57382,79,5,74,99810,1263.4177215189873,57000,6546.05046046576,45,17,1.0759493670886076,74.75949367088607,2.759493670886076,0.0379746835443038,4542.0,1.7555555555555555,4.647058823529412,0.06329113924050633,0
PRV57385,90,0,90,21930,243.66666666666666,3300,485.3064594156582,41,2,0.6222222222222222,69.21111111111111,2.533333333333333,0.0,250.0,2.1951219512195124,45.0,0.0,0
PRV57386,1,0,1,300,300.0,300,0.0,1,1,0.0,72.0,2.0,0.0,0.0,1.0,1.0,0.0,0
PRV57388,9,0,9,1660,184.44444444444446,500,164.02066265497703,7,3,2.3333333333333335,72.88888888888889,3.4444444444444446,0.0,100.0,1.2857142857142858,3.0,0.0,0
PRV57389,6,0,6,3810,635.0,3300,1309.7442498442206,4,2,0.0,76.0,2.6666666666666665,0.0,0.0,1.5,3.0,0.0,0
PRV57390,55,0,55,10840,197.0909090909091,2100,336.8298434437534,42,1,0.16363636363636364,72.8,2.618181818181818,0.0,190.0,1.3095238095238095,55.0,0.0,0
PRV57391,19,0,19,4780,251.57894736842104,1200,331.36524255963866,13,1,1.3157894736842106,74.52631578947368,3.1578947368421053,0.0,0.0,1.4615384615384615,19.0,0.0,0
PRV57392,2,0,2,70,35.0,60,35.35533905932738,2,2,0.0,76.5,2.0,0.0,0.0,1.0,1.0,0.0,0
PRV57393,5,0,5,2800,560.0,2300,975.9866802369795,5,2,0.0,73.8,5.2,0.0,0.0,1.0,2.5,0.0,0
PRV57394,16,0,16,6630,414.375,3300,816.038959445769,15,5,3.8125,69.1875,2.5625,0.0,0.0,1.0666666666666667,3.2,0.0,0
PRV57396,1,0,1,0,0.0,0,0.0,1,1,0.0,66.0,3.0,0.0,0.0,1.0,1.0,0.0,0
PRV57397,7,7,0,65000,9285.714285714286,30000,9464.218328601079,7,1,2.7142857142857144,72.85714285714286,7.571428571428571,0.8571428571428571,7476.0,1.0,7.0,1.0,0
PRV57398,3,3,0,50600,16866.666666666668,47000,26123.807787788774,3,1,2.6666666666666665,55.666666666666664,5.0,0.6666666666666666,3204.0,1.0,3.0,1.0,0
PRV57399,1,1,0,57000,57000.0,57000,0.0,1,1,15.0,58.0,9.0,1.0,1068.0,1.0,1.0,1.0,0
PRV57400,8,8,0,67000,8375.0,21000,5629.958132298017,6,3,4.125,76.125,8.5,0.625,8544.0,1.3333333333333333,2.6666666666666665,1.0,0
PRV57401,8,8,0,65000,8125.0,17000,5841.660722773961,8,1,6.0,76.25,7.625,1.25,8544.0,1.0,8.0,1.0,0
PRV57402,1,0,1,20,20.0,20,0.0,1,1,0.0,71.0,1.0,0.0,0.0,1.0,1.0,0.0,0
PRV57403,15,15,0,172000,11466.666666666666,36000,8210.330310622332,13,5,7.466666666666667,73.26666666666667,8.066666666666666,0.8,16020.0,1.1538461538461537,3.0,1.0,0
PRV57404,46,9,37,74250,1614.1304347826087,14000,3345.539369294223,43,28,1.673913043478261,69.67391304347827,3.782608695652174,0.13043478260869565,8634.0,1.069767441860465,1.6428571428571428,0.1956521739130435,0
PRV57405,32,0,32,5690,177.8125,900,236.0253454815339,27,23,0.9375,75.46875,2.46875,0.0,100.0,1.1851851851851851,1.391304347826087,0.0,0
PRV57406,68,46,22,505460,7433.235294117647,75000,12041.519644413465,58,18,3.6323529411764706,73.91176470588235,6.3088235294117645,0.38235294117647056,48060.0,1.1724137931034482,3.7777777777777777,0.6764705882352942,0
PRV57407,217,0,217,62860,289.6774193548387,4060,548.5784550872391,103,18,1.8709677419354838,71.48847926267281,2.6129032258064515,0.0,660.0,2.1067961165048543,12.055555555555555,0.0,0
PRV57408,55,0,55,8650,157.27272727272728,1800,311.5757713293209,50,42,0.6363636363636364,74.6,2.890909090909091,0.03636363636363636,110.0,1.1,1.3095238095238095,0.0,0
PRV57409,71,24,47,218620,3079.154929577465,23000,5258.529600693354,64,40,3.140845070422535,70.67605633802818,4.380281690140845,0.23943661971830985,25632.0,1.109375,1.775,0.3380281690140845,1
PRV57410,241,0,241,57710,239.46058091286307,3300,465.5634125959582,125,20,1.1369294605809128,71.60165975103735,2.211618257261411,0.0,550.0,1.928,12.05,0.0,0
PRV57411,29,0,29,8560,295.17241379310343,3100,595.4387379406836,27,22,2.103448275862069,73.55172413793103,2.7241379310344827,0.0,210.0,1.0740740740740742,1.3181818181818181,0.0,0
PRV57412,298,9,289,150380,504.6308724832215,19000,1529.7045437705385,107,34,1.74496644295302,69.61744966442953,2.791946308724832,0.030201342281879196,10892.0,2.7850467289719627,8.764705882352942,0.030201342281879196,0
PRV57413,52,0,52,18030,346.7307692307692,3100,738.6095074698721,31,4,0.5384615384615384,68.63461538461539,3.0961538461538463,0.0,70.0,1.6774193548387097,13.0,0.0,0
PRV57414,28,18,10,215460,7695.0,54000,11838.031148864302,25,19,4.571428571428571,75.75,5.928571428571429,0.42857142857142855,19224.0,1.12,1.4736842105263157,0.6428571428571429,0
PRV57415,86,0,86,39090,454.5348837209302,3300,840.6645228301718,41,9,2.4069767441860463,70.47674418604652,3.058139534883721,0.0,420.0,2.097560975609756,9.555555555555555,0.0,0
PRV57416,7,0,7,1200,171.42857142857142,600,202.68436639502409,6,5,0.0,69.42857142857143,2.7142857142857144,0.0,0.0,1.1666666666666667,1.4,0.0,0
PRV57417,9,0,9,2620,291.1111111111111,2300,753.9138618642789,9,6,0.0,74.22222222222223,2.2222222222222223,0.0,0.0,1.0,1.5,0.0,0
PRV57419,17,0,17,4900,288.2352941176471,2600,625.7019587443135,17,8,1.1764705882352942,66.52941176470588,1.8235294117647058,0.0,100.0,1.0,2.125,0.0,0
PRV57421,35,0,35,8080,230.85714285714286,2900,502.9756831250653,33,22,0.9714285714285714,72.62857142857143,2.8857142857142857,0.0,350.0,1.0606060606060606,1.5909090909090908,0.0,0
PRV57422,104,0,104,33620,323.2692307692308,3100,594.3380789195418,60,10,1.2596153846153846,75.24038461538461,2.5865384615384617,0.0,410.0,1.7333333333333334,10.4,0.0,0
PRV57423,47,0,47,21380,454.8936170212766,3300,855.4044869316034,41,21,3.5106382978723403,73.97872340425532,2.5531914893617023,0.0,320.0,1.146341463414634,2.238095238095238,0.0,0
PRV57424,38,0,38,11890,312.89473684210526,3300,648.3071840080252,28,15,3.210526315789474,69.21052631578948,2.9473684210526314,0.0,0.0,1.3571428571428572,2.533333333333333,0.0,0
PRV57425,124,32,92,345720,2788.064516129032,50000,6318.384798929907,101,40,2.75,70.87096774193549,4.040322580645161,0.20161290322580644,33128.0,1.2277227722772277,3.1,0.25806451612903225,1
PRV57426,60,0,60,16240,270.6666666666667,3300,653.0291001553587,33,19,0.36666666666666664,69.7,2.316666666666667,0.0,120.0,1.8181818181818181,3.1578947368421053,0.0,0
PRV57427,30,14,16,113590,3786.3333333333335,19000,4708.805019603559,27,18,3.1,74.8,5.233333333333333,0.36666666666666664,14952.0,1.1111111111111112,1.6666666666666667,0.4666666666666667,0
PRV57429,154,0,154,41490,269.4155844155844,3300,525.6980880272807,80,44,1.7792207792207793,70.83116883116882,2.7337662337662336,0.0,580.0,1.925,3.5,0.0,0
PRV57431,24,0,24,13600,566.6666666666666,2600,749.5254537352962,19,8,1.7083333333333333,73.91666666666667,2.7083333333333335,0.0,0.0,1.263157894736842,3.0,0.0,0
PRV57432,48,0,48,13420,279.5833333333333,3300,647.6042866262835,41,30,1.7708333333333333,70.54166666666667,2.5,0.0,110.0,1.170731707317073,1.6,0.0,0
PRV57433,70,16,54,141500,2021.4285714285713,20000,4165.348528561472,63,46,1.4714285714285715,69.27142857142857,3.6142857142857143,0.15714285714285714,17488.0,1.1111111111111112,1.5217391304347827,0.22857142857142856,0
PRV57434,316,0,316,83990,265.7911392405063,3300,533.2020737739051,151,10,1.3227848101265822,71.08227848101266,2.569620253164557,0.0,650.0,2.0927152317880795,31.6,0.0,0
PRV57435,25,0,25,4860,194.4,800,268.8878328721229,21,16,1.84,74.92,2.28,0.0,10.0,1.1904761904761905,1.5625,0.0,0
PRV57436,41,0,41,10950,267.0731707317073,2400,510.8485289322023,32,23,1.0,71.82926829268293,2.0,0.0,160.0,1.28125,1.7826086956521738,0.0,0
PRV57437,27,6,21,63170,2339.6296296296296,22000,4919.671253464528,27,18,1.4074074074074074,66.03703703703704,3.5925925925925926,0.1111111111111111,6608.0,1.0,1.5,0.2222222222222222,0
PRV57438,14,4,10,24180,1727.142857142857,9000,2878.138898052614,11,5,2.7857142857142856,71.64285714285714,3.7142857142857144,0.2857142857142857,4272.0,1.2727272727272727,2.8,0.2857142857142857,0
PRV57440,4,0,4,330,82.5,200,85.39125638299666,3,3,5.0,71.0,2.5,0.0,0.0,1.3333333333333333,1.3333333333333333,0.0,0
PRV57441,74,0,74,26660,360.27027027027026,3300,639.2739309795631,39,7,1.6756756756756757,75.82432432432432,2.918918918918919,0.0,0.0,1.8974358974358974,10.571428571428571,0.0,0
PRV57443,52,0,52,33790,649.8076923076923,16000,2270.479339892976,22,8,1.0,71.98076923076923,2.8846153846153846,0.0,120.0,2.3636363636363638,6.5,0.0,0
PRV57444,13,0,13,7550,580.7692307692307,3200,1144.6357611227363,13,8,2.3846153846153846,70.0,3.1538461538461537,0.0,0.0,1.0,1.625,0.0,0
PRV57445,30,2,28,22150,738.3333333333334,8020,2065.6802892682267,20,8,0.9,65.73333333333333,2.6,0.0,2236.0,1.5,3.75,0.06666666666666667,0
PRV57446,8,0,8,5600,700.0,2900,978.3367810436532,7,3,5.0,79.75,2.875,0.0,0.0,1.1428571428571428,2.6666666666666665,0.0,0
PRV57447,9,0,9,4240,471.1111111111111,2700,850.1682839950635,9,6,5.222222222222222,72.66666666666667,1.8888888888888888,0.0,0.0,1.0,1.5,0.0,0
PRV57448,205,0,205,51920,253.26829268292684,3300,474.8813589910313,113,23,1.424390243902439,72.90243902439025,2.8829268292682926,0.0,530.0,1.8141592920353982,8.91304347826087,0.0,0
PRV57449,103,0,103,28380,275.5339805825243,3300,503.1483782152799,57,17,1.5533980582524272,73.71844660194175,2.320388349514563,0.0,350.0,1.8070175438596492,6.0588235294117645,0.0,0
PRV57450,11,0,11,4750,431.8181818181818,3300,963.1388080834266,11,5,2.0,74.72727272727273,2.909090909090909,0.0,80.0,1.0,2.2,0.0,0
PRV57452,3,0,3,120,40.0,80,40.0,3,3,0.0,63.333333333333336,2.0,0.0,0.0,1.0,1.0,0.0,0
PRV57453,17,0,17,2850,167.64705882352942,1900,448.379434906485,15,5,0.058823529411764705,70.3529411764706,2.823529411764706,0.0,0.0,1.1333333333333333,3.4,0.0,0
PRV57454,42,0,42,5610,133.57142857142858,1800,283.27200948714466,29,2,0.8095238095238095,66.73809523809524,2.1666666666666665,0.0,110.0,1.4482758620689655,21.0,0.0,0
PRV57455,6,0,6,2130,355.0,1000,356.30043502639734,6,2,3.3333333333333335,61.833333333333336,3.1666666666666665,0.0,100.0,1.0,3.0,0.0,0
PRV57456,16,0,16,2350,146.875,1200,295.9215830812841,15,5,0.5625,68.5625,2.125,0.0,0.0,1.0666666666666667,3.2,0.0,0
PRV57459,11,0,11,4600,418.1818181818182,3300,982.0470272020397,9,1,0.09090909090909091,76.9090909090909,2.727272727272727,0.0,0.0,1.2222222222222223,11.0,0.0,0
PRV57460,36,0,36,7840,217.77777777777777,2000,378.07112793464904,28,3,0.5555555555555556,69.25,2.9166666666666665,0.0,200.0,1.2857142857142858,12.0,0.0,0
PRV57461,1,0,1,0,0.0,0,0.0,1,1,0.0,77.0,0.0,0.0,0.0,1.0,1.0,0.0,0
PRV57462,10,0,10,1560,156.0,300,107.31055658953389,10,3,4.0,72.4,3.3,0.0,0.0,1.0,3.3333333333333335,0.0,0
PRV57463,28,0,28,7410,264.64285714285717,1900,451.91348027116163,26,3,0.10714285714285714,67.25,2.142857142857143,0.0,80.0,1.0769230769230769,9.333333333333334,0.0,0
PRV57464,2,0,2,80,40.0,40,0.0,2,2,0.0,54.5,5.5,0.0,0.0,1.0,1.0,0.0,0
PRV57465,22,0,22,2730,124.0909090909091,600,161.9129422430488,19,2,0.9545454545454546,68.0909090909091,2.227272727272727,0.0,50.0,1.1578947368421053,11.0,0.0,0
PRV57467,1,0,1,40,40.0,40,0.0,1,1,0.0,52.0,4.0,0.0,0.0,1.0,1.0,0.0,0
PRV57468,12,0,12,2300,191.66666666666666,1100,310.56644241050117,8,2,0.16666666666666666,80.58333333333333,3.6666666666666665,0.0,0.0,1.5,6.0,0.0,0
PRV57469,58,0,58,22050,380.17241379310343,3300,713.8860574946813,37,1,1.0517241379310345,74.46551724137932,2.5517241379310347,0.0,180.0,1.5675675675675675,58.0,0.0,0
PRV57470,12,0,12,1610,134.16666666666666,400,110.40901917484604,11,4,2.0,74.16666666666667,2.6666666666666665,0.0,0.0,1.0909090909090908,3.0,0.0,0
PRV57471,2,0,2,350,175.0,300,176.7766952966369,2,1,0.0,61.5,1.0,0.0,0.0,1.0,2.0,0.0,0
PRV57472,4,0,4,1700,425.0,1500,717.7975573470095,4,2,5.0,81.75,2.25,0.0,0.0,1.0,2.0,0.0,0
PRV57473,1,0,1,90,90.0,90,0.0,1,1,0.0,37.0,1.0,0.0,0.0,1.0,1.0,0.0,0
PRV57474,4,0,4,830,207.5,500,236.83679331275084,4,1,0.0,72.25,2.25,0.0,0.0,1.0,4.0,0.0,0
PRV57475,23,0,23,9340,406.0869565217391,3300,794.6224897306713,16,1,2.6956521739130435,77.0,3.130434782608696,0.0,0.0,1.4375,23.0,0.0,0
PRV57476,145,0,145,47070,324.62068965517244,3300,644.3105926855021,56,3,1.2,72.7448275862069,2.2482758620689656,0.0,530.0,2.5892857142857144,48.333333333333336,0.0,0
PRV57477,85,0,85,22740,267.52941176470586,3300,521.0107070519234,42,1,1.6705882352941177,76.76470588235294,2.458823529411765,0.0,170.0,2.0238095238095237,85.0,0.0,0
PRV57479,19,0,19,7220,380.0,3200,818.5217026919797,17,2,1.4210526315789473,72.89473684210526,2.6315789473684212,0.0,0.0,1.1176470588235294,9.5,0.0,0
PRV57481,62,62,0,776000,12516.129032258064,57000,13445.386722375273,52,5,6.435483870967742,76.19354838709677,8.241935483870968,0.9354838709677419,65148.0,1.1923076923076923,12.4,1.0,1
PRV57484,9,0,9,1090,121.11111111111111,500,152.76161530669643,6,1,2.2222222222222223,81.44444444444444,3.111111111111111,0.0,0.0,1.5,9.0,0.0,0
PRV57485,10,0,10,1670,167.0,700,220.4565968872583,10,1,2.0,62.3,2.1,0.0,0.0,1.0,10.0,0.0,0
PRV57486,35,0,35,4430,126.57142857142857,1900,318.94073630897464,19,1,1.1714285714285715,72.91428571428571,2.6,0.0,130.0,1.8421052631578947,35.0,0.0,0
PRV57487,15,15,0,140000,9333.333333333334,25000,7207.800007795788,14,1,7.933333333333334,75.4,8.333333333333334,0.8,16020.0,1.0714285714285714,15.0,1.0,0
PRV57488,5,0,5,540,108.0,300,114.76062042355818,5,2,0.0,80.4,2.4,0.0,0.0,1.0,2.5,0.0,0
PRV57489,17,17,0,182000,10705.882352941177,39000,9298.956298171,17,6,6.176470588235294,70.11764705882354,8.058823529411764,0.5882352941176471,18156.0,1.0,2.8333333333333335,1.0,0
PRV57490,21,21,0,201200,9580.952380952382,25000,7814.577342865003,19,1,4.761904761904762,69.66666666666667,7.333333333333333,1.0476190476190477,21360.0,1.105263157894737,21.0,1.0,0
PRV57491,116,0,116,30830,265.7758620689655,2300,479.9749103262885,62,28,1.456896551724138,74.40517241379311,2.4051724137931036,0.0,0.0,1.8709677419354838,4.142857142857143,0.0,0
PRV57492,117,36,81,348030,2974.6153846153848,26000,5540.256208824321,95,62,2.3675213675213675,73.02564102564102,4.188034188034188,0.2222222222222222,37450.0,1.231578947368421,1.8870967741935485,0.3076923076923077,0
PRV57495,113,37,76,400530,3544.5132743362833,57000,8414.251408765458,99,65,2.3008849557522124,74.59292035398231,4.415929203539823,0.18584070796460178,39646.0,1.1414141414141414,1.7384615384615385,0.3274336283185841,1
PRV57496,38,0,38,7750,203.94736842105263,3300,543.0123161894471,36,21,0.5526315789473685,73.76315789473684,2.710526315789474,0.0,100.0,1.0555555555555556,1.8095238095238095,0.0,0
PRV57499,18,0,18,8940,496.6666666666667,3300,907.8934894773141,18,13,0.05555555555555555,66.94444444444444,2.2222222222222223,0.0,0.0,1.0,1.3846153846153846,0.0,0
PRV57500,79,0,79,26090,330.253164556962,3300,671.7924257470752,78,44,0.7848101265822784,74.37974683544304,2.2025316455696204,0.0,120.0,1.0128205128205128,1.7954545454545454,0.0,0
PRV57501,64,0,64,11740,183.4375,1600,330.776953334332,63,29,0.265625,75.046875,2.671875,0.0,230.0,1.0158730158730158,2.206896551724138,0.0,0
PRV57502,260,114,146,1197550,4605.961538461538,57000,8228.227537902887,235,75,2.9307692307692306,73.64615384615385,4.992307692307692,0.33076923076923076,117820.0,1.1063829787234043,3.466666666666667,0.43846153846153846,1
PRV57504,28,0,28,5910,211.07142857142858,1500,353.70357212108695,28,12,1.25,71.32142857142857,2.0357142857142856,0.0,100.0,1.0,2.3333333333333335,0.0,0
PRV57507,112,0,112,26740,238.75,3300,493.68466610737414,96,45,1.0982142857142858,76.48214285714286,2.607142857142857,0.0,180.0,1.1666666666666667,2.488888888888889,0.0,0
PRV57509,58,0,58,11690,201.55172413793105,1200,301.13121068664867,53,26,0.9827586206896551,75.41379310344827,2.810344827586207,0.0,60.0,1.0943396226415094,2.230769230769231,0.0,0
PRV57510,247,43,204,486990,1971.6194331983806,36000,5079.789442625495,214,96,2.3643724696356276,74.67206477732793,3.834008097165992,0.12550607287449392,46064.0,1.1542056074766356,2.5729166666666665,0.17408906882591094,0
PRV57512,108,0,108,24330,225.27777777777777,2400,399.51713456367406,84,28,1.3425925925925926,72.71296296296296,2.740740740740741,0.0,420.0,1.2857142857142858,3.857142857142857,0.0,0
PRV57514,51,0,51,15030,294.70588235294116,3300,606.1595596579385,44,28,1.8235294117647058,74.03921568627452,2.8823529411764706,0.0,0.0,1.1590909090909092,1.8214285714285714,0.0,0
PRV57515,88,19,69,167970,1908.75,17000,3811.173172170988,80,58,2.272727272727273,72.88636363636364,3.7954545454545454,0.1590909090909091,20372.0,1.1,1.5172413793103448,0.2159090909090909,0
PRV57516,10,0,10,2290,229.0,1500,451.45320909259243,10,9,0.8,79.5,2.1,0.0,0.0,1.0,1.1111111111111112,0.0,0
PRV57517,60,0,60,20230,337.1666666666667,2900,535.2619877034292,56,33,1.2166666666666666,67.8,2.4166666666666665,0.0,180.0,1.0714285714285714,1.8181818181818181,0.0,0
PRV57518,97,2,95,68130,702.3711340206186,21000,3072.7219790968297,47,21,1.0515463917525774,71.17525773195877,2.329896907216495,0.020618556701030927,2416.0,2.0638297872340425,4.619047619047619,0.020618556701030927,0
PRV57519,157,12,145,143280,912.6114649681529,23000,3016.2944549726053,142,79,1.9681528662420382,74.68152866242038,2.821656050955414,0.050955414012738856,13276.0,1.1056338028169015,1.9873417721518987,0.07643312101910828,0
PRV57520,23,0,23,5740,249.56521739130434,1400,387.15134767672595,23,16,0.6521739130434783,71.30434782608695,2.608695652173913,0.0,60.0,1.0,1.4375,0.0,0
PRV57521,111,12,99,121150,1091.4414414414414,20000,2846.6962819274763,105,59,2.135135135135135,73.58558558558559,3.126126126126126,0.07207207207207207,12178.0,1.0571428571428572,1.88135593220339,0.10810810810810811,0
PRV57522,40,0,40,8310,207.75,1400,295.91654662100694,40,21,0.9,73.45,2.2,0.0,10.0,1.0,1.9047619047619047,0.0,0
PRV57523,151,15,136,169960,1125.5629139072848,25000,3221.1198126865947,129,56,2.172185430463576,75.31788079470199,3.0596026490066226,0.07947019867549669,13176.0,1.1705426356589148,2.6964285714285716,0.09933774834437085,0
PRV57525,107,21,86,213820,1998.3177570093458,32000,4747.6292963766455,78,52,2.1401869158878504,73.99065420560747,3.7009345794392523,0.14953271028037382,22548.0,1.3717948717948718,2.0576923076923075,0.19626168224299065,1
PRV57526,202,2,200,109310,541.1386138613861,36000,2818.772216153917,154,45,1.7326732673267327,74.98514851485149,2.8415841584158414,0.019801980198019802,2536.0,1.3116883116883118,4.488888888888889,0.009900990099009901,0
PRV57527,165,51,114,665500,4033.3333333333335,57000,8509.029159414864,135,33,3.187878787878788,73.38787878787879,4.33939393939394,0.23030303030303031,54728.0,1.2222222222222223,5.0,0.3090909090909091,1
PRV57528,401,13,388,201020,501.29675810473816,20000,1426.012206895322,345,157,1.7556109725685785,73.92518703241895,2.630922693266833,0.0199501246882793,14884.0,1.1623188405797102,2.554140127388535,0.032418952618453865,1
PRV57529,295,0,295,75340,255.38983050847457,3300,559.6850735269636,188,50,1.7152542372881356,73.67457627118644,2.5050847457627117,0.0,400.0,1.5691489361702127,5.9,0.0,0
PRV57530,478,52,426,505590,1057.7196652719665,31000,2800.6139692370743,391,194,1.5564853556485356,73.09832635983264,3.1046025104602513,0.058577405857740586,56486.0,1.2225063938618925,2.463917525773196,0.1087866108786611,0
PRV57531,68,0,68,16630,244.55882352941177,3300,556.1660705047412,43,18,0.8382352941176471,69.57352941176471,3.1911764705882355,0.0,160.0,1.5813953488372092,3.7777777777777777,0.0,0
PRV57532,351,0,351,111560,317.83475783475785,3300,563.508789172055,157,3,2.111111111111111,74.87749287749288,2.675213675213675,0.0,910.0,2.2356687898089174,117.0,0.0,0
PRV57533,108,22,86,299560,2773.703703703704,35000,6571.152844500009,83,30,2.1574074074074074,74.53703703703704,3.4722222222222223,0.2037037037037037,22568.0,1.3012048192771084,3.6,0.2037037037037037,0
PRV57534,152,0,152,38820,255.39473684210526,3300,529.0787715096702,117,37,1.9078947368421053,72.5657894736842,2.6315789473684212,0.0,400.0,1.2991452991452992,4.108108108108108,0.0,0
PRV57536,79,0,79,18560,234.9367088607595,2600,421.7572318402405,71,33,1.5443037974683544,73.0,2.7468354430379747,0.0,60.0,1.1126760563380282,2.393939393939394,0.0,0
PRV57539,33,0,33,10630,322.1212121212121,3300,763.6497789225666,32,12,0.9393939393939394,73.21212121212122,2.8181818181818183,0.0,100.0,1.03125,2.75,0.0,0
PRV57540,39,0,39,7460,191.28205128205127,1200,291.77478235230365,32,20,1.6666666666666667,70.84615384615384,2.282051282051282,0.0,0.0,1.21875,1.95,0.0,0
PRV57541,31,0,31,9750,314.51612903225805,1700,456.0689911967078,24,23,0.3225806451612903,76.19354838709677,2.4838709677419355,0.0,100.0,1.2916666666666667,1.3478260869565217,0.0,0
PRV57542,37,0,37,5330,144.05405405405406,1100,208.9718144133778,35,18,1.7297297297297298,72.45945945945945,2.891891891891892,0.0,30.0,1.0571428571428572,2.0555555555555554,0.0,0
PRV57543,354,46,308,516360,1458.6440677966102,40000,4240.778547485991,327,170,1.689265536723164,73.18361581920904,3.406779661016949,0.09887005649717515,47472.0,1.0825688073394495,2.0823529411764707,0.12994350282485875,1
PRV57544,52,0,52,10340,198.84615384615384,2500,385.6019172830551,47,28,0.6923076923076923,76.42307692307692,2.576923076923077,0.0,0.0,1.1063829787234043,1.8571428571428572,0.0,0
PRV57545,61,1,60,40430,662.7868852459017,28000,3590.6504197928352,54,26,0.8688524590163934,72.29508196721312,2.9344262295081966,0.01639344262295082,1168.0,1.1296296296296295,2.3461538461538463,0.01639344262295082,0
PRV57546,18,0,18,5310,295.0,1600,450.0751571224783,18,14,1.2777777777777777,73.5,2.888888888888889,0.0,10.0,1.0,1.2857142857142858,0.0,0
PRV57547,86,18,68,234080,2721.860465116279,57000,7369.159823069928,79,46,3.441860465116279,74.43023255813954,4.1976744186046515,0.1744186046511628,19314.0,1.0886075949367089,1.8695652173913044,0.20930232558139536,1
PRV57548,210,107,103,1069050,5090.714285714285,52000,7796.92792920954,180,50,3.3190476190476192,72.6,5.171428571428572,0.4142857142857143,112520.0,1.1666666666666667,4.2,0.5095238095238095,1
PRV57549,518,0,518,161160,311.11969111969114,14070,829.645528673465,324,4,1.223938223938224,73.45173745173746,2.611969111969112,0.0,1040.0,1.5987654320987654,129.5,0.0,0
PRV57550,29,0,29,6070,209.31034482758622,3300,605.3743295001316,22,13,1.0344827586206897,72.51724137931035,2.1724137931034484,0.0,180.0,1.3181818181818181,2.230769230769231,0.0,0
PRV57551,132,0,132,42330,320.6818181818182,3300,635.4432163408587,100,54,2.257575757575758,72.71969696969697,2.727272727272727,0.0,570.0,1.32,2.4444444444444446,0.0,0
PRV57552,11,0,11,2340,212.72727272727272,1100,355.08001659037103,11,4,1.8181818181818181,77.18181818181819,2.8181818181818183,0.0,0.0,1.0,2.75,0.0,0
PRV57553,21,0,21,8460,402.85714285714283,2600,668.7012999624186,20,13,3.0952380952380953,77.52380952380952,2.619047619047619,0.0,40.0,1.05,1.6153846153846154,0.0,0
PRV57555,42,27,15,330780,7875.714285714285,57000,12472.052883783348,39,21,2.880952380952381,73.66666666666667,5.9523809523809526,0.5714285714285714,28856.0,1.0769230769230769,2.0,0.6428571428571429,0
PRV57557,97,0,97,20700,213.4020618556701,3000,420.428567550269,39,11,1.2164948453608246,71.8659793814433,2.5257731958762886,0.0,50.0,2.4871794871794872,8.818181818181818,0.0,0
PRV57558,57,8,49,91590,1606.842105263158,31000,4439.973519022839,40,15,2.508771929824561,75.82456140350877,3.1578947368421053,0.14035087719298245,8644.0,1.425,3.8,0.14035087719298245,0
PRV57560,2,1,1,9000,4500.0,9000,6363.961030678927,2,2,1.0,63.5,5.0,0.5,1068.0,1.0,1.0,0.5,0
PRV57561,17,1,16,16810,988.8235294117648,11000,2627.0774692444384,17,7,3.3529411764705883,68.11764705882354,3.235294117647059,0.058823529411764705,1098.0,1.0,2.4285714285714284,0.058823529411764705,0
PRV57563,6,0,6,830,138.33333333333334,600,227.80839902573098,6,3,1.5,64.5,2.8333333333333335,0.0,0.0,1.0,2.0,0.0,0
PRV57564,7,0,7,280,40.0,100,34.64101615137755,7,5,0.0,74.42857142857143,2.857142857142857,0.0,0.0,1.0,1.4,0.0,0
PRV57565,6,0,6,6340,1056.6666666666667,2600,981.0538551306275,6,3,1.1666666666666667,76.83333333333333,2.3333333333333335,0.0,50.0,1.0,2.0,0.0,0
PRV57567,12,7,5,112290,9357.5,57000,17563.564623183054,11,7,4.75,76.33333333333333,5.25,0.3333333333333333,6408.0,1.0909090909090908,1.7142857142857142,0.5833333333333334,0
PRV57568,47,18,29,120350,2560.6382978723404,16000,3854.5807893958645,46,19,2.297872340425532,73.40425531914893,4.595744680851064,0.2765957446808511,19364.0,1.0217391304347827,2.473684210526316,0.3829787234042553,0
PRV57569,73,5,68,57940,793.6986301369863,10000,1776.7194385919006,62,30,3.0273972602739727,76.73972602739725,3.0136986301369864,0.0410958904109589,5400.0,1.1774193548387097,2.433333333333333,0.0684931506849315,1
PRV57570,4,0,4,430,107.5,300,135.0,4,3,5.0,67.5,3.25,0.0,0.0,1.0,1.3333333333333333,0.0,0
PRV57571,1,0,1,400,400.0,400,0.0,1,1,0.0,79.0,1.0,0.0,0.0,1.0,1.0,0.0,0
PRV57572,265,0,265,80050,302.07547169811323,5400,699.7639171441984,207,50,1.2226415094339622,76.08301886792452,2.750943396226415,0.0,1120.0,1.2801932367149758,5.3,0.0,0
PRV57573,33,0,33,6180,187.27272727272728,3300,568.8215489461123,16,13,2.272727272727273,76.84848484848484,2.090909090909091,0.0,30.0,2.0625,2.5384615384615383,0.0,0
PRV57574,58,0,58,19640,338.62068965517244,3200,674.8994682143461,48,15,1.4655172413793103,73.53448275862068,2.396551724137931,0.0,190.0,1.2083333333333333,3.8666666666666667,0.0,0
PRV57575,24,0,24,5970,248.75,3300,684.6091395190715,13,9,0.8333333333333334,75.33333333333333,2.4166666666666665,0.0,30.0,1.8461538461538463,2.6666666666666665,0.0,0
PRV57576,22,0,22,4320,196.36363636363637,1000,242.69411385617266,21,10,0.045454545454545456,71.81818181818181,2.6818181818181817,0.0,180.0,1.0476190476190477,2.2,0.0,0
PRV57577,73,0,73,29810,408.35616438356163,3300,698.446716528561,36,2,2.684931506849315,72.3013698630137,2.7260273972602738,0.0,100.0,2.0277777777777777,36.5,0.0,0
PRV57578,2,0,2,180,90.0,90,0.0,2,2,10.0,64.0,2.5,0.0,0.0,1.0,1.0,0.0,0
PRV57580,134,0,134,24650,183.955223880597,3300,423.8438829071018,83,3,1.126865671641791,73.30597014925372,2.5671641791044775,0.007462686567164179,380.0,1.6144578313253013,44.666666666666664,0.0,0
PRV57581,15,0,15,2370,158.0,800,205.57237168452377,15,9,1.3333333333333333,70.73333333333333,2.3333333333333335,0.0,0.0,1.0,1.6666666666666667,0.0,0
PRV57583,14,0,14,3080,220.0,2000,518.058505754529,12,6,1.4285714285714286,79.35714285714286,2.857142857142857,0.0,0.0,1.1666666666666667,2.3333333333333335,0.0,0
PRV57584,43,3,40,28760,668.8372093023256,11000,1973.6637544742416,25,8,0.6511627906976745,69.6046511627907,3.3255813953488373,0.046511627906976744,3284.0,1.72,5.375,0.06976744186046512,0
PRV57585,140,0,140,44220,315.85714285714283,3300,646.9696775102194,71,6,1.5857142857142856,71.91428571428571,2.692857142857143,0.0,240.0,1.971830985915493,23.333333333333332,0.0,0
PRV57586,144,0,144,49710,345.2083333333333,3300,711.3495189510485,51,5,3.1805555555555554,73.25694444444444,2.6319444444444446,0.0,170.0,2.823529411764706,28.8,0.0,0
PRV57588,2,0,2,530,265.0,500,332.34018715767735,2,2,10.0,76.0,2.5,0.0,0.0,1.0,1.0,0.0,0
PRV57590,76,3,73,33520,441.05263157894734,11000,1356.4223324096554,60,21,1.8421052631578947,75.28947368421052,3.276315789473684,0.039473684210526314,3454.0,1.2666666666666666,3.619047619047619,0.039473684210526314,0
PRV57592,79,0,79,16880,213.67088607594937,3300,509.348948986665,64,11,1.1898734177215189,77.0632911392405,2.5949367088607596,0.0,310.0,1.234375,7.181818181818182,0.0,0
PRV57593,26,6,20,84910,3265.769230769231,37000,7618.918124288736,21,16,3.1538461538461537,71.34615384615384,4.269230769230769,0.23076923076923078,6408.0,1.2380952380952381,1.625,0.23076923076923078,0
PRV57594,14,1,13,6300,450.0,4000,1046.4298278505753,14,7,0.8571428571428571,71.5,3.0,0.0,1108.0,1.0,2.0,0.07142857142857142,0
PRV57595,56,0,56,10250,183.03571428571428,3040,440.0451201777015,24,14,1.2857142857142858,73.64285714285714,3.107142857142857,0.0,100.0,2.3333333333333335,4.0,0.0,0
PRV57596,160,0,160,38040,237.75,3300,523.858387412947,75,13,1.075,73.3875,2.9375,0.0,330.0,2.1333333333333333,12.307692307692308,0.0,0
PRV57597,227,0,227,47000,207.04845814977975,2600,398.231280173562,107,13,1.1762114537444934,75.05726872246696,2.563876651982379,0.0,640.0,2.121495327102804,17.46153846153846,0.0,0
PRV57598,23,0,23,2890,125.65217391304348,700,170.50262826437395,23,15,0.6521739130434783,73.56521739130434,2.782608695652174,0.0,100.0,1.0,1.5333333333333334,0.0,0
PRV57599,5,0,5,510,102.0,400,167.69019053003666,5,2,0.0,76.6,2.2,0.0,0.0,1.0,2.5,0.0,0
PRV57600,51,9,42,75000,1470.5882352941176,11000,2735.768566063077,46,15,1.5098039215686274,71.96078431372548,3.2549019607843137,0.058823529411764705,8624.0,1.108695652173913,3.4,0.17647058823529413,0
PRV57601,62,0,62,21020,339.03225806451616,6300,907.6518247697916,48,10,1.6774193548387097,74.91935483870968,2.7903225806451615,0.0,70.0,1.2916666666666667,6.2,0.0,0
PRV57602,38,0,38,8970,236.05263157894737,2200,413.66875032190626,30,7,1.368421052631579,68.36842105263158,2.763157894736842,0.0,320.0,1.2666666666666666,5.428571428571429,0.0,0
PRV57603,169,0,169,49340,291.9526627218935,6070,712.865844343491,76,12,0.6331360946745562,74.88757396449704,2.562130177514793,0.0,200.0,2.223684210526316,14.083333333333334,0.0,0
PRV57605,134,0,134,35590,265.5970149253731,5000,610.398010415206,91,25,1.462686567164179,71.88059701492537,2.574626865671642,0.0,170.0,1.4725274725274726,5.36,0.0,0
PRV57609,2,0,2,3000,1500.0,2100,848.5281374238571,2,2,7.0,72.5,3.5,0.0,0.0,1.0,1.0,0.0,0
PRV57610,32,0,32,7500,234.375,1800,432.30766747171936,16,7,0.71875,72.90625,3.34375,0.0,150.0,2.0,4.571428571428571,0.0,0
PRV57611,134,0,134,38520,287.46268656716416,3300,607.7713343337614,74,13,0.746268656716418,73.52985074626865,3.0074626865671643,0.014925373134328358,140.0,1.8108108108108107,10.307692307692308,0.0,0
PRV57612,6,3,3,31490,5248.333333333333,13000,5896.067898749698,6,4,8.5,79.5,5.0,0.0,3204.0,1.0,1.5,0.5,0
PRV57613,2,0,2,250,125.0,200,106.06601717798213,2,1,0.0,80.5,2.5,0.0,0.0,1.0,2.0,0.0,0
PRV57614,4,0,4,1700,425.0,1500,717.2400806796378,2,2,0.0,63.75,4.5,0.0,0.0,2.0,2.0,0.0,0
PRV57615,2,0,2,110,55.0,70,21.213203435596427,2,2,0.0,79.5,2.0,0.0,0.0,1.0,1.0,0.0,0
PRV57616,7,0,7,640,91.42857142857143,300,96.33769968684317,7,1,1.0,61.857142857142854,1.8571428571428572,0.0,0.0,1.0,7.0,0.0,0
PRV57617,3,0,3,130,43.333333333333336,60,28.867513459481287,3,2,6.666666666666667,73.0,4.666666666666667,0.0,0.0,1.0,1.5,0.0,0
PRV57618,220,0,220,55280,251.27272727272728,4070,566.304384473409,95,2,1.0818181818181818,73.82272727272728,2.6272727272727274,0.0,420.0,2.3157894736842106,110.0,0.0,0
PRV57619,21,0,21,2520,120.0,1100,233.30237889914451,18,2,2.0,77.42857142857143,2.3333333333333335,0.0,60.0,1.1666666666666667,10.5,0.0,0
PRV57623,4,0,4,940,235.0,600,251.06440076867398,4,1,0.0,64.5,2.0,0.0,0.0,1.0,4.0,0.0,0
PRV57624,41,0,41,6930,169.02439024390245,800,223.63815504122707,26,2,0.975609756097561,73.8780487804878,2.3902439024390243,0.0,70.0,1.5769230769230769,20.5,0.0,0
PRV57625,44,0,44,7340,166.8181818181818,1300,249.72331412029192,21,1,2.6363636363636362,74.56818181818181,2.6136363636363638,0.0,230.0,2.0952380952380953,44.0,0.0,0
PRV57626,6,0,6,900,150.0,400,160.74825037928096,6,2,0.0,71.16666666666667,3.0,0.0,70.0,1.0,3.0,0.0,0
PRV57627,28,0,28,10360,370.0,3300,751.1916459126053,28,1,0.14285714285714285,74.35714285714286,2.1785714285714284,0.0,130.0,1.0,28.0,0.0,0
PRV57629,10,10,0,122300,12230.0,32000,12148.895697414915,9,1,5.9,72.3,7.5,0.5,9612.0,1.1111111111111112,10.0,1.0,0
PRV57630,8,8,0,52000,6500.0,14000,3779.6447300922723,8,1,6.875,78.0,8.125,0.375,8544.0,1.0,8.0,1.0,0
PRV57631,18,18,0,227000,12611.111111111111,34000,9744.614735322752,17,1,5.388888888888889,73.77777777777777,8.11111111111111,0.8888888888888888,18156.0,1.0588235294117647,18.0,1.0,1
PRV57632,1,1,0,6000,6000.0,6000,0.0,1,1,2.0,88.0,7.0,2.0,1068.0,1.0,1.0,1.0,0
PRV57633,4,4,0,31000,7750.0,14000,5188.127472091127,3,1,11.25,83.5,6.5,1.25,4272.0,1.3333333333333333,4.0,1.0,0
PRV57634,8,8,0,58000,7250.0,21000,5849.297882163783,8,3,4.25,74.25,7.75,0.5,8544.0,1.0,2.6666666666666665,1.0,0
PRV57635,18,18,0,275000,15277.777777777777,77000,19999.428096398322,16,2,4.388888888888889,73.44444444444444,6.944444444444445,0.5555555555555556,19224.0,1.125,9.0,1.0,0
PRV57636,5,5,0,28000,5600.0,9000,3209.3613071762425,5,3,4.2,75.2,7.8,0.2,5340.0,1.0,1.6666666666666667,1.0,0
PRV57638,9,9,0,72400,8044.444444444444,17000,5405.347146833196,8,3,4.444444444444445,70.77777777777777,7.777777777777778,0.7777777777777778,9612.0,1.125,3.0,1.0,0
PRV57639,17,0,17,4890,287.6470588235294,2400,564.8952271413335,14,3,2.235294117647059,74.0,3.176470588235294,0.0,0.0,1.2142857142857142,5.666666666666667,0.0,0
PRV57640,15,5,10,48130,3208.6666666666665,15000,5130.105633368948,14,11,4.533333333333333,72.6,4.266666666666667,0.13333333333333333,5340.0,1.0714285714285714,1.3636363636363635,0.3333333333333333,0
PRV57641,61,3,58,29470,483.11475409836066,10000,1520.3558146955893,25,17,2.5081967213114753,73.65573770491804,2.7868852459016393,0.04918032786885246,3344.0,2.44,3.588235294117647,0.04918032786885246,0
PRV57642,220,23,197,321470,1461.2272727272727,57000,5781.827525718172,108,47,1.5136363636363637,72.95454545454545,3.0954545454545452,0.09545454545454546,25264.0,2.037037037037037,4.680851063829787,0.10454545454545454,1
PRV57643,109,7,102,78870,723.5779816513761,12000,2047.897079904426,31,11,1.724770642201835,71.04587155963303,3.110091743119266,0.027522935779816515,7896.0,3.5161290322580645,9.909090909090908,0.06422018348623854,0
PRV57645,6,0,6,390,65.0,100,39.87480407475377,6,6,0.0,69.16666666666667,1.3333333333333333,0.0,0.0,1.0,1.0,0.0,0
PRV57646,25,0,25,8570,342.8,3300,672.1019267938457,11,7,0.68,67.76,2.88,0.0,220.0,2.272727272727273,3.5714285714285716,0.0,0
PRV57647,46,0,46,8530,185.43478260869566,2300,381.0086410320149,16,19,0.43478260869565216,73.58695652173913,2.347826086956522,0.0,140.0,2.875,2.4210526315789473,0.0,0
PRV57650,36,1,35,14210,394.72222222222223,3300,774.4287705366587,10,3,1.1666666666666667,68.33333333333333,2.5277777777777777,0.027777777777777776,1168.0,3.6,12.0,0.027777777777777776,0
PRV57651,22,0,22,3180,144.54545454545453,700,160.0811482529221,14,7,0.22727272727272727,76.13636363636364,2.3181818181818183,0.0,80.0,1.5714285714285714,3.142857142857143,0.0,0
PRV57652,15,0,15,4900,326.6666666666667,3300,841.382082958634,6,4,2.1333333333333333,55.0,3.0,0.0,40.0,2.5,3.75,0.0,0
PRV57653,82,0,82,15920,194.14634146341464,2500,403.7599556377196,46,13,1.5609756097560976,75.53658536585365,2.524390243902439,0.0,90.0,1.7826086956521738,6.3076923076923075,0.0,0
PRV57654,72,0,72,16670,231.52777777777777,2300,474.2277925401751,24,9,1.2222222222222223,74.19444444444444,2.513888888888889,0.0,200.0,3.0,8.0,0.0,0
PRV57655,1,0,1,400,400.0,400,0.0,1,1,0.0,70.0,2.0,0.0,0.0,1.0,1.0,0.0,0
PRV57657,54,0,54,15930,295.0,3300,748.1719860798833,20,9,1.1666666666666667,70.85185185185185,2.7222222222222223,0.0,80.0,2.7,6.0,0.0,0
PRV57658,51,0,51,16170,317.05882352941177,2300,556.0622055764877,37,5,1.7647058823529411,73.23529411764706,2.2745098039215685,0.0,0.0,1.3783783783783783,10.2,0.0,0
PRV57659,1,0,1,20,20.0,20,0.0,1,1,0.0,85.0,3.0,0.0,0.0,1.0,1.0,0.0,0
PRV57660,6,0,6,2420,403.3333333333333,1800,690.5553320818447,5,1,0.6666666666666666,68.5,2.3333333333333335,0.0,0.0,1.2,6.0,0.0,0
PRV57662,3,0,3,2460,820.0,2300,1281.8736287169652,3,3,0.0,73.33333333333333,2.6666666666666665,0.0,0.0,1.0,1.0,0.0,0
PRV57663,3,0,3,410,136.66666666666666,400,228.10816147900832,3,1,1.3333333333333333,73.66666666666667,3.6666666666666665,0.0,0.0,1.0,3.0,0.0,0
PRV57667,3,3,0,20000,6666.666666666667,14000,6350.852961085883,2,1,11.0,76.66666666666667,9.0,0.6666666666666666,3204.0,1.5,3.0,1.0,1
PRV57668,23,0,23,6570,285.6521739130435,2100,547.0568034903316,19,2,0.8695652173913043,66.73913043478261,2.5652173913043477,0.0,70.0,1.2105263157894737,11.5,0.0,0
PRV57669,3,0,3,250,83.33333333333333,100,28.867513459481287,3,1,0.0,65.33333333333333,5.0,0.0,0.0,1.0,3.0,0.0,0
PRV57670,1,0,1,20,20.0,20,0.0,1,1,0.0,67.0,5.0,0.0,0.0,1.0,1.0,0.0,0
PRV57671,6,0,6,730,121.66666666666667,500,186.0555472612055,6,1,0.0,72.83333333333333,2.1666666666666665,0.0,0.0,1.0,6.0,0.0,0
PRV57672,425,0,425,118190,278.09411764705885,3700,574.9067935845394,342,1,1.2423529411764707,74.54117647058824,2.6705882352941175,0.0,1850.0,1.2426900584795322,425.0,0.0,1
PRV57673,217,0,217,51690,238.20276497695852,3300,488.25558291900643,125,1,0.8986175115207373,72.12903225806451,2.456221198156682,0.0,450.0,1.736,217.0,0.0,0
PRV57674,413,0,413,133220,322.5665859564165,3500,661.2276744242346,158,3,1.4043583535108959,73.79418886198548,2.668280871670702,0.0,860.0,2.6139240506329116,137.66666666666666,0.0,0
PRV57675,3,0,3,1650,550.0,1500,822.7393268830657,3,1,0.0,65.33333333333333,2.6666666666666665,0.0,100.0,1.0,3.0,0.0,0
PRV57676,15,0,15,3180,212.0,1200,351.08403552426023,15,5,3.066666666666667,75.46666666666667,2.6666666666666665,0.0,0.0,1.0,3.0,0.0,0
PRV57677,226,0,226,73900,326.9911504424779,3300,619.1928580635381,206,1,1.1150442477876106,73.71238938053098,2.6194690265486726,0.004424778761061947,620.0,1.0970873786407767,226.0,0.0,0
PRV57678,9,0,9,3970,441.1111111111111,3100,1002.5148932116226,9,2,0.1111111111111111,74.66666666666667,3.888888888888889,0.0,0.0,1.0,4.5,0.0,0
PRV57679,1,0,1,400,400.0,400,0.0,1,1,0.0,76.0,9.0,0.0,0.0,1.0,1.0,0.0,0
PRV57680,19,0,19,9360,492.63157894736844,4300,1055.2558515737792,18,2,2.263157894736842,71.3157894736842,3.1052631578947367,0.0,50.0,1.0555555555555556,9.5,0.0,0
PRV57682,3,0,3,3100,1033.3333333333333,2900,1619.670748434179,3,2,6.666666666666667,64.0,3.0,0.0,0.0,1.0,1.5,0.0,0
PRV57683,15,0,15,7150,476.6666666666667,3300,1016.6518343960986,14,2,1.4666666666666666,73.33333333333333,2.6,0.0,0.0,1.0714285714285714,7.5,0.0,0
PRV57684,65,0,65,21110,324.7692307692308,3300,737.379455598311,58,1,0.47692307692307695,70.70769230769231,2.3076923076923075,0.015384615384615385,180.0,1.1206896551724137,65.0,0.0,0
PRV57686,23,0,23,9110,396.0869565217391,2800,721.9338872427359,22,1,0.8695652173913043,74.82608695652173,2.1739130434782608,0.0,150.0,1.0454545454545454,23.0,0.0,0
PRV57687,6,0,6,1080,180.0,400,120.0,6,1,0.0,65.33333333333333,2.0,0.0,70.0,1.0,6.0,0.0,0
PRV57688,12,0,12,4230,352.5,3000,849.5359695953807,12,1,2.6666666666666665,74.41666666666667,2.4166666666666665,0.0,140.0,1.0,12.0,0.0,0
PRV57689,53,0,53,15380,290.188679245283,3300,560.4685216098488,41,5,1.5660377358490567,73.94339622641509,2.8867924528301887,0.0,200.0,1.2926829268292683,10.6,0.0,0
PRV57690,4,0,4,4480,1120.0,2600,1289.5477243333546,3,2,0.0,68.5,1.5,0.0,0.0,1.3333333333333333,2.0,0.0,0
PRV57691,51,0,51,11990,235.09803921568627,3000,508.10775451283797,20,3,0.49019607843137253,77.86274509803921,2.5098039215686274,0.0,20.0,2.55,17.0,0.0,0
PRV57692,2,0,2,450,225.0,400,247.48737341529164,2,2,0.0,75.0,3.0,0.0,0.0,1.0,1.0,0.0,0
PRV57693,133,0,133,41250,310.1503759398496,3300,600.196918396063,117,1,1.6466165413533835,74.7218045112782,2.6766917293233083,0.0,340.0,1.1367521367521367,133.0,0.0,0
PRV57694,18,0,18,3150,175.0,1600,371.3290913968996,18,2,1.3333333333333333,76.0,2.2777777777777777,0.0,50.0,1.0,9.0,0.0,0
PRV57696,3,0,3,100,33.333333333333336,60,25.166114784235834,3,3,0.0,77.66666666666667,1.0,0.0,0.0,1.0,1.0,0.0,0
PRV57697,66,48,18,507650,7691.666666666667,75000,11029.445286746444,60,17,4.03030303030303,72.46969696969697,6.46969696969697,0.45454545454545453,50266.0,1.1,3.8823529411764706,0.7272727272727273,1
PRV57699,3,3,0,26000,8666.666666666666,10000,1527.5252316519468,3,1,8.0,66.66666666666667,9.666666666666666,1.3333333333333333,3204.0,1.0,3.0,1.0,0
PRV57700,1,0,1,60,60.0,60,0.0,1,1,0.0,83.0,1.0,0.0,0.0,1.0,1.0,0.0,0
PRV57701,4,0,4,620,155.0,400,186.27936010197158,4,4,0.0,72.75,1.75,0.0,0.0,1.0,1.0,0.0,0
PRV57702,15,7,8,80830,5388.666666666667,46000,11976.130347288228,13,9,6.133333333333334,68.73333333333333,5.933333333333334,0.6,7476.0,1.1538461538461537,1.6666666666666667,0.4666666666666667,0
PRV57704,7,3,4,26770,3824.285714285714,14000,5169.100041409069,7,5,3.5714285714285716,78.28571428571429,4.285714285714286,0.2857142857142857,3204.0,1.0,1.4,0.42857142857142855,0
PRV57705,2,0,2,400,200.0,300,141.4213562373095,2,2,0.0,55.5,5.5,0.0,0.0,1.0,1.0,0.0,0
PRV57706,5,0,5,3040,608.0,2000,808.0037128627565,5,4,4.0,67.0,4.0,0.0,0.0,1.0,1.25,0.0,0
PRV57707,2,0,2,70,35.0,70,49.49747468305833,2,2,0.0,74.0,1.0,0.0,0.0,1.0,1.0,0.0,0
PRV57709,217,30,187,441530,2034.700460829493,57000,6748.894287190731,170,27,2.6451612903225805,72.34562211981567,3.5990783410138247,0.08294930875576037,31502.0,1.276470588235294,8.037037037037036,0.1382488479262673,1
PRV57710,409,0,409,111150,271.76039119804403,3300,574.9904784342456,336,11,1.6772616136919316,72.75550122249389,2.552567237163814,0.0,620.0,1.2172619047619047,37.18181818181818,0.0,0
PRV57711,23,19,4,156000,6782.608695652174,28000,6227.552574422289,23,8,6.086956521739131,72.78260869565217,6.304347826086956,0.43478260869565216,20292.0,1.0,2.875,0.8260869565217391,0
PRV57712,9,2,7,11770,1307.7777777777778,6000,2391.5255475207546,9,6,0.8888888888888888,69.66666666666667,3.2222222222222223,0.1111111111111111,2216.0,1.0,1.5,0.2222222222222222,0
PRV57714,4,0,4,480,120.0,200,95.56847457887635,4,4,5.0,80.5,2.75,0.0,50.0,1.0,1.0,0.0,0
PRV57715,860,42,818,688200,800.2325581395348,57000,3289.9479233219477,387,70,1.486046511627907,73.59302325581395,2.925581395348837,0.05116279069767442,45868.0,2.2222222222222223,12.285714285714286,0.04883720930232558,0
PRV57716,11,0,11,3540,321.8181818181818,2500,725.504213382916,11,7,5.7272727272727275,71.18181818181819,3.090909090909091,0.0,140.0,1.0,1.5714285714285714,0.0,0
PRV57717,114,15,99,197830,1735.3508771929824,41000,5752.24776070837,86,13,2.263157894736842,72.01754385964912,3.0789473684210527,0.08771929824561403,15172.0,1.3255813953488371,8.76923076923077,0.13157894736842105,0
PRV57718,161,0,161,58290,362.0496894409938,3300,673.4705988501114,61,17,1.8012422360248448,72.6024844720497,2.701863354037267,0.0,650.0,2.639344262295082,9.470588235294118,0.0,0
PRV57719,23,4,19,78830,3427.391304347826,57000,11877.924603455584,23,19,2.8260869565217392,71.08695652173913,3.4347826086956523,0.13043478260869565,4422.0,1.0,1.2105263157894737,0.17391304347826086,0
PRV57720,14,0,14,4670,333.57142857142856,1900,605.0252015457658,14,11,1.0,67.07142857142857,2.642857142857143,0.0,200.0,1.0,1.2727272727272727,0.0,0
PRV57721,3,0,3,230,76.66666666666667,200,106.92676621563626,3,2,0.0,76.0,1.6666666666666667,0.0,0.0,1.0,1.5,0.0,0
PRV57722,34,0,34,7490,220.2941176470588,1400,297.9270329024312,32,20,0.6176470588235294,72.1470588235294,2.7941176470588234,0.0,0.0,1.0625,1.7,0.0,0
PRV57723,20,0,20,2590,129.5,1300,284.6692448217201,19,13,0.0,71.25,2.65,0.0,0.0,1.0526315789473684,1.5384615384615385,0.0,0
PRV57724,2,0,2,80,40.0,50,14.142135623730951,2,1,0.0,74.5,1.5,0.0,0.0,1.0,2.0,0.0,0
PRV57725,7,0,7,1740,248.57142857142858,800,314.29437217511924,6,6,0.0,77.28571428571429,1.7142857142857142,0.0,0.0,1.1666666666666667,1.1666666666666667,0.0,0
PRV57727,16,0,16,2670,166.875,900,231.2493243233372,16,13,0.0,74.6875,2.5625,0.0,0.0,1.0,1.2307692307692308,0.0,0
PRV57728,4,1,3,7310,1827.5,6000,2813.554987318831,4,4,6.0,76.5,3.0,0.0,1068.0,1.0,1.0,0.25,0
PRV57729,23,11,12,114300,4969.565217391304,24000,6816.747743783068,22,19,2.739130434782609,72.1304347826087,5.391304347826087,0.2608695652173913,11748.0,1.0454545454545454,1.2105263157894737,0.4782608695652174,0
PRV57730,40,0,40,8720,218.0,1600,387.8090992175111,23,10,0.675,71.4,3.2,0.0,80.0,1.7391304347826086,4.0,0.0,0
PRV57731,2,0,2,150,75.0,90,21.213203435596427,2,1,0.0,81.5,1.0,0.0,0.0,1.0,2.0,0.0,0
PRV57732,50,11,39,88140,1762.8,17000,3530.35989377738,46,18,1.6,73.38,3.68,0.18,11858.0,1.0869565217391304,2.7777777777777777,0.22,0
PRV57733,45,0,45,12480,277.3333333333333,2200,475.3582381167434,25,3,1.2,75.24444444444444,2.3555555555555556,0.0,100.0,1.8,15.0,0.0,0
PRV57734,19,0,19,11010,579.4736842105264,3300,976.4930089310562,19,1,3.1578947368421053,72.57894736842105,2.8947368421052633,0.0,140.0,1.0,19.0,0.0,0
PRV57735,6,0,6,780,130.0,500,184.71599822430107,6,1,2.3333333333333335,76.66666666666667,2.6666666666666665,0.0,70.0,1.0,6.0,0.0,0
PRV57736,12,0,12,2990,249.16666666666666,1000,322.897628959828,12,1,1.6666666666666667,75.66666666666667,2.75,0.0,60.0,1.0,12.0,0.0,0
PRV57737,2,0,2,130,65.0,100,49.49747468305833,2,1,0.0,83.5,3.5,0.0,0.0,1.0,2.0,0.0,0
PRV57738,1,0,1,10,10.0,10,0.0,1,1,0.0,71.0,2.0,0.0,0.0,1.0,1.0,0.0,0
PRV57739,11,0,11,7020,638.1818181818181,3300,1140.770074833822,10,1,3.272727272727273,71.63636363636364,2.090909090909091,0.0,60.0,1.1,11.0,0.0,0
PRV57740,12,0,12,5500,458.3333333333333,2500,796.9126030937753,12,3,7.25,71.91666666666667,3.3333333333333335,0.0,0.0,1.0,4.0,0.0,0
PRV57741,15,0,15,2290,152.66666666666666,1100,269.7476775132819,14,2,1.0666666666666667,73.4,2.6666666666666665,0.0,70.0,1.0714285714285714,7.5,0.0,0
PRV57742,8,0,8,340,42.5,90,22.519832529192065,8,5,0.375,75.125,2.375,0.0,0.0,1.0,1.6,0.0,0
PRV57743,8,0,8,4350,543.75,2200,715.5405049930537,8,1,1.625,78.75,2.375,0.0,60.0,1.0,8.0,0.0,0
PRV57744,19,0,19,8510,447.89473684210526,2200,599.338329116817,17,2,2.3157894736842106,71.0,3.736842105263158,0.0,50.0,1.1176470588235294,9.5,0.0,0
PRV57746,42,0,42,6100,145.23809523809524,1000,227.06223596441887,41,1,1.5714285714285714,73.71428571428571,2.357142857142857,0.023809523809523808,140.0,1.024390243902439,42.0,0.0,0
PRV57747,2,0,2,110,55.0,100,63.63961030678928,2,1,0.0,79.0,2.5,0.0,0.0,1.0,2.0,0.0,0
PRV57748,45,0,45,16000,355.55555555555554,3300,751.7269679500891,44,2,1.7555555555555555,73.68888888888888,3.088888888888889,0.022222222222222223,240.0,1.0227272727272727,22.5,0.0,0
PRV57751,4,0,4,230,57.5,100,30.956959368344517,4,3,1.0,79.0,2.25,0.0,100.0,1.0,1.3333333333333333,0.0,0
PRV57752,1,0,1,80,80.0,80,0.0,1,1,0.0,50.0,4.0,0.0,0.0,1.0,1.0,0.0,0
PRV57753,1,0,1,80,80.0,80,0.0,1,1,0.0,89.0,1.0,0.0,0.0,1.0,1.0,0.0,0
PRV57754,6,0,6,2070,345.0,1100,425.99295768826977,6,1,0.0,75.33333333333333,2.0,0.0,0.0,1.0,6.0,0.0,0
PRV57755,1,0,1,300,300.0,300,0.0,1,1,0.0,69.0,9.0,0.0,0.0,1.0,1.0,0.0,0
PRV57756,27,0,27,3790,140.37037037037038,800,197.33769341452543,27,3,0.7777777777777778,74.51851851851852,2.5185185185185186,0.0,160.0,1.0,9.0,0.0,0
PRV57757,11,11,0,109000,9909.09090909091,38000,10163.213521859565,11,1,6.2727272727272725,71.81818181818181,7.545454545454546,0.6363636363636364,10680.0,1.0,11.0,1.0,0
PRV57758,2,0,2,110,55.0,100,63.63961030678928,2,1,20.0,64.5,3.5,0.0,0.0,1.0,2.0,0.0,0
PRV57759,28,0,28,10640,380.0,3300,820.8802863051617,24,1,2.142857142857143,73.42857142857143,2.0714285714285716,0.0,130.0,1.1666666666666667,28.0,0.0,0
PRV57760,22,0,22,4770,216.8181818181818,1100,309.99825442882377,9,3,0.3181818181818182,61.09090909090909,2.3636363636363638,0.0,0.0,2.4444444444444446,7.333333333333333,0.0,0
PRV57761,82,0,82,18470,225.2439024390244,2200,418.3660917076763,67,2,1.3902439024390243,71.40243902439025,2.6707317073170733,0.0,370.0,1.2238805970149254,41.0,0.0,0
PRV57762,1,0,1,1900,1900.0,1900,0.0,1,1,0.0,67.0,1.0,0.0,0.0,1.0,1.0,0.0,0
PRV57763,118,0,118,43610,369.5762711864407,3300,676.011927861941,70,1,1.7203389830508475,73.52542372881356,2.5338983050847457,0.0,390.0,1.6857142857142857,118.0,0.0,0
